{
    "total": [
        {
            "id": "100046669746688",
            "count": 13406,
            "lastActive": "12:18:52 || thứ tư"
        },
        {
            "id": "61564175008943",
            "count": 7784,
            "lastActive": "15:14:02 || thứ tư"
        },
        {
            "id": "61577424201058",
            "count": 63
        },
        {
            "id": "61576276104053",
            "count": 1237
        },
        {
            "id": "61573191988401",
            "count": 5
        },
        {
            "id": "61568072357334",
            "count": 479,
            "lastActive": "13:08:33 || thứ tư"
        },
        {
            "id": "61577778976818",
            "count": 68
        },
        {
            "id": "100035629988201",
            "count": 457
        },
        {
            "id": "100075536346410",
            "count": 3637,
            "lastActive": "00:35:22 || thứ tư"
        },
        {
            "id": "61569800922468",
            "count": 16
        },
        {
            "id": "61556220311682",
            "count": 77
        },
        {
            "id": "61574091072393",
            "count": 66
        },
        {
            "id": "61568432079668",
            "count": 84
        },
        {
            "id": "61561494475070",
            "count": 4
        },
        {
            "id": "61581053219049",
            "count": 0
        },
        {
            "id": "61577787117231",
            "count": 191
        },
        {
            "id": "100018277053087",
            "count": 894,
            "lastActive": "21:29:56 || thứ hai"
        },
        {
            "id": "61575094586785",
            "count": 183
        },
        {
            "id": "61580346837694",
            "count": 2958,
            "lastActive": "13:22:01 || thứ tư"
        },
        {
            "id": "61578257714587",
            "count": 49
        },
        {
            "id": "100075840371722",
            "count": 54
        },
        {
            "id": "61580133726299",
            "count": 1
        },
        {
            "id": "100048969469037",
            "count": 1
        },
        {
            "id": "61577774730869",
            "count": 1246,
            "lastActive": "21:32:37 || thứ hai"
        },
        {
            "id": "100091664241823",
            "count": 439
        },
        {
            "id": "61580774971564",
            "count": 1608,
            "lastActive": "17:56:05 || thứ ba"
        },
        {
            "id": "61556144911458",
            "count": 14
        },
        {
            "id": "61574762816375",
            "count": 2
        },
        {
            "id": "61572873308989",
            "count": 0
        },
        {
            "id": "61555872891075",
            "count": 3695,
            "lastActive": "11:16:16 || thứ tư"
        },
        {
            "id": "61551880718057",
            "count": 0
        },
        {
            "id": "61575136943876",
            "count": 1515
        },
        {
            "id": "61559383708715",
            "count": 0
        },
        {
            "id": "100073639420918",
            "count": 47
        },
        {
            "id": "100000895922054",
            "count": 1739
        },
        {
            "id": "61579583828689",
            "count": 10
        },
        {
            "id": "61570342341245",
            "count": 0
        },
        {
            "id": "61578682887398",
            "count": 7
        },
        {
            "id": "61553594782185",
            "count": 166
        },
        {
            "id": "61572900290010",
            "count": 2
        },
        {
            "id": "61579923245203",
            "count": 0
        },
        {
            "id": "61563661259337",
            "count": 460
        },
        {
            "id": "100092742124800",
            "count": 116
        },
        {
            "id": "61555378793835",
            "count": 47
        },
        {
            "id": "61572162820439",
            "count": 37
        },
        {
            "id": "61578942764755",
            "count": 0
        },
        {
            "id": "100081039556527",
            "count": 983,
            "lastActive": "12:55:57 || thứ tư"
        },
        {
            "id": "100095016790032",
            "count": 20
        },
        {
            "id": "61567796717613",
            "count": 137,
            "lastActive": "19:27:22 || thứ hai"
        },
        {
            "id": "61568454217541",
            "count": 41
        },
        {
            "id": "61550113446645",
            "count": 0
        },
        {
            "id": "61564962214382",
            "count": 75,
            "lastActive": "10:32:52 || thứ tư"
        },
        {
            "id": "61552899535110",
            "count": 14
        },
        {
            "id": "61568178128638",
            "count": 118
        },
        {
            "id": "61581421641580",
            "count": 4
        },
        {
            "id": "61559260114955",
            "count": 39
        },
        {
            "id": "61554417527743",
            "count": 0
        },
        {
            "id": "61554572331514",
            "count": 3258,
            "lastActive": "12:04:09 || thứ tư"
        },
        {
            "id": "100074837169413",
            "count": 87
        },
        {
            "id": "100091293500235",
            "count": 12
        },
        {
            "id": "61558739054100",
            "count": 1
        },
        {
            "id": "61581885235523",
            "count": 132
        },
        {
            "id": "61550030184394",
            "count": 184,
            "lastActive": "11:13:58 || thứ tư"
        },
        {
            "id": "100022112778280",
            "count": 8
        },
        {
            "id": "61558391906315",
            "count": 443
        },
        {
            "id": "100089572154704",
            "count": 1429,
            "lastActive": "15:14:44 || thứ tư"
        },
        {
            "id": "61579247205673",
            "count": 3133,
            "lastActive": "15:38:11 || thứ tư"
        },
        {
            "id": "61581957278259",
            "count": 200
        },
        {
            "id": "61580902700574",
            "count": 0
        },
        {
            "id": "100043094071300",
            "count": 8
        },
        {
            "id": "100095257083686",
            "count": 344
        },
        {
            "id": "61565513892177",
            "count": 6
        },
        {
            "id": "61582356713887",
            "count": 2
        },
        {
            "id": "61562042362301",
            "count": 24
        },
        {
            "id": "61577013639078",
            "count": 93,
            "lastActive": "21:33:50 || chủ nhật"
        },
        {
            "id": "61564826645482",
            "count": 57
        },
        {
            "id": "61574469132162",
            "count": 341
        },
        {
            "id": "61564768346131",
            "count": 0
        },
        {
            "id": "61555589202722",
            "count": 21
        },
        {
            "id": "100087879213970",
            "count": 418,
            "lastActive": "22:09:32 || thứ ba"
        },
        {
            "id": "100089450232102",
            "count": 1
        },
        {
            "id": "61579110643810",
            "count": 0
        },
        {
            "id": "61579902620365",
            "count": 0
        },
        {
            "id": "61574963965118",
            "count": 14
        },
        {
            "id": "61574686776946",
            "count": 4
        },
        {
            "id": "100090567123290",
            "count": 136,
            "lastActive": "16:21:16 || thứ ba"
        },
        {
            "id": "100047832720086",
            "count": 0
        },
        {
            "id": "61553604652424",
            "count": 2
        },
        {
            "id": "61561751768415",
            "count": 0
        },
        {
            "id": "61565836319623",
            "count": 255,
            "lastActive": "17:20:17 || thứ ba"
        },
        {
            "id": "61563447017247",
            "count": 9
        },
        {
            "id": "61555324645381",
            "count": 0
        },
        {
            "id": "100092437967075",
            "count": 65,
            "lastActive": "21:11:40 || thứ hai"
        },
        {
            "id": "61557467242362",
            "count": 0
        },
        {
            "id": "61555511031292",
            "count": 0
        },
        {
            "id": "100090471314407",
            "count": 106,
            "lastActive": "10:47:26 || thứ tư"
        },
        {
            "id": "61578380256575",
            "count": 0
        },
        {
            "id": "61574687308151",
            "count": 0
        },
        {
            "id": "100095148601491",
            "count": 0
        },
        {
            "id": "61571571963034",
            "count": 1
        },
        {
            "id": "61558524980288",
            "count": 1668,
            "lastActive": "16:46:56 || thứ tư"
        },
        {
            "id": "61565692478291",
            "count": 0
        },
        {
            "id": "61577285367513",
            "count": 1
        },
        {
            "id": "61578714940569",
            "count": 1
        },
        {
            "id": "61569292053014",
            "count": 0
        },
        {
            "id": "100091542542201",
            "count": 0
        },
        {
            "id": "100076772073995",
            "count": 0
        },
        {
            "id": "100034420390533",
            "count": 42
        },
        {
            "id": "61579683900278",
            "count": 0
        },
        {
            "id": "61575500486776",
            "count": 0
        },
        {
            "id": "61574012180949",
            "count": 236
        },
        {
            "id": "61572426608435",
            "count": 0
        },
        {
            "id": "61551076628575",
            "count": 44
        },
        {
            "id": "61563833938976",
            "count": 6
        },
        {
            "id": "100085941553591",
            "count": 10
        },
        {
            "id": "61571164196701",
            "count": 5
        },
        {
            "id": "61571365827420",
            "count": 0
        },
        {
            "id": "61572548228743",
            "count": 5
        },
        {
            "id": "61580185190173",
            "count": 1
        },
        {
            "id": "100011401948306",
            "count": 23
        },
        {
            "id": "61564112169609",
            "count": 0
        },
        {
            "id": "61576672775821",
            "count": 0
        },
        {
            "id": "61559215768576",
            "count": 3
        },
        {
            "id": "61554043540825",
            "count": 0
        },
        {
            "id": "61552654869058",
            "count": 17,
            "lastActive": "04:37:11 || thứ hai"
        },
        {
            "id": "61582453503072",
            "count": 6
        },
        {
            "id": "100080157715550",
            "count": 33
        },
        {
            "id": "61579103673839",
            "count": 30
        },
        {
            "id": "100073691611872",
            "count": 15,
            "lastActive": "12:53:45 || thứ hai"
        },
        {
            "id": "61571741520345",
            "count": 2
        },
        {
            "id": "61579922387190",
            "count": 197
        },
        {
            "id": "61564849980073",
            "count": 3
        },
        {
            "id": "61563992186532",
            "count": 50,
            "lastActive": "16:42:33 || thứ tư"
        },
        {
            "id": "100082729223214",
            "count": 0
        },
        {
            "id": "100057191616420",
            "count": 1
        },
        {
            "id": "61580594684249",
            "count": 0
        },
        {
            "id": "100092466522013",
            "count": 288,
            "lastActive": "11:13:57 || thứ tư"
        },
        {
            "id": "61582659276606",
            "count": 67
        },
        {
            "id": "61577557131174",
            "count": 1841,
            "lastActive": "16:47:39 || thứ tư"
        },
        {
            "id": "61577612467080",
            "count": 2
        },
        {
            "id": "61577851960860",
            "count": 1
        },
        {
            "id": "61567257070893",
            "count": 1376,
            "lastActive": "05:49:37 || thứ tư"
        },
        {
            "id": "61561901133505",
            "count": 0
        },
        {
            "id": "61580977562724",
            "count": 0
        },
        {
            "id": "100050981287654",
            "count": 51
        },
        {
            "id": "61578715650013",
            "count": 80,
            "lastActive": "11:30:18 || thứ tư"
        },
        {
            "id": "100086958985324",
            "count": 2325,
            "lastActive": "14:19:13 || thứ tư"
        },
        {
            "id": "61580140410627",
            "count": 339,
            "lastActive": "00:12:50 || thứ tư"
        },
        {
            "id": "61577279530149",
            "count": 169,
            "lastActive": "17:14:20 || thứ ba"
        },
        {
            "id": "61579651749068",
            "count": 2
        },
        {
            "id": "61570600446338",
            "count": 6
        },
        {
            "id": "61554974992715",
            "count": 0
        },
        {
            "id": "61575525895440",
            "count": 0
        },
        {
            "id": "61554820151082",
            "count": 199,
            "lastActive": "11:11:03 || thứ tư"
        },
        {
            "id": "61573728451294",
            "count": 660,
            "lastActive": "12:15:23 || thứ tư"
        },
        {
            "id": "100094858951826",
            "count": 13,
            "lastActive": "13:00:47 || thứ tư"
        },
        {
            "id": "61554329421898",
            "count": 219,
            "lastActive": "12:43:07 || thứ tư"
        },
        {
            "id": "100033795726976",
            "count": 2
        },
        {
            "id": "61578776530633",
            "count": 671,
            "lastActive": "15:59:33 || thứ tư"
        },
        {
            "id": "61577358292409",
            "count": 21
        },
        {
            "id": "61579325330361",
            "count": 685,
            "lastActive": "12:44:42 || thứ tư"
        },
        {
            "id": "61580950225176",
            "count": 33,
            "lastActive": "06:03:57 || thứ tư"
        },
        {
            "id": "61556287541009",
            "count": 58,
            "lastActive": "21:49:21 || chủ nhật"
        },
        {
            "id": "61583043886089",
            "count": 0
        },
        {
            "id": "61576840709261",
            "count": 286,
            "lastActive": "10:55:20 || thứ tư"
        }
    ],
    "week": [
        {
            "id": "100046669746688",
            "count": 910,
            "name": "Lee Ká",
            "lastActive": "12:18:52 || thứ tư"
        },
        {
            "id": "61564175008943",
            "count": 236,
            "name": "Tra Myy",
            "lastActive": "15:14:02 || thứ tư"
        },
        {
            "id": "61577424201058",
            "count": 0,
            "name": "Méo Méo"
        },
        {
            "id": "61576276104053",
            "count": 0,
            "name": "阮茶江"
        },
        {
            "id": "61573191988401",
            "count": 0,
            "name": "Duc Minh"
        },
        {
            "id": "61568072357334",
            "count": 10,
            "name": "Enn Hy",
            "lastActive": "13:08:33 || thứ tư"
        },
        {
            "id": "61577778976818",
            "count": 0,
            "name": "Ng Huyềnkk"
        },
        {
            "id": "100035629988201",
            "count": 0,
            "name": "Khanh Đoàn"
        },
        {
            "id": "100075536346410",
            "count": 178,
            "name": "Đậu Xanh",
            "lastActive": "00:35:22 || thứ tư"
        },
        {
            "id": "61569800922468",
            "count": 0,
            "name": "Du Phúc"
        },
        {
            "id": "61556220311682",
            "count": 0,
            "name": "Bảo Trân"
        },
        {
            "id": "61574091072393",
            "count": 0,
            "name": "Hoàng Nhân"
        },
        {
            "id": "61568432079668",
            "count": 0,
            "name": "Tô Vũ Linh"
        },
        {
            "id": "61561494475070",
            "count": 0,
            "name": "Phm KhaAn"
        },
        {
            "id": "61581053219049",
            "count": 0,
            "name": "Minn Chii"
        },
        {
            "id": "61577787117231",
            "count": 0,
            "name": "Tbang"
        },
        {
            "id": "100018277053087",
            "count": 88,
            "name": "Lương Trường Khôi",
            "lastActive": "21:29:56 || thứ hai"
        },
        {
            "id": "61575094586785",
            "count": 0,
            "name": "Nguyễn Duy Hoàng"
        },
        {
            "id": "61580346837694",
            "count": 184,
            "name": "Hyn Lê",
            "lastActive": "13:22:01 || thứ tư"
        },
        {
            "id": "61578257714587",
            "count": 0,
            "name": "Leng Giang Oi Osu"
        },
        {
            "id": "100075840371722",
            "count": 0,
            "name": "Ngọc Vy"
        },
        {
            "id": "61580133726299",
            "count": 0,
            "name": "Nguyễn Giang"
        },
        {
            "id": "100048969469037",
            "count": 0,
            "name": "Nhàm Nhắm Nhô"
        },
        {
            "id": "61577774730869",
            "count": 328,
            "name": "Hoàng Đz",
            "lastActive": "21:32:37 || thứ hai"
        },
        {
            "id": "100091664241823",
            "count": 0,
            "name": "Mĩ Tâm"
        },
        {
            "id": "61580774971564",
            "count": 148,
            "name": "Leo Ctee",
            "lastActive": "17:56:05 || thứ ba"
        },
        {
            "id": "61556144911458",
            "count": 0,
            "name": "Minh Ng"
        },
        {
            "id": "61574762816375",
            "count": 0,
            "name": "Lê Hiếu"
        },
        {
            "id": "61572873308989",
            "count": 0,
            "name": "Thanh Phuc Đoàn Nguyen"
        },
        {
            "id": "61555872891075",
            "count": 160,
            "name": "Dương Thanh",
            "lastActive": "11:16:16 || thứ tư"
        },
        {
            "id": "61551880718057",
            "count": 0,
            "name": "Nước Cam"
        },
        {
            "id": "61575136943876",
            "count": 0,
            "name": "Vợ Anh Gray"
        },
        {
            "id": "61559383708715",
            "count": 0,
            "name": "Ngọc Duy"
        },
        {
            "id": "100073639420918",
            "count": 0,
            "name": "Ng Van Hungg 💤"
        },
        {
            "id": "100000895922054",
            "count": 0,
            "name": "Ng Van Hungg 🌸"
        },
        {
            "id": "61579583828689",
            "count": 0,
            "name": "Khinàocubecólồn Thìđổitên"
        },
        {
            "id": "61570342341245",
            "count": 0,
            "name": "Ng Lam"
        },
        {
            "id": "61578682887398",
            "count": 0,
            "name": "Anhh Cte"
        },
        {
            "id": "61553594782185",
            "count": 0,
            "name": "Kaelen Tybur"
        },
        {
            "id": "61572900290010",
            "count": 0,
            "name": "V Khanh Ngoc"
        },
        {
            "id": "61579923245203",
            "count": 0,
            "name": "Hoàng Minh"
        },
        {
            "id": "61563661259337",
            "count": 0,
            "name": "Phan Anh"
        },
        {
            "id": "100092742124800",
            "count": 0,
            "name": "Khanh Ngoc"
        },
        {
            "id": "61555378793835",
            "count": 0,
            "name": "Hoang Anh Phạm"
        },
        {
            "id": "61572162820439",
            "count": 0,
            "name": "Nguyễn Thảo"
        },
        {
            "id": "61578942764755",
            "count": 0,
            "name": "Nhật Hạ"
        },
        {
            "id": "100081039556527",
            "count": 18,
            "name": "Đặng Nguyễn Kim Anh",
            "lastActive": "12:55:57 || thứ tư"
        },
        {
            "id": "100095016790032",
            "count": 0,
            "name": "Alie Nek"
        },
        {
            "id": "61567796717613",
            "count": 2,
            "name": "Minh Anhh",
            "lastActive": "19:27:22 || thứ hai"
        },
        {
            "id": "61568454217541",
            "count": 0,
            "name": "Minh Hoàng"
        },
        {
            "id": "61550113446645",
            "count": 0,
            "name": "Thuy Trang"
        },
        {
            "id": "61564962214382",
            "count": 2,
            "name": "Trần Uyên",
            "lastActive": "10:32:52 || thứ tư"
        },
        {
            "id": "61552899535110",
            "count": 0,
            "name": "Đình Xuân Huy"
        },
        {
            "id": "61568178128638",
            "count": 0,
            "name": "Kim Xuyến"
        },
        {
            "id": "61581421641580",
            "count": 0,
            "name": "Người dùng Facebook"
        },
        {
            "id": "61559260114955",
            "count": 0,
            "name": "Tran Thanh Lamm"
        },
        {
            "id": "61554417527743",
            "count": 0,
            "name": "Van Vann"
        },
        {
            "id": "61554572331514",
            "count": 272,
            "name": "Cà Chuaa",
            "lastActive": "12:04:09 || thứ tư"
        },
        {
            "id": "100074837169413",
            "count": 0,
            "name": "Hoàng Phúc"
        },
        {
            "id": "100091293500235",
            "count": 0,
            "name": "Bo Dzaii"
        },
        {
            "id": "61558739054100",
            "count": 0,
            "name": "Hoang Khanh"
        },
        {
            "id": "61581885235523",
            "count": 0,
            "name": "Người dùng Facebook"
        },
        {
            "id": "61550030184394",
            "count": 77,
            "name": "️️️️️️️️️️️️️️️️️️️️️️️️️️️️️️️️️️️️️️️️️️️️️️️️️️️️️️️️️️️️️️️️️️️️️️️️️️️️️️️️️️️️️️️️️️️️️️️️️️️️️️️️️️️️️️️️️️️️️️️️️️️️️️️️️️️️️️️️️️️️️️️️️️️️️️️️️️️️️️️️️️️️️️️️️️ ",
            "lastActive": "11:13:58 || thứ tư"
        },
        {
            "id": "100022112778280",
            "count": 0,
            "name": "Bin Bin"
        },
        {
            "id": "61558391906315",
            "count": 0,
            "name": "Viet Anh"
        },
        {
            "id": "100089572154704",
            "count": 456,
            "name": "Makino Neko",
            "lastActive": "15:14:44 || thứ tư"
        },
        {
            "id": "61579247205673",
            "count": 56,
            "name": "Gray Fullbuster",
            "lastActive": "15:38:11 || thứ tư"
        },
        {
            "id": "61581957278259",
            "count": 0,
            "name": "Bin Nhỏ"
        },
        {
            "id": "61580902700574",
            "count": 0,
            "name": "Người dùng Facebook"
        },
        {
            "id": "100043094071300",
            "count": 0,
            "name": "Phong Thuỷ"
        },
        {
            "id": "100095257083686",
            "count": 0,
            "name": "Bối Bối"
        },
        {
            "id": "61565513892177",
            "count": 0,
            "name": "Minh Quyết"
        },
        {
            "id": "61582356713887",
            "count": 0,
            "name": "Người dùng Facebook"
        },
        {
            "id": "61562042362301",
            "count": 0,
            "name": "Ah EL Anh Hieu"
        },
        {
            "id": "61577013639078",
            "count": 0,
            "name": "Meo Cte",
            "lastActive": "21:33:50 || chủ nhật"
        },
        {
            "id": "61564826645482",
            "count": 0,
            "name": "Hà Vy"
        },
        {
            "id": "61574469132162",
            "count": 0,
            "name": "Leon nà"
        },
        {
            "id": "61564768346131",
            "count": 0,
            "name": "Anhh Maii"
        },
        {
            "id": "61555589202722",
            "count": 0,
            "name": "Uyen Chi"
        },
        {
            "id": "100087879213970",
            "count": 18,
            "name": "Suân Tú",
            "lastActive": "22:09:32 || thứ ba"
        },
        {
            "id": "100089450232102",
            "count": 0,
            "name": "Nguyễn Phương Đoan"
        },
        {
            "id": "61579110643810",
            "count": 0,
            "name": "Nguyễn Uyên"
        },
        {
            "id": "61579902620365",
            "count": 0,
            "name": "miYunnell "
        },
        {
            "id": "61574963965118",
            "count": 0,
            "name": "Bui Tieu Phụng"
        },
        {
            "id": "61574686776946",
            "count": 0,
            "name": "Lan Mai"
        },
        {
            "id": "100090567123290",
            "count": 4,
            "name": "Kẻ Điên",
            "lastActive": "16:21:16 || thứ ba"
        },
        {
            "id": "100047832720086",
            "count": 0,
            "name": "Ắc Kỷ"
        },
        {
            "id": "61553604652424",
            "count": 0,
            "name": "Bao Tran"
        },
        {
            "id": "61561751768415",
            "count": 0,
            "name": "Hi"
        },
        {
            "id": "61565836319623",
            "count": 4,
            "name": "Ly Cte",
            "lastActive": "17:20:17 || thứ ba"
        },
        {
            "id": "61563447017247",
            "count": 0,
            "name": "Mie Là Tui"
        },
        {
            "id": "61555324645381",
            "count": 0,
            "name": "Zra Karina"
        },
        {
            "id": "100092437967075",
            "count": 2,
            "name": "Yến Võ",
            "lastActive": "21:11:40 || thứ hai"
        },
        {
            "id": "61557467242362",
            "count": 0,
            "name": "PaimOn"
        },
        {
            "id": "61555511031292",
            "count": 0,
            "name": "G Han Nguyen"
        },
        {
            "id": "100090471314407",
            "count": 22,
            "name": "Vương Vũ",
            "lastActive": "10:47:26 || thứ tư"
        },
        {
            "id": "61578380256575",
            "count": 0,
            "name": "Cursh William"
        },
        {
            "id": "61574687308151",
            "count": 0,
            "name": "Hoanq Wip"
        },
        {
            "id": "100095148601491",
            "count": 0,
            "name": "MT ĐKtp"
        },
        {
            "id": "61571571963034",
            "count": 0,
            "name": "Hann Ng"
        },
        {
            "id": "61558524980288",
            "count": 44,
            "name": "Ken Mizakip",
            "lastActive": "16:46:56 || thứ tư"
        },
        {
            "id": "61565692478291",
            "count": 0,
            "name": "Lynh Khanh"
        },
        {
            "id": "61577285367513",
            "count": 0,
            "name": "Nhin Cailon"
        },
        {
            "id": "61578714940569",
            "count": 0,
            "name": "Nguyễn Thảo"
        },
        {
            "id": "61569292053014",
            "count": 0,
            "name": "Như Bùi"
        },
        {
            "id": "100091542542201",
            "count": 0,
            "name": "Như Bùi"
        },
        {
            "id": "100076772073995",
            "count": 0,
            "name": "Su Su"
        },
        {
            "id": "100034420390533",
            "count": 0,
            "name": "Thuy Trang"
        },
        {
            "id": "61579683900278",
            "count": 0,
            "name": "Hị Hị"
        },
        {
            "id": "61575500486776",
            "count": 0,
            "name": "Jeon Jungkook"
        },
        {
            "id": "61574012180949",
            "count": 0,
            "name": "Kitkat Dayy"
        },
        {
            "id": "61572426608435",
            "count": 0,
            "name": "An Phú"
        },
        {
            "id": "61551076628575",
            "count": 0,
            "name": "Fuji Karen"
        },
        {
            "id": "61563833938976",
            "count": 0,
            "name": "Gia Linh"
        },
        {
            "id": "100085941553591",
            "count": 0,
            "name": "Minh Khải"
        },
        {
            "id": "61571164196701",
            "count": 0,
            "name": "Nguyễn Hoàng Anh Tuan"
        },
        {
            "id": "61571365827420",
            "count": 0,
            "name": "Рис Держать"
        },
        {
            "id": "61572548228743",
            "count": 0,
            "name": "Mua Thu Ha Noi"
        },
        {
            "id": "61580185190173",
            "count": 0,
            "name": "Nomusic Bigpromble"
        },
        {
            "id": "100011401948306",
            "count": 0,
            "name": "Quy Huynhphu"
        },
        {
            "id": "61564112169609",
            "count": 0,
            "name": "Phan Nguyên"
        },
        {
            "id": "61576672775821",
            "count": 0,
            "name": "Trần Gia Huy"
        },
        {
            "id": "61559215768576",
            "count": 0,
            "name": "Mai Phuongg"
        },
        {
            "id": "61554043540825",
            "count": 0,
            "name": "Кислый Мясо"
        },
        {
            "id": "61552654869058",
            "count": 4,
            "name": "Le Quyen",
            "lastActive": "04:37:11 || thứ hai"
        },
        {
            "id": "61582453503072",
            "count": 0,
            "name": "Lục Tử Thiên"
        },
        {
            "id": "100080157715550",
            "count": 0,
            "name": "Châu Anh Nguyen Thad"
        },
        {
            "id": "61579103673839",
            "count": 0,
            "name": "Phạm Minh Hùng"
        },
        {
            "id": "100073691611872",
            "count": 2,
            "name": "Hoàng Vân",
            "lastActive": "12:53:45 || thứ hai"
        },
        {
            "id": "61571741520345",
            "count": 0,
            "name": "Nguyễn Phương"
        },
        {
            "id": "61579922387190",
            "count": 0,
            "name": "Nguyễn sét lét ki"
        },
        {
            "id": "61564849980073",
            "count": 0,
            "name": "An Lee"
        },
        {
            "id": "61563992186532",
            "count": 6,
            "name": "Nguyễn Nhi",
            "lastActive": "16:42:33 || thứ tư"
        },
        {
            "id": "100082729223214",
            "count": 0,
            "name": "Trí Tôn"
        },
        {
            "id": "100057191616420",
            "count": 0,
            "name": "Ngc Tramm"
        },
        {
            "id": "61580594684249",
            "count": 0,
            "name": "Phạm Thảo"
        },
        {
            "id": "100092466522013",
            "count": 132,
            "name": "Vitamin Lựu Đạn",
            "lastActive": "11:13:57 || thứ tư"
        },
        {
            "id": "61582659276606",
            "count": 0,
            "name": "Người dùng Facebook"
        },
        {
            "id": "61577557131174",
            "count": 350,
            "name": "Mộng Mộng",
            "lastActive": "16:47:39 || thứ tư"
        },
        {
            "id": "61577612467080",
            "count": 0,
            "name": "Truc Mai"
        },
        {
            "id": "61577851960860",
            "count": 0,
            "name": "Trần ĐucAnhh"
        },
        {
            "id": "61567257070893",
            "count": 118,
            "name": "Max Alexander",
            "lastActive": "05:49:37 || thứ tư"
        },
        {
            "id": "61561901133505",
            "count": 0,
            "name": "Đào Ly"
        },
        {
            "id": "61580977562724",
            "count": 0,
            "name": "Bảo Hân"
        },
        {
            "id": "100050981287654",
            "count": 0,
            "name": "Lê Bảo Diên"
        },
        {
            "id": "61578715650013",
            "count": 2,
            "name": "Khánh Văn Nguyễn",
            "lastActive": "11:30:18 || thứ tư"
        },
        {
            "id": "100086958985324",
            "count": 52,
            "name": "Vyy Ngkh",
            "lastActive": "14:19:13 || thứ tư"
        },
        {
            "id": "61580140410627",
            "count": 60,
            "name": "A Kayz Đây",
            "lastActive": "00:12:50 || thứ tư"
        },
        {
            "id": "61577279530149",
            "count": 88,
            "name": "Van Bel",
            "lastActive": "17:14:20 || thứ ba"
        },
        {
            "id": "61579651749068",
            "count": 0,
            "name": "Nguyễn Tâm Như"
        },
        {
            "id": "61570600446338",
            "count": 0,
            "name": "Ờm Chịu"
        },
        {
            "id": "61554974992715",
            "count": 0,
            "name": "Ph Chir"
        },
        {
            "id": "61575525895440",
            "count": 0,
            "name": "Lê Khải"
        },
        {
            "id": "61554820151082",
            "count": 45,
            "lastActive": "11:11:03 || thứ tư",
            "name": "Châu Kim Tuyền"
        },
        {
            "id": "61573728451294",
            "count": 28,
            "lastActive": "12:15:23 || thứ tư",
            "name": "Alex Xandra"
        },
        {
            "id": "100094858951826",
            "count": 4,
            "name": "Kieu Oanh",
            "lastActive": "13:00:47 || thứ tư"
        },
        {
            "id": "61554329421898",
            "count": 32,
            "name": "Понимать Лед",
            "lastActive": "12:43:07 || thứ tư"
        },
        {
            "id": "100033795726976",
            "count": 0,
            "name": "Maii Dungg"
        },
        {
            "id": "61578776530633",
            "count": 130,
            "lastActive": "15:59:33 || thứ tư",
            "name": "Eva Hjinx"
        },
        {
            "id": "61577358292409",
            "count": 0,
            "name": "Tina"
        },
        {
            "id": "61579325330361",
            "count": 234,
            "name": "Nguyễn Hoàng Hạnh Phuc",
            "lastActive": "12:44:42 || thứ tư"
        },
        {
            "id": "61580950225176",
            "count": 12,
            "lastActive": "06:03:57 || thứ tư",
            "name": "Lee Cô Ca"
        },
        {
            "id": "61556287541009",
            "count": 0,
            "lastActive": "21:49:21 || chủ nhật",
            "name": "Orein Ashi"
        },
        {
            "id": "61583043886089",
            "count": 0,
            "name": "Leon Deptrai"
        },
        {
            "id": "61576840709261",
            "count": 224,
            "lastActive": "10:55:20 || thứ tư",
            "name": "Kenx"
        }
    ],
    "day": [
        {
            "id": "100046669746688",
            "count": 64,
            "name": "Lee Ká",
            "lastActive": "12:18:52 || thứ tư"
        },
        {
            "id": "61564175008943",
            "count": 24,
            "name": "Tra Myy",
            "lastActive": "15:14:02 || thứ tư"
        },
        {
            "id": "61577424201058",
            "count": 0,
            "name": "Méo Méo"
        },
        {
            "id": "61576276104053",
            "count": 0,
            "name": "阮茶江"
        },
        {
            "id": "61573191988401",
            "count": 0,
            "name": "Duc Minh"
        },
        {
            "id": "61568072357334",
            "count": 2,
            "name": "Enn Hy",
            "lastActive": "13:08:33 || thứ tư"
        },
        {
            "id": "61577778976818",
            "count": 0,
            "name": "Ng Huyềnkk"
        },
        {
            "id": "100035629988201",
            "count": 0,
            "name": "Khanh Đoàn"
        },
        {
            "id": "100075536346410",
            "count": 10,
            "name": "Đậu Xanh",
            "lastActive": "00:35:22 || thứ tư"
        },
        {
            "id": "61569800922468",
            "count": 0,
            "name": "Du Phúc"
        },
        {
            "id": "61556220311682",
            "count": 0,
            "name": "Bảo Trân"
        },
        {
            "id": "61574091072393",
            "count": 0,
            "name": "Hoàng Nhân"
        },
        {
            "id": "61568432079668",
            "count": 0,
            "name": "Tô Vũ Linh"
        },
        {
            "id": "61561494475070",
            "count": 0,
            "name": "Phm KhaAn"
        },
        {
            "id": "61581053219049",
            "count": 0,
            "name": "Minn Chii"
        },
        {
            "id": "61577787117231",
            "count": 0,
            "name": "Tbang"
        },
        {
            "id": "100018277053087",
            "count": 0,
            "name": "Lương Trường Khôi",
            "lastActive": "21:29:56 || thứ hai"
        },
        {
            "id": "61575094586785",
            "count": 0,
            "name": "Nguyễn Duy Hoàng"
        },
        {
            "id": "61580346837694",
            "count": 6,
            "name": "Hyn Lê",
            "lastActive": "13:22:01 || thứ tư"
        },
        {
            "id": "61578257714587",
            "count": 0,
            "name": "Leng Giang Oi Osu"
        },
        {
            "id": "100075840371722",
            "count": 0,
            "name": "Ngọc Vy"
        },
        {
            "id": "61580133726299",
            "count": 0,
            "name": "Nguyễn Giang"
        },
        {
            "id": "100048969469037",
            "count": 0,
            "name": "Nhàm Nhắm Nhô"
        },
        {
            "id": "61577774730869",
            "count": 0,
            "name": "Hoàng Đz",
            "lastActive": "21:32:37 || thứ hai"
        },
        {
            "id": "100091664241823",
            "count": 0,
            "name": "Mĩ Tâm"
        },
        {
            "id": "61580774971564",
            "count": 0,
            "name": "Leo Ctee",
            "lastActive": "17:56:05 || thứ ba"
        },
        {
            "id": "61556144911458",
            "count": 0,
            "name": "Minh Ng"
        },
        {
            "id": "61574762816375",
            "count": 0,
            "name": "Lê Hiếu"
        },
        {
            "id": "61572873308989",
            "count": 0,
            "name": "Thanh Phuc Đoàn Nguyen"
        },
        {
            "id": "61555872891075",
            "count": 12,
            "name": "Dương Thanh",
            "lastActive": "11:16:16 || thứ tư"
        },
        {
            "id": "61551880718057",
            "count": 0,
            "name": "Nước Cam"
        },
        {
            "id": "61575136943876",
            "count": 0,
            "name": "Vợ Anh Gray"
        },
        {
            "id": "61559383708715",
            "count": 0,
            "name": "Ngọc Duy"
        },
        {
            "id": "100073639420918",
            "count": 0,
            "name": "Ng Van Hungg 💤"
        },
        {
            "id": "100000895922054",
            "count": 0,
            "name": "Ng Van Hungg 🌸"
        },
        {
            "id": "61579583828689",
            "count": 0,
            "name": "Khinàocubecólồn Thìđổitên"
        },
        {
            "id": "61570342341245",
            "count": 0,
            "name": "Ng Lam"
        },
        {
            "id": "61578682887398",
            "count": 0,
            "name": "Anhh Cte"
        },
        {
            "id": "61553594782185",
            "count": 0,
            "name": "Kaelen Tybur"
        },
        {
            "id": "61572900290010",
            "count": 0,
            "name": "V Khanh Ngoc"
        },
        {
            "id": "61579923245203",
            "count": 0,
            "name": "Hoàng Minh"
        },
        {
            "id": "61563661259337",
            "count": 0,
            "name": "Phan Anh"
        },
        {
            "id": "100092742124800",
            "count": 0,
            "name": "Khanh Ngoc"
        },
        {
            "id": "61555378793835",
            "count": 0,
            "name": "Hoang Anh Phạm"
        },
        {
            "id": "61572162820439",
            "count": 0,
            "name": "Nguyễn Thảo"
        },
        {
            "id": "61578942764755",
            "count": 0,
            "name": "Nhật Hạ"
        },
        {
            "id": "100081039556527",
            "count": 4,
            "name": "Đặng Nguyễn Kim Anh",
            "lastActive": "12:55:57 || thứ tư"
        },
        {
            "id": "100095016790032",
            "count": 0,
            "name": "Alie Nek"
        },
        {
            "id": "61567796717613",
            "count": 0,
            "name": "Minh Anhh",
            "lastActive": "19:27:22 || thứ hai"
        },
        {
            "id": "61568454217541",
            "count": 0,
            "name": "Minh Hoàng"
        },
        {
            "id": "61550113446645",
            "count": 0,
            "name": "Thuy Trang"
        },
        {
            "id": "61564962214382",
            "count": 2,
            "name": "Trần Uyên",
            "lastActive": "10:32:52 || thứ tư"
        },
        {
            "id": "61552899535110",
            "count": 0,
            "name": "Đình Xuân Huy"
        },
        {
            "id": "61568178128638",
            "count": 0,
            "name": "Kim Xuyến"
        },
        {
            "id": "61581421641580",
            "count": 0,
            "name": "Người dùng Facebook"
        },
        {
            "id": "61559260114955",
            "count": 0,
            "name": "Tran Thanh Lamm"
        },
        {
            "id": "61554417527743",
            "count": 0,
            "name": "Van Vann"
        },
        {
            "id": "61554572331514",
            "count": 30,
            "name": "Cà Chuaa",
            "lastActive": "12:04:09 || thứ tư"
        },
        {
            "id": "100074837169413",
            "count": 0,
            "name": "Hoàng Phúc"
        },
        {
            "id": "100091293500235",
            "count": 0,
            "name": "Bo Dzaii"
        },
        {
            "id": "61558739054100",
            "count": 0,
            "name": "Hoang Khanh"
        },
        {
            "id": "61581885235523",
            "count": 0,
            "name": "Người dùng Facebook"
        },
        {
            "id": "61550030184394",
            "count": 16,
            "name": "️️️️️️️️️️️️️️️️️️️️️️️️️️️️️️️️️️️️️️️️️️️️️️️️️️️️️️️️️️️️️️️️️️️️️️️️️️️️️️️️️️️️️️️️️️️️️️️️️️️️️️️️️️️️️️️️️️️️️️️️️️️️️️️️️️️️️️️️️️️️️️️️️️️️️️️️️️️️️️️️️️️️️️️️️️ ",
            "lastActive": "11:13:58 || thứ tư"
        },
        {
            "id": "100022112778280",
            "count": 0,
            "name": "Bin Bin"
        },
        {
            "id": "61558391906315",
            "count": 0,
            "name": "Viet Anh"
        },
        {
            "id": "100089572154704",
            "count": 72,
            "name": "Makino Neko",
            "lastActive": "15:14:44 || thứ tư"
        },
        {
            "id": "61579247205673",
            "count": 2,
            "name": "Gray Fullbuster",
            "lastActive": "15:38:11 || thứ tư"
        },
        {
            "id": "61581957278259",
            "count": 0,
            "name": "Bin Nhỏ"
        },
        {
            "id": "61580902700574",
            "count": 0,
            "name": "Người dùng Facebook"
        },
        {
            "id": "100043094071300",
            "count": 0,
            "name": "Phong Thuỷ"
        },
        {
            "id": "100095257083686",
            "count": 0,
            "name": "Bối Bối"
        },
        {
            "id": "61565513892177",
            "count": 0,
            "name": "Minh Quyết"
        },
        {
            "id": "61582356713887",
            "count": 0,
            "name": "Người dùng Facebook"
        },
        {
            "id": "61562042362301",
            "count": 0,
            "name": "Ah EL Anh Hieu"
        },
        {
            "id": "61577013639078",
            "count": 0,
            "name": "Meo Cte",
            "lastActive": "21:33:50 || chủ nhật"
        },
        {
            "id": "61564826645482",
            "count": 0,
            "name": "Hà Vy"
        },
        {
            "id": "61574469132162",
            "count": 0,
            "name": "Leon nà"
        },
        {
            "id": "61564768346131",
            "count": 0,
            "name": "Anhh Maii"
        },
        {
            "id": "61555589202722",
            "count": 0,
            "name": "Uyen Chi"
        },
        {
            "id": "100087879213970",
            "count": 0,
            "name": "Suân Tú",
            "lastActive": "22:09:32 || thứ ba"
        },
        {
            "id": "100089450232102",
            "count": 0,
            "name": "Nguyễn Phương Đoan"
        },
        {
            "id": "61579110643810",
            "count": 0,
            "name": "Nguyễn Uyên"
        },
        {
            "id": "61579902620365",
            "count": 0,
            "name": "miYunnell "
        },
        {
            "id": "61574963965118",
            "count": 0,
            "name": "Bui Tieu Phụng"
        },
        {
            "id": "61574686776946",
            "count": 0,
            "name": "Lan Mai"
        },
        {
            "id": "100090567123290",
            "count": 0,
            "name": "Kẻ Điên",
            "lastActive": "16:21:16 || thứ ba"
        },
        {
            "id": "100047832720086",
            "count": 0,
            "name": "Ắc Kỷ"
        },
        {
            "id": "61553604652424",
            "count": 0,
            "name": "Bao Tran"
        },
        {
            "id": "61561751768415",
            "count": 0,
            "name": "Hi"
        },
        {
            "id": "61565836319623",
            "count": 0,
            "name": "Ly Cte",
            "lastActive": "17:20:17 || thứ ba"
        },
        {
            "id": "61563447017247",
            "count": 0,
            "name": "Mie Là Tui"
        },
        {
            "id": "61555324645381",
            "count": 0,
            "name": "Zra Karina"
        },
        {
            "id": "100092437967075",
            "count": 0,
            "name": "Yến Võ",
            "lastActive": "21:11:40 || thứ hai"
        },
        {
            "id": "61557467242362",
            "count": 0,
            "name": "PaimOn"
        },
        {
            "id": "61555511031292",
            "count": 0,
            "name": "G Han Nguyen"
        },
        {
            "id": "100090471314407",
            "count": 4,
            "name": "Vương Vũ",
            "lastActive": "10:47:26 || thứ tư"
        },
        {
            "id": "61578380256575",
            "count": 0,
            "name": "Cursh William"
        },
        {
            "id": "61574687308151",
            "count": 0,
            "name": "Hoanq Wip"
        },
        {
            "id": "100095148601491",
            "count": 0,
            "name": "MT ĐKtp"
        },
        {
            "id": "61571571963034",
            "count": 0,
            "name": "Hann Ng"
        },
        {
            "id": "61558524980288",
            "count": 30,
            "name": "Ken Mizakip",
            "lastActive": "16:46:56 || thứ tư"
        },
        {
            "id": "61565692478291",
            "count": 0,
            "name": "Lynh Khanh"
        },
        {
            "id": "61577285367513",
            "count": 0,
            "name": "Nhin Cailon"
        },
        {
            "id": "61578714940569",
            "count": 0,
            "name": "Nguyễn Thảo"
        },
        {
            "id": "61569292053014",
            "count": 0,
            "name": "Như Bùi"
        },
        {
            "id": "100091542542201",
            "count": 0,
            "name": "Như Bùi"
        },
        {
            "id": "100076772073995",
            "count": 0,
            "name": "Su Su"
        },
        {
            "id": "100034420390533",
            "count": 0,
            "name": "Thuy Trang"
        },
        {
            "id": "61579683900278",
            "count": 0,
            "name": "Hị Hị"
        },
        {
            "id": "61575500486776",
            "count": 0,
            "name": "Jeon Jungkook"
        },
        {
            "id": "61574012180949",
            "count": 0,
            "name": "Kitkat Dayy"
        },
        {
            "id": "61572426608435",
            "count": 0,
            "name": "An Phú"
        },
        {
            "id": "61551076628575",
            "count": 0,
            "name": "Fuji Karen"
        },
        {
            "id": "61563833938976",
            "count": 0,
            "name": "Gia Linh"
        },
        {
            "id": "100085941553591",
            "count": 0,
            "name": "Minh Khải"
        },
        {
            "id": "61571164196701",
            "count": 0,
            "name": "Nguyễn Hoàng Anh Tuan"
        },
        {
            "id": "61571365827420",
            "count": 0,
            "name": "Рис Держать"
        },
        {
            "id": "61572548228743",
            "count": 0,
            "name": "Mua Thu Ha Noi"
        },
        {
            "id": "61580185190173",
            "count": 0,
            "name": "Nomusic Bigpromble"
        },
        {
            "id": "100011401948306",
            "count": 0,
            "name": "Quy Huynhphu"
        },
        {
            "id": "61564112169609",
            "count": 0,
            "name": "Phan Nguyên"
        },
        {
            "id": "61576672775821",
            "count": 0,
            "name": "Trần Gia Huy"
        },
        {
            "id": "61559215768576",
            "count": 0,
            "name": "Mai Phuongg"
        },
        {
            "id": "61554043540825",
            "count": 0,
            "name": "Кислый Мясо"
        },
        {
            "id": "61552654869058",
            "count": 0,
            "name": "Le Quyen",
            "lastActive": "04:37:11 || thứ hai"
        },
        {
            "id": "61582453503072",
            "count": 0,
            "name": "Lục Tử Thiên"
        },
        {
            "id": "100080157715550",
            "count": 0,
            "name": "Châu Anh Nguyen Thad"
        },
        {
            "id": "61579103673839",
            "count": 0,
            "name": "Phạm Minh Hùng"
        },
        {
            "id": "100073691611872",
            "count": 0,
            "name": "Hoàng Vân",
            "lastActive": "12:53:45 || thứ hai"
        },
        {
            "id": "61571741520345",
            "count": 0,
            "name": "Nguyễn Phương"
        },
        {
            "id": "61579922387190",
            "count": 0,
            "name": "Nguyễn sét lét ki"
        },
        {
            "id": "61564849980073",
            "count": 0,
            "name": "An Lee"
        },
        {
            "id": "61563992186532",
            "count": 6,
            "name": "Nguyễn Nhi",
            "lastActive": "16:42:33 || thứ tư"
        },
        {
            "id": "100082729223214",
            "count": 0,
            "name": "Trí Tôn"
        },
        {
            "id": "100057191616420",
            "count": 0,
            "name": "Ngc Tramm"
        },
        {
            "id": "61580594684249",
            "count": 0,
            "name": "Phạm Thảo"
        },
        {
            "id": "100092466522013",
            "count": 14,
            "name": "Vitamin Lựu Đạn",
            "lastActive": "11:13:57 || thứ tư"
        },
        {
            "id": "61582659276606",
            "count": 0,
            "name": "Người dùng Facebook"
        },
        {
            "id": "61577557131174",
            "count": 20,
            "name": "Mộng Mộng",
            "lastActive": "16:47:39 || thứ tư"
        },
        {
            "id": "61577612467080",
            "count": 0,
            "name": "Truc Mai"
        },
        {
            "id": "61577851960860",
            "count": 0,
            "name": "Trần ĐucAnhh"
        },
        {
            "id": "61567257070893",
            "count": 10,
            "name": "Max Alexander",
            "lastActive": "05:49:37 || thứ tư"
        },
        {
            "id": "61561901133505",
            "count": 0,
            "name": "Đào Ly"
        },
        {
            "id": "61580977562724",
            "count": 0,
            "name": "Bảo Hân"
        },
        {
            "id": "100050981287654",
            "count": 0,
            "name": "Lê Bảo Diên"
        },
        {
            "id": "61578715650013",
            "count": 2,
            "name": "Khánh Văn Nguyễn",
            "lastActive": "11:30:18 || thứ tư"
        },
        {
            "id": "100086958985324",
            "count": 6,
            "name": "Vyy Ngkh",
            "lastActive": "14:19:13 || thứ tư"
        },
        {
            "id": "61580140410627",
            "count": 6,
            "name": "A Kayz Đây",
            "lastActive": "00:12:50 || thứ tư"
        },
        {
            "id": "61577279530149",
            "count": 0,
            "name": "Van Bel",
            "lastActive": "17:14:20 || thứ ba"
        },
        {
            "id": "61579651749068",
            "count": 0,
            "name": "Nguyễn Tâm Như"
        },
        {
            "id": "61570600446338",
            "count": 0,
            "name": "Ờm Chịu"
        },
        {
            "id": "61554974992715",
            "count": 0,
            "name": "Ph Chir"
        },
        {
            "id": "61575525895440",
            "count": 0,
            "name": "Lê Khải"
        },
        {
            "id": "61554820151082",
            "count": 6,
            "name": "Châu Kim Tuyền",
            "lastActive": "11:11:03 || thứ tư"
        },
        {
            "id": "61573728451294",
            "count": 4,
            "name": "Alex Xandra",
            "lastActive": "12:15:23 || thứ tư"
        },
        {
            "id": "100094858951826",
            "count": 2,
            "name": "Người dùng facebook",
            "lastActive": "13:00:47 || thứ tư"
        },
        {
            "id": "61554329421898",
            "count": 2,
            "name": "Người dùng facebook",
            "lastActive": "12:43:07 || thứ tư"
        },
        {
            "id": "100033795726976",
            "count": 0,
            "name": "Người dùng facebook"
        },
        {
            "id": "61578776530633",
            "count": 30,
            "name": "Eva Hjinx",
            "lastActive": "15:59:33 || thứ tư"
        },
        {
            "id": "61577358292409",
            "count": 0,
            "name": "Người dùng facebook"
        },
        {
            "id": "61579325330361",
            "count": 62,
            "name": "Nguyễn Hoàng Hạnh Phuc",
            "lastActive": "12:44:42 || thứ tư"
        },
        {
            "id": "61580950225176",
            "count": 8,
            "name": "Người dùng facebook",
            "lastActive": "06:03:57 || thứ tư"
        },
        {
            "id": "61556287541009",
            "count": 0,
            "lastActive": "21:49:21 || chủ nhật"
        },
        {
            "id": "61583043886089",
            "count": 0
        },
        {
            "id": "61576840709261",
            "count": 2,
            "lastActive": "10:55:20 || thứ tư"
        }
    ],
    "time": 3,
    "last": {
        "time": 6,
        "day": [
            {
                "id": "100046669746688",
                "count": 0
            },
            {
                "id": "61554572331514",
                "count": 0
            },
            {
                "id": "61564175008943",
                "count": 0
            },
            {
                "id": "61577424201058",
                "count": 0
            },
            {
                "id": "100086958985324",
                "count": 0
            },
            {
                "id": "61576276104053",
                "count": 0
            },
            {
                "id": "61573191988401",
                "count": 0
            },
            {
                "id": "61568072357334",
                "count": 0
            },
            {
                "id": "61577778976818",
                "count": 0
            },
            {
                "id": "100035629988201",
                "count": 0
            },
            {
                "id": "100075536346410",
                "count": 0
            },
            {
                "id": "100087879213970",
                "count": 0
            },
            {
                "id": "61569800922468",
                "count": 0
            },
            {
                "id": "61556220311682",
                "count": 0
            },
            {
                "id": "61574091072393",
                "count": 0
            },
            {
                "id": "61568432079668",
                "count": 0
            },
            {
                "id": "61561494475070",
                "count": 0
            },
            {
                "id": "61581053219049",
                "count": 0
            },
            {
                "id": "61577787117231",
                "count": 0
            },
            {
                "id": "100018277053087",
                "count": 0
            },
            {
                "id": "100081039556527",
                "count": 0
            },
            {
                "id": "61575094586785",
                "count": 0
            },
            {
                "id": "61573728451294",
                "count": 0
            },
            {
                "id": "61580346837694",
                "count": 0
            },
            {
                "id": "100094858951826",
                "count": 0
            },
            {
                "id": "61578257714587",
                "count": 0
            },
            {
                "id": "100075840371722",
                "count": 0
            },
            {
                "id": "61580133726299",
                "count": 0
            },
            {
                "id": "100048969469037",
                "count": 0
            },
            {
                "id": "61577774730869",
                "count": 0
            },
            {
                "id": "100091664241823",
                "count": 0
            },
            {
                "id": "61580774971564",
                "count": 0
            },
            {
                "id": "61556144911458",
                "count": 0
            },
            {
                "id": "61574762816375",
                "count": 0
            },
            {
                "id": "61572873308989",
                "count": 0
            },
            {
                "id": "61555872891075",
                "count": 0
            },
            {
                "id": "61551880718057",
                "count": 0
            },
            {
                "id": "61575136943876",
                "count": 0
            },
            {
                "id": "61559383708715",
                "count": 0
            },
            {
                "id": "100073639420918",
                "count": 0
            },
            {
                "id": "100000895922054",
                "count": 0
            },
            {
                "id": "61579583828689",
                "count": 0
            },
            {
                "id": "61570342341245",
                "count": 0
            },
            {
                "id": "61578682887398",
                "count": 0
            },
            {
                "id": "61553594782185",
                "count": 0
            },
            {
                "id": "61572900290010",
                "count": 0
            },
            {
                "id": "61579923245203",
                "count": 0
            },
            {
                "id": "61563661259337",
                "count": 0
            },
            {
                "id": "100092742124800",
                "count": 0
            },
            {
                "id": "61555378793835",
                "count": 0
            },
            {
                "id": "61572162820439",
                "count": 0
            },
            {
                "id": "61578942764755",
                "count": 0
            },
            {
                "id": "100095016790032",
                "count": 0
            },
            {
                "id": "61567796717613",
                "count": 0
            },
            {
                "id": "61568454217541",
                "count": 0
            },
            {
                "id": "61550113446645",
                "count": 0
            },
            {
                "id": "61564962214382",
                "count": 0
            },
            {
                "id": "61552899535110",
                "count": 0
            },
            {
                "id": "61568178128638",
                "count": 0
            },
            {
                "id": "100090471314407",
                "count": 0
            },
            {
                "id": "61581421641580",
                "count": 0
            },
            {
                "id": "61552654869058",
                "count": 0
            },
            {
                "id": "61559260114955",
                "count": 0
            },
            {
                "id": "61554417527743",
                "count": 0
            },
            {
                "id": "100074837169413",
                "count": 0
            },
            {
                "id": "100091293500235",
                "count": 0
            },
            {
                "id": "61558739054100",
                "count": 0
            },
            {
                "id": "61581885235523",
                "count": 0
            },
            {
                "id": "61550030184394",
                "count": 0
            },
            {
                "id": "100022112778280",
                "count": 0
            },
            {
                "id": "61558391906315",
                "count": 0
            },
            {
                "id": "100089572154704",
                "count": 0
            },
            {
                "id": "61579247205673",
                "count": 0
            },
            {
                "id": "61581957278259",
                "count": 0
            },
            {
                "id": "61580902700574",
                "count": 0
            },
            {
                "id": "100043094071300",
                "count": 0
            },
            {
                "id": "100095257083686",
                "count": 0
            },
            {
                "id": "61565513892177",
                "count": 0
            },
            {
                "id": "61582356713887",
                "count": 0
            },
            {
                "id": "61562042362301",
                "count": 0
            },
            {
                "id": "61577013639078",
                "count": 0
            },
            {
                "id": "61564826645482",
                "count": 0
            },
            {
                "id": "61574469132162",
                "count": 0
            },
            {
                "id": "61564768346131",
                "count": 0
            },
            {
                "id": "61555589202722",
                "count": 0
            },
            {
                "id": "100089450232102",
                "count": 0
            },
            {
                "id": "61579110643810",
                "count": 0
            },
            {
                "id": "61579902620365",
                "count": 0
            },
            {
                "id": "61574963965118",
                "count": 0
            },
            {
                "id": "61574686776946",
                "count": 0
            },
            {
                "id": "100090567123290",
                "count": 0
            },
            {
                "id": "100047832720086",
                "count": 0
            },
            {
                "id": "61553604652424",
                "count": 0
            },
            {
                "id": "61561751768415",
                "count": 0
            },
            {
                "id": "61565836319623",
                "count": 0
            },
            {
                "id": "61563447017247",
                "count": 0
            },
            {
                "id": "61555324645381",
                "count": 0
            },
            {
                "id": "100092437967075",
                "count": 0
            },
            {
                "id": "61557467242362",
                "count": 0
            },
            {
                "id": "61555511031292",
                "count": 0
            },
            {
                "id": "61578380256575",
                "count": 0
            },
            {
                "id": "61574687308151",
                "count": 0
            },
            {
                "id": "100095148601491",
                "count": 0
            },
            {
                "id": "61571571963034",
                "count": 0
            },
            {
                "id": "61558524980288",
                "count": 0
            },
            {
                "id": "61565692478291",
                "count": 0
            },
            {
                "id": "61577285367513",
                "count": 0
            },
            {
                "id": "61578714940569",
                "count": 0
            },
            {
                "id": "61569292053014",
                "count": 0
            },
            {
                "id": "100091542542201",
                "count": 0
            },
            {
                "id": "100076772073995",
                "count": 0
            },
            {
                "id": "100034420390533",
                "count": 0
            },
            {
                "id": "61579683900278",
                "count": 0
            },
            {
                "id": "61575500486776",
                "count": 0
            },
            {
                "id": "61574012180949",
                "count": 0
            },
            {
                "id": "61572426608435",
                "count": 0
            },
            {
                "id": "61551076628575",
                "count": 0
            },
            {
                "id": "61563833938976",
                "count": 0
            },
            {
                "id": "100085941553591",
                "count": 0
            },
            {
                "id": "61571164196701",
                "count": 0
            },
            {
                "id": "61571365827420",
                "count": 0
            },
            {
                "id": "61572548228743",
                "count": 0
            },
            {
                "id": "61580185190173",
                "count": 0
            },
            {
                "id": "100011401948306",
                "count": 0
            },
            {
                "id": "61564112169609",
                "count": 0
            },
            {
                "id": "61576672775821",
                "count": 0
            },
            {
                "id": "61559215768576",
                "count": 0
            },
            {
                "id": "61554043540825",
                "count": 0
            },
            {
                "id": "61582453503072",
                "count": 0
            },
            {
                "id": "100080157715550",
                "count": 0
            },
            {
                "id": "61580950225176",
                "count": 0
            },
            {
                "id": "61579103673839",
                "count": 0
            },
            {
                "id": "100073691611872",
                "count": 0
            },
            {
                "id": "61571741520345",
                "count": 0
            },
            {
                "id": "61579922387190",
                "count": 0
            },
            {
                "id": "61564849980073",
                "count": 0
            },
            {
                "id": "61563992186532",
                "count": 0
            },
            {
                "id": "100082729223214",
                "count": 0
            },
            {
                "id": "100057191616420",
                "count": 0
            },
            {
                "id": "61580594684249",
                "count": 0
            },
            {
                "id": "100092466522013",
                "count": 0
            },
            {
                "id": "61582659276606",
                "count": 0
            },
            {
                "id": "61577557131174",
                "count": 0
            },
            {
                "id": "61577612467080",
                "count": 0
            },
            {
                "id": "61577851960860",
                "count": 0
            },
            {
                "id": "61567257070893",
                "count": 0
            },
            {
                "id": "61561901133505",
                "count": 0
            },
            {
                "id": "61580977562724",
                "count": 0
            },
            {
                "id": "61554820151082",
                "count": 0
            },
            {
                "id": "100050981287654",
                "count": 0
            },
            {
                "id": "61578715650013",
                "count": 0
            },
            {
                "id": "61580140410627",
                "count": 0
            },
            {
                "id": "61577279530149",
                "count": 0
            },
            {
                "id": "61579651749068",
                "count": 0
            },
            {
                "id": "61570600446338",
                "count": 0
            },
            {
                "id": "61554974992715",
                "count": 0
            },
            {
                "id": "61575525895440",
                "count": 0
            },
            {
                "id": "61579325330361",
                "count": 0
            },
            {
                "id": "61554329421898",
                "count": 0
            },
            {
                "id": "100033795726976",
                "count": 0
            },
            {
                "id": "61578776530633",
                "count": 0
            },
            {
                "id": "61577358292409",
                "count": 0
            },
            {
                "id": "61556287541009",
                "count": 0
            },
            {
                "id": "61583043886089",
                "count": 0
            },
            {
                "id": "61576840709261",
                "count": 0
            }
        ],
        "week": [
            {
                "id": "100046669746688",
                "count": 0
            },
            {
                "id": "61554572331514",
                "count": 0
            },
            {
                "id": "61564175008943",
                "count": 0
            },
            {
                "id": "61577424201058",
                "count": 0
            },
            {
                "id": "100086958985324",
                "count": 0
            },
            {
                "id": "61576276104053",
                "count": 0
            },
            {
                "id": "61573191988401",
                "count": 0
            },
            {
                "id": "61568072357334",
                "count": 0
            },
            {
                "id": "61577778976818",
                "count": 0
            },
            {
                "id": "100035629988201",
                "count": 0
            },
            {
                "id": "100075536346410",
                "count": 0
            },
            {
                "id": "100087879213970",
                "count": 0
            },
            {
                "id": "61569800922468",
                "count": 0
            },
            {
                "id": "61556220311682",
                "count": 0
            },
            {
                "id": "61574091072393",
                "count": 0
            },
            {
                "id": "61568432079668",
                "count": 0
            },
            {
                "id": "61561494475070",
                "count": 0
            },
            {
                "id": "61581053219049",
                "count": 0
            },
            {
                "id": "61577787117231",
                "count": 0
            },
            {
                "id": "100018277053087",
                "count": 0
            },
            {
                "id": "100081039556527",
                "count": 0
            },
            {
                "id": "61575094586785",
                "count": 0
            },
            {
                "id": "61573728451294",
                "count": 0
            },
            {
                "id": "61580346837694",
                "count": 0
            },
            {
                "id": "100094858951826",
                "count": 0
            },
            {
                "id": "61578257714587",
                "count": 0
            },
            {
                "id": "100075840371722",
                "count": 0
            },
            {
                "id": "61580133726299",
                "count": 0
            },
            {
                "id": "100048969469037",
                "count": 0
            },
            {
                "id": "61577774730869",
                "count": 0
            },
            {
                "id": "100091664241823",
                "count": 0
            },
            {
                "id": "61580774971564",
                "count": 0
            },
            {
                "id": "61556144911458",
                "count": 0
            },
            {
                "id": "61574762816375",
                "count": 0
            },
            {
                "id": "61572873308989",
                "count": 0
            },
            {
                "id": "61555872891075",
                "count": 0
            },
            {
                "id": "61551880718057",
                "count": 0
            },
            {
                "id": "61575136943876",
                "count": 0
            },
            {
                "id": "61559383708715",
                "count": 0
            },
            {
                "id": "100073639420918",
                "count": 0
            },
            {
                "id": "100000895922054",
                "count": 0
            },
            {
                "id": "61579583828689",
                "count": 0
            },
            {
                "id": "61570342341245",
                "count": 0
            },
            {
                "id": "61578682887398",
                "count": 0
            },
            {
                "id": "61553594782185",
                "count": 0
            },
            {
                "id": "61572900290010",
                "count": 0
            },
            {
                "id": "61579923245203",
                "count": 0
            },
            {
                "id": "61563661259337",
                "count": 0
            },
            {
                "id": "100092742124800",
                "count": 0
            },
            {
                "id": "61555378793835",
                "count": 0
            },
            {
                "id": "61572162820439",
                "count": 0
            },
            {
                "id": "61578942764755",
                "count": 0
            },
            {
                "id": "100095016790032",
                "count": 0
            },
            {
                "id": "61567796717613",
                "count": 0
            },
            {
                "id": "61568454217541",
                "count": 0
            },
            {
                "id": "61550113446645",
                "count": 0
            },
            {
                "id": "61564962214382",
                "count": 0
            },
            {
                "id": "61552899535110",
                "count": 0
            },
            {
                "id": "61568178128638",
                "count": 0
            },
            {
                "id": "100090471314407",
                "count": 0
            },
            {
                "id": "61581421641580",
                "count": 0
            },
            {
                "id": "61552654869058",
                "count": 0
            },
            {
                "id": "61559260114955",
                "count": 0
            },
            {
                "id": "61554417527743",
                "count": 0
            },
            {
                "id": "100074837169413",
                "count": 0
            },
            {
                "id": "100091293500235",
                "count": 0
            },
            {
                "id": "61558739054100",
                "count": 0
            },
            {
                "id": "61581885235523",
                "count": 0
            },
            {
                "id": "61550030184394",
                "count": 0
            },
            {
                "id": "100022112778280",
                "count": 0
            },
            {
                "id": "61558391906315",
                "count": 0
            },
            {
                "id": "100089572154704",
                "count": 0
            },
            {
                "id": "61579247205673",
                "count": 0
            },
            {
                "id": "61581957278259",
                "count": 0
            },
            {
                "id": "61580902700574",
                "count": 0
            },
            {
                "id": "100043094071300",
                "count": 0
            },
            {
                "id": "100095257083686",
                "count": 0
            },
            {
                "id": "61565513892177",
                "count": 0
            },
            {
                "id": "61582356713887",
                "count": 0
            },
            {
                "id": "61562042362301",
                "count": 0
            },
            {
                "id": "61577013639078",
                "count": 0
            },
            {
                "id": "61564826645482",
                "count": 0
            },
            {
                "id": "61574469132162",
                "count": 0
            },
            {
                "id": "61564768346131",
                "count": 0
            },
            {
                "id": "61555589202722",
                "count": 0
            },
            {
                "id": "100089450232102",
                "count": 0
            },
            {
                "id": "61579110643810",
                "count": 0
            },
            {
                "id": "61579902620365",
                "count": 0
            },
            {
                "id": "61574963965118",
                "count": 0
            },
            {
                "id": "61574686776946",
                "count": 0
            },
            {
                "id": "100090567123290",
                "count": 0
            },
            {
                "id": "100047832720086",
                "count": 0
            },
            {
                "id": "61553604652424",
                "count": 0
            },
            {
                "id": "61561751768415",
                "count": 0
            },
            {
                "id": "61565836319623",
                "count": 0
            },
            {
                "id": "61563447017247",
                "count": 0
            },
            {
                "id": "61555324645381",
                "count": 0
            },
            {
                "id": "100092437967075",
                "count": 0
            },
            {
                "id": "61557467242362",
                "count": 0
            },
            {
                "id": "61555511031292",
                "count": 0
            },
            {
                "id": "61578380256575",
                "count": 0
            },
            {
                "id": "61574687308151",
                "count": 0
            },
            {
                "id": "100095148601491",
                "count": 0
            },
            {
                "id": "61571571963034",
                "count": 0
            },
            {
                "id": "61558524980288",
                "count": 0
            },
            {
                "id": "61565692478291",
                "count": 0
            },
            {
                "id": "61577285367513",
                "count": 0
            },
            {
                "id": "61578714940569",
                "count": 0
            },
            {
                "id": "61569292053014",
                "count": 0
            },
            {
                "id": "100091542542201",
                "count": 0
            },
            {
                "id": "100076772073995",
                "count": 0
            },
            {
                "id": "100034420390533",
                "count": 0
            },
            {
                "id": "61579683900278",
                "count": 0
            },
            {
                "id": "61575500486776",
                "count": 0
            },
            {
                "id": "61574012180949",
                "count": 0
            },
            {
                "id": "61572426608435",
                "count": 0
            },
            {
                "id": "61551076628575",
                "count": 0
            },
            {
                "id": "61563833938976",
                "count": 0
            },
            {
                "id": "100085941553591",
                "count": 0
            },
            {
                "id": "61571164196701",
                "count": 0
            },
            {
                "id": "61571365827420",
                "count": 0
            },
            {
                "id": "61572548228743",
                "count": 0
            },
            {
                "id": "61580185190173",
                "count": 0
            },
            {
                "id": "100011401948306",
                "count": 0
            },
            {
                "id": "61564112169609",
                "count": 0
            },
            {
                "id": "61576672775821",
                "count": 0
            },
            {
                "id": "61559215768576",
                "count": 0
            },
            {
                "id": "61554043540825",
                "count": 0
            },
            {
                "id": "61582453503072",
                "count": 0
            },
            {
                "id": "100080157715550",
                "count": 0
            },
            {
                "id": "61580950225176",
                "count": 0
            },
            {
                "id": "61579103673839",
                "count": 0
            },
            {
                "id": "100073691611872",
                "count": 0
            },
            {
                "id": "61571741520345",
                "count": 0
            },
            {
                "id": "61579922387190",
                "count": 0
            },
            {
                "id": "61564849980073",
                "count": 0
            },
            {
                "id": "61563992186532",
                "count": 0
            },
            {
                "id": "100082729223214",
                "count": 0
            },
            {
                "id": "100057191616420",
                "count": 0
            },
            {
                "id": "61580594684249",
                "count": 0
            },
            {
                "id": "100092466522013",
                "count": 0
            },
            {
                "id": "61582659276606",
                "count": 0
            },
            {
                "id": "61577557131174",
                "count": 0
            },
            {
                "id": "61577612467080",
                "count": 0
            },
            {
                "id": "61577851960860",
                "count": 0
            },
            {
                "id": "61567257070893",
                "count": 0
            },
            {
                "id": "61561901133505",
                "count": 0
            },
            {
                "id": "61580977562724",
                "count": 0
            },
            {
                "id": "61554820151082",
                "count": 0
            },
            {
                "id": "100050981287654",
                "count": 0
            },
            {
                "id": "61578715650013",
                "count": 0
            },
            {
                "id": "61580140410627",
                "count": 0
            },
            {
                "id": "61577279530149",
                "count": 0
            },
            {
                "id": "61579651749068",
                "count": 0
            },
            {
                "id": "61570600446338",
                "count": 0
            },
            {
                "id": "61554974992715",
                "count": 0
            },
            {
                "id": "61575525895440",
                "count": 0
            },
            {
                "id": "61579325330361",
                "count": 0
            },
            {
                "id": "61554329421898",
                "count": 0
            },
            {
                "id": "100033795726976",
                "count": 0
            },
            {
                "id": "61578776530633",
                "count": 0
            },
            {
                "id": "61577358292409",
                "count": 0
            },
            {
                "id": "61556287541009",
                "count": 0
            },
            {
                "id": "61583043886089",
                "count": 0
            },
            {
                "id": "61576840709261",
                "count": 0
            }
        ]
    }
}