{
    "total": [
        {
            "id": "61560299280947",
            "count": 48
        },
        {
            "id": "100091546088288",
            "count": 81,
            "lastActive": "19:35:32 || thứ hai"
        },
        {
            "id": "100095215464809",
            "count": 9
        },
        {
            "id": "100054892668998",
            "count": 20,
            "lastActive": "00:02:41 || thứ tư"
        },
        {
            "id": "100075396121822",
            "count": 3
        },
        {
            "id": "100074996724205",
            "count": 1
        },
        {
            "id": "61555605603485",
            "count": 1
        },
        {
            "id": "100085607483096",
            "count": 0
        },
        {
            "id": "61557157391070",
            "count": 2
        },
        {
            "id": "61554840782389",
            "count": 0
        },
        {
            "id": "61570151165872",
            "count": 0
        },
        {
            "id": "100087501114948",
            "count": 0
        },
        {
            "id": "61550792785491",
            "count": 0
        },
        {
            "id": "61579604062554",
            "count": 0
        },
        {
            "id": "61554362453493",
            "count": 0
        },
        {
            "id": "100067832672063",
            "count": 0
        },
        {
            "id": "100079965165277",
            "count": 0
        },
        {
            "id": "100072015133366",
            "count": 0
        },
        {
            "id": "100077298042342",
            "count": 0
        },
        {
            "id": "100064432516488",
            "count": 4
        },
        {
            "id": "100072665318234",
            "count": 0
        },
        {
            "id": "61562709795700",
            "count": 0
        },
        {
            "id": "61568832282687",
            "count": 0
        },
        {
            "id": "100064283945196",
            "count": 6
        },
        {
            "id": "100076754378544",
            "count": 0
        },
        {
            "id": "100071407526422",
            "count": 0
        },
        {
            "id": "100065304550209",
            "count": 0
        },
        {
            "id": "100070695932927",
            "count": 0
        },
        {
            "id": "100016764634265",
            "count": 2
        },
        {
            "id": "61564086295333",
            "count": 0
        },
        {
            "id": "100047832172188",
            "count": 0
        },
        {
            "id": "61579113855262",
            "count": 0
        },
        {
            "id": "100086481796223",
            "count": 2
        },
        {
            "id": "100022796620968",
            "count": 13
        },
        {
            "id": "100054318702171",
            "count": 0
        },
        {
            "id": "100017098923899",
            "count": 1
        },
        {
            "id": "61577633274458",
            "count": 11
        },
        {
            "id": "100067769979240",
            "count": 0
        },
        {
            "id": "100059988245744",
            "count": 0
        },
        {
            "id": "100054603854269",
            "count": 0
        },
        {
            "id": "100075074482615",
            "count": 0
        },
        {
            "id": "100043004441372",
            "count": 0
        },
        {
            "id": "61553047557017",
            "count": 3
        },
        {
            "id": "61551229995407",
            "count": 0
        },
        {
            "id": "61556670812769",
            "count": 47,
            "lastActive": "22:37:42 || thứ ba"
        },
        {
            "id": "61580864258300",
            "count": 0
        },
        {
            "id": "61556349985848",
            "count": 0
        },
        {
            "id": "100074691004975",
            "count": 0
        },
        {
            "id": "100040350022080",
            "count": 0
        },
        {
            "id": "61579487464408",
            "count": 0
        },
        {
            "id": "61573744746452",
            "count": 12,
            "lastActive": "20:27:06 || chủ nhật"
        },
        {
            "id": "100062030553853",
            "count": 1
        },
        {
            "id": "100033896836679",
            "count": 30,
            "lastActive": "00:07:11 || thứ tư"
        },
        {
            "id": "100075077734206",
            "count": 2
        },
        {
            "id": "61557076137567",
            "count": 2
        },
        {
            "id": "61580552340366",
            "count": 0
        },
        {
            "id": "100083189075711",
            "count": 0
        },
        {
            "id": "61579150986815",
            "count": 0
        },
        {
            "id": "100024659535753",
            "count": 0
        },
        {
            "id": "100095330057562",
            "count": 19
        },
        {
            "id": "100014732596031",
            "count": 23
        },
        {
            "id": "100035702689328",
            "count": 1
        },
        {
            "id": "100068231438996",
            "count": 7
        },
        {
            "id": "100028590609907",
            "count": 0
        },
        {
            "id": "100077701390678",
            "count": 152,
            "lastActive": "00:07:38 || thứ tư"
        },
        {
            "id": "100087463270600",
            "count": 48,
            "lastActive": "10:45:55 || thứ tư"
        },
        {
            "id": "100026788238177",
            "count": 6
        },
        {
            "id": "100080251004899",
            "count": 121,
            "lastActive": "12:18:35 || thứ tư"
        },
        {
            "id": "100084794881999",
            "count": 1
        },
        {
            "id": "100053539778547",
            "count": 0
        },
        {
            "id": "100075468978665",
            "count": 16
        },
        {
            "id": "100057212535665",
            "count": 0
        },
        {
            "id": "100094813860301",
            "count": 1
        },
        {
            "id": "61560013815276",
            "count": 7
        },
        {
            "id": "100079862628150",
            "count": 1
        },
        {
            "id": "61551252604738",
            "count": 5
        },
        {
            "id": "100044964605650",
            "count": 17
        },
        {
            "id": "100054217517272",
            "count": 17
        },
        {
            "id": "100087553655224",
            "count": 20
        },
        {
            "id": "61552422126959",
            "count": 55,
            "lastActive": "22:32:52 || chủ nhật"
        },
        {
            "id": "100081483854259",
            "count": 0
        },
        {
            "id": "61550030184394",
            "count": 17,
            "lastActive": "12:18:37 || thứ tư"
        },
        {
            "id": "100000895922054",
            "count": 33
        }
    ],
    "week": [
        {
            "id": "61560299280947",
            "count": 0,
            "name": "Minh Nh"
        },
        {
            "id": "100091546088288",
            "count": 4,
            "name": "Nguyễn Vũ Minh Anh",
            "lastActive": "19:35:32 || thứ hai"
        },
        {
            "id": "100095215464809",
            "count": 0,
            "name": "Dương Bảo"
        },
        {
            "id": "100054892668998",
            "count": 4,
            "name": "Khanh Phuong",
            "lastActive": "00:02:41 || thứ tư"
        },
        {
            "id": "100075396121822",
            "count": 0,
            "name": "Trần Ngọc Khánh Vy"
        },
        {
            "id": "100074996724205",
            "count": 0,
            "name": "Hưng Trần"
        },
        {
            "id": "61555605603485",
            "count": 0,
            "name": "Anh Thu"
        },
        {
            "id": "100085607483096",
            "count": 0,
            "name": "Mai Anh"
        },
        {
            "id": "61557157391070",
            "count": 0,
            "name": "Ph Hai Anh"
        },
        {
            "id": "61554840782389",
            "count": 0,
            "name": "Hoàng Nam"
        },
        {
            "id": "61570151165872",
            "count": 0,
            "name": "Ng Thành Trung"
        },
        {
            "id": "100087501114948",
            "count": 0,
            "name": "Phạm Tuấn"
        },
        {
            "id": "61550792785491",
            "count": 0,
            "name": "Trần TKhang"
        },
        {
            "id": "61579604062554",
            "count": 0,
            "name": "Sói Bạc"
        },
        {
            "id": "61554362453493",
            "count": 0,
            "name": "Thànhh Lâm"
        },
        {
            "id": "100067832672063",
            "count": 0,
            "name": "Nguyễn Duy"
        },
        {
            "id": "100079965165277",
            "count": 0,
            "name": "Gia Huy"
        },
        {
            "id": "100072015133366",
            "count": 0,
            "name": "Ng Đức Thịnh"
        },
        {
            "id": "100077298042342",
            "count": 0,
            "name": "Khoa Đăng"
        },
        {
            "id": "100064432516488",
            "count": 0,
            "name": "Nguyễn Văn Mạnh"
        },
        {
            "id": "100072665318234",
            "count": 0,
            "name": "Vân Hải"
        },
        {
            "id": "61562709795700",
            "count": 0,
            "name": "Nguyen Duc Huy"
        },
        {
            "id": "61568832282687",
            "count": 0,
            "name": "Dat Thanh"
        },
        {
            "id": "100064283945196",
            "count": 0,
            "name": "Lục Duy"
        },
        {
            "id": "100076754378544",
            "count": 0,
            "name": "Phạm Nguyên"
        },
        {
            "id": "100071407526422",
            "count": 0,
            "name": "Trần Văn Hậu"
        },
        {
            "id": "100065304550209",
            "count": 0,
            "name": "Ng Nh Đức"
        },
        {
            "id": "100070695932927",
            "count": 0,
            "name": "Minh Trien"
        },
        {
            "id": "100016764634265",
            "count": 0,
            "name": "Yến Nhi"
        },
        {
            "id": "61564086295333",
            "count": 0,
            "name": "Tuan Anh"
        },
        {
            "id": "100047832172188",
            "count": 0,
            "name": "Khánh Luân"
        },
        {
            "id": "61579113855262",
            "count": 0,
            "name": "Thiên Hưng"
        },
        {
            "id": "100086481796223",
            "count": 0,
            "name": "Nguyễn Trí"
        },
        {
            "id": "100022796620968",
            "count": 0,
            "name": "Nhà Thơ"
        },
        {
            "id": "100054318702171",
            "count": 0,
            "name": "Time Rime"
        },
        {
            "id": "100017098923899",
            "count": 0,
            "name": "Phú Vương"
        },
        {
            "id": "61577633274458",
            "count": 0,
            "name": "Nguyễn Hiển"
        },
        {
            "id": "100067769979240",
            "count": 0,
            "name": "Thiên Kat"
        },
        {
            "id": "100059988245744",
            "count": 0,
            "name": "Duy Văn Lê"
        },
        {
            "id": "100054603854269",
            "count": 0,
            "name": "Tinh Huu"
        },
        {
            "id": "100075074482615",
            "count": 0,
            "name": "Cao Dung"
        },
        {
            "id": "100043004441372",
            "count": 0,
            "name": "Minh Nhật"
        },
        {
            "id": "61553047557017",
            "count": 0,
            "name": "Duy Anh Lê"
        },
        {
            "id": "61551229995407",
            "count": 0,
            "name": "Quốc Toàn"
        },
        {
            "id": "61556670812769",
            "count": 12,
            "name": "Tra My",
            "lastActive": "22:37:42 || thứ ba"
        },
        {
            "id": "61580864258300",
            "count": 0,
            "name": "Tuy Nguyen"
        },
        {
            "id": "61556349985848",
            "count": 0,
            "name": "Huỳnh Bo"
        },
        {
            "id": "100074691004975",
            "count": 0,
            "name": "Ph Long"
        },
        {
            "id": "100040350022080",
            "count": 0,
            "name": "Hải An"
        },
        {
            "id": "61579487464408",
            "count": 0,
            "name": "Thắng Sou"
        },
        {
            "id": "61573744746452",
            "count": 0,
            "name": "Hà My",
            "lastActive": "20:27:06 || chủ nhật"
        },
        {
            "id": "100062030553853",
            "count": 0,
            "name": "Tuyên Lê"
        },
        {
            "id": "100033896836679",
            "count": 2,
            "name": "Linh Phạmm",
            "lastActive": "00:07:11 || thứ tư"
        },
        {
            "id": "100075077734206",
            "count": 0,
            "name": "Bảo Bảo"
        },
        {
            "id": "61557076137567",
            "count": 0,
            "name": "Anh Quan"
        },
        {
            "id": "61580552340366",
            "count": 0,
            "name": "Khôi Nguyên"
        },
        {
            "id": "100083189075711",
            "count": 0,
            "name": "Ngoc Phuong Tram"
        },
        {
            "id": "61579150986815",
            "count": 0,
            "name": "Hải Yến"
        },
        {
            "id": "100024659535753",
            "count": 0,
            "name": "Vu Nguyen"
        },
        {
            "id": "100095330057562",
            "count": 0,
            "name": "Phan Thanh Uan"
        },
        {
            "id": "100014732596031",
            "count": 0,
            "name": "Thai Phat"
        },
        {
            "id": "100035702689328",
            "count": 0,
            "name": "Nguyễn Thành Long"
        },
        {
            "id": "100068231438996",
            "count": 0,
            "name": "Đào Đức"
        },
        {
            "id": "100028590609907",
            "count": 0,
            "name": "Minh Tâm"
        },
        {
            "id": "100077701390678",
            "count": 16,
            "name": "Yeii Nhie",
            "lastActive": "00:07:38 || thứ tư"
        },
        {
            "id": "100087463270600",
            "count": 6,
            "name": "Quynn Nhu",
            "lastActive": "10:45:55 || thứ tư"
        },
        {
            "id": "100026788238177",
            "count": 0,
            "name": "Để Vương"
        },
        {
            "id": "100080251004899",
            "count": 2,
            "name": "Trần Minh",
            "lastActive": "12:18:35 || thứ tư"
        },
        {
            "id": "100084794881999",
            "count": 0,
            "name": "Nguyễn Hà V.Anh"
        },
        {
            "id": "100053539778547",
            "count": 0,
            "name": "Sami Anh Duong"
        },
        {
            "id": "100075468978665",
            "count": 0,
            "name": "Trần Công Huy"
        },
        {
            "id": "100057212535665",
            "count": 0,
            "name": "Nguyễn Võ Đại Nguyên"
        },
        {
            "id": "100094813860301",
            "count": 0,
            "name": "Trần Tấn Thành"
        },
        {
            "id": "61560013815276",
            "count": 0,
            "name": "Han Gin"
        },
        {
            "id": "100079862628150",
            "count": 0,
            "name": "Cơm Chiên Bít Tết"
        },
        {
            "id": "61551252604738",
            "count": 0,
            "name": "Tuan Anh🦖"
        },
        {
            "id": "100044964605650",
            "count": 0,
            "name": "Hồ Văn Thắng"
        },
        {
            "id": "100054217517272",
            "count": 0,
            "name": "Vũ Đình Minh Quân"
        },
        {
            "id": "100087553655224",
            "count": 0,
            "name": "Nguyen Khánh"
        },
        {
            "id": "61552422126959",
            "count": 0,
            "name": "Puka Nguyen",
            "lastActive": "22:32:52 || chủ nhật"
        },
        {
            "id": "100081483854259",
            "count": 0,
            "name": "Khánh Linh"
        },
        {
            "id": "61550030184394",
            "count": 10,
            "name": "️️️️️️️️️️️️️️️️️️️️️️️️️️️️️️️️️️️️️️️️️️️️️️️️️️️️️️️️️️️️️️️️️️️️️️️️️️️️️️️️️️️️️️️️️️️️️️️️️️️️️️️️️️️️️️️️️️️️️️️️️️️️️️️️️️️️️️️️️️️️️️️️️️️️️️️️️️️️️️️️️️️️️️️️️️ ",
            "lastActive": "12:18:37 || thứ tư"
        },
        {
            "id": "100000895922054",
            "count": 0,
            "name": "Ng Van Hungg 🌸"
        }
    ],
    "day": [
        {
            "id": "61560299280947",
            "count": 0,
            "name": "Minh Nh"
        },
        {
            "id": "100091546088288",
            "count": 0,
            "name": "Nguyễn Vũ Minh Anh",
            "lastActive": "19:35:32 || thứ hai"
        },
        {
            "id": "100095215464809",
            "count": 0,
            "name": "Dương Bảo"
        },
        {
            "id": "100054892668998",
            "count": 4,
            "name": "Khanh Phuong",
            "lastActive": "00:02:41 || thứ tư"
        },
        {
            "id": "100075396121822",
            "count": 0,
            "name": "Trần Ngọc Khánh Vy"
        },
        {
            "id": "100074996724205",
            "count": 0,
            "name": "Hưng Trần"
        },
        {
            "id": "61555605603485",
            "count": 0,
            "name": "Người dùng facebook"
        },
        {
            "id": "100085607483096",
            "count": 0,
            "name": "Mai Anh"
        },
        {
            "id": "61557157391070",
            "count": 0,
            "name": "Ph Hai Anh"
        },
        {
            "id": "61554840782389",
            "count": 0,
            "name": "Hoàng Nam"
        },
        {
            "id": "61570151165872",
            "count": 0,
            "name": "Ng Thành Trung"
        },
        {
            "id": "100087501114948",
            "count": 0,
            "name": "Phạm Tuấn"
        },
        {
            "id": "61550792785491",
            "count": 0,
            "name": "Trần TKhang"
        },
        {
            "id": "61579604062554",
            "count": 0,
            "name": "Sói Bạc"
        },
        {
            "id": "61554362453493",
            "count": 0,
            "name": "Thànhh Lâm"
        },
        {
            "id": "100067832672063",
            "count": 0,
            "name": "Nguyễn Duy"
        },
        {
            "id": "100079965165277",
            "count": 0,
            "name": "Gia Huy"
        },
        {
            "id": "100072015133366",
            "count": 0,
            "name": "Ng Đức Thịnh"
        },
        {
            "id": "100077298042342",
            "count": 0,
            "name": "Khoa Đăng"
        },
        {
            "id": "100064432516488",
            "count": 0,
            "name": "Nguyễn Văn Mạnh"
        },
        {
            "id": "100072665318234",
            "count": 0,
            "name": "Vân Hải"
        },
        {
            "id": "61562709795700",
            "count": 0,
            "name": "Nguyen Duc Huy"
        },
        {
            "id": "61568832282687",
            "count": 0,
            "name": "Dat Thanh"
        },
        {
            "id": "100064283945196",
            "count": 0,
            "name": "Lục Duy"
        },
        {
            "id": "100076754378544",
            "count": 0,
            "name": "Phạm Nguyên"
        },
        {
            "id": "100071407526422",
            "count": 0,
            "name": "Trần Văn Hậu"
        },
        {
            "id": "100065304550209",
            "count": 0,
            "name": "Ng Nh Đức"
        },
        {
            "id": "100070695932927",
            "count": 0,
            "name": "Minh Trien"
        },
        {
            "id": "100016764634265",
            "count": 0,
            "name": "Yến Nhi"
        },
        {
            "id": "61564086295333",
            "count": 0,
            "name": "Tuan Anh"
        },
        {
            "id": "100047832172188",
            "count": 0,
            "name": "Khánh Luân"
        },
        {
            "id": "61579113855262",
            "count": 0,
            "name": "Thiên Hưng"
        },
        {
            "id": "100086481796223",
            "count": 0,
            "name": "Nguyễn Trí"
        },
        {
            "id": "100022796620968",
            "count": 0,
            "name": "Nhà Thơ"
        },
        {
            "id": "100054318702171",
            "count": 0,
            "name": "Time Rime"
        },
        {
            "id": "100017098923899",
            "count": 0,
            "name": "Phú Vương"
        },
        {
            "id": "61577633274458",
            "count": 0,
            "name": "Nguyễn Hiển"
        },
        {
            "id": "100067769979240",
            "count": 0,
            "name": "Thiên Kat"
        },
        {
            "id": "100059988245744",
            "count": 0,
            "name": "Duy Văn Lê"
        },
        {
            "id": "100054603854269",
            "count": 0,
            "name": "Tinh Huu"
        },
        {
            "id": "100075074482615",
            "count": 0,
            "name": "Cao Dung"
        },
        {
            "id": "100043004441372",
            "count": 0,
            "name": "Minh Nhật"
        },
        {
            "id": "61553047557017",
            "count": 0,
            "name": "Duy Anh Lê"
        },
        {
            "id": "61551229995407",
            "count": 0,
            "name": "Quốc Toàn"
        },
        {
            "id": "61556670812769",
            "count": 0,
            "name": "Tra My",
            "lastActive": "22:37:42 || thứ ba"
        },
        {
            "id": "61580864258300",
            "count": 0,
            "name": "Tuy Nguyen"
        },
        {
            "id": "61556349985848",
            "count": 0,
            "name": "Huỳnh Bo"
        },
        {
            "id": "100074691004975",
            "count": 0,
            "name": "Ph Long"
        },
        {
            "id": "100040350022080",
            "count": 0,
            "name": "Hải An"
        },
        {
            "id": "61579487464408",
            "count": 0,
            "name": "Thắng Sou"
        },
        {
            "id": "61573744746452",
            "count": 0,
            "name": "Hà My",
            "lastActive": "20:27:06 || chủ nhật"
        },
        {
            "id": "100062030553853",
            "count": 0,
            "name": "Tuyên Lê"
        },
        {
            "id": "100033896836679",
            "count": 2,
            "name": "Linh Phạmm",
            "lastActive": "00:07:11 || thứ tư"
        },
        {
            "id": "100075077734206",
            "count": 0,
            "name": "Bảo Bảo"
        },
        {
            "id": "61557076137567",
            "count": 0,
            "name": "Anh Quan"
        },
        {
            "id": "61580552340366",
            "count": 0,
            "name": "Khôi Nguyên"
        },
        {
            "id": "100083189075711",
            "count": 0,
            "name": "Ngoc Phuong Tram"
        },
        {
            "id": "61579150986815",
            "count": 0,
            "name": "Hải Yến"
        },
        {
            "id": "100024659535753",
            "count": 0,
            "name": "Vu Nguyen"
        },
        {
            "id": "100095330057562",
            "count": 0,
            "name": "Phan Thanh Uan"
        },
        {
            "id": "100014732596031",
            "count": 0,
            "name": "Thai Phat"
        },
        {
            "id": "100035702689328",
            "count": 0,
            "name": "Nguyễn Thành Long"
        },
        {
            "id": "100068231438996",
            "count": 0,
            "name": "Đào Đức"
        },
        {
            "id": "100028590609907",
            "count": 0,
            "name": "Minh Tâm"
        },
        {
            "id": "100077701390678",
            "count": 8,
            "name": "Yeii Nhie",
            "lastActive": "00:07:38 || thứ tư"
        },
        {
            "id": "100087463270600",
            "count": 2,
            "name": "Quynn Nhu",
            "lastActive": "10:45:55 || thứ tư"
        },
        {
            "id": "100026788238177",
            "count": 0,
            "name": "Để Vương"
        },
        {
            "id": "100080251004899",
            "count": 2,
            "name": "Trần Minh",
            "lastActive": "12:18:35 || thứ tư"
        },
        {
            "id": "100084794881999",
            "count": 0,
            "name": "Nguyễn Hà V.Anh"
        },
        {
            "id": "100053539778547",
            "count": 0,
            "name": "Sami Anh Duong"
        },
        {
            "id": "100075468978665",
            "count": 0,
            "name": "Trần Công Huy"
        },
        {
            "id": "100057212535665",
            "count": 0,
            "name": "Nguyễn Võ Đại Nguyên"
        },
        {
            "id": "100094813860301",
            "count": 0,
            "name": "Trần Tấn Thành"
        },
        {
            "id": "61560013815276",
            "count": 0,
            "name": "Han Gin"
        },
        {
            "id": "100079862628150",
            "count": 0,
            "name": "Cơm Chiên Bít Tết"
        },
        {
            "id": "61551252604738",
            "count": 0,
            "name": "Tuan Anh🦖"
        },
        {
            "id": "100044964605650",
            "count": 0,
            "name": "Hồ Văn Thắng"
        },
        {
            "id": "100054217517272",
            "count": 0,
            "name": "Vũ Đình Minh Quân"
        },
        {
            "id": "100087553655224",
            "count": 0,
            "name": "Nguyen Khánh"
        },
        {
            "id": "61552422126959",
            "count": 0,
            "name": "Puka Nguyen",
            "lastActive": "22:32:52 || chủ nhật"
        },
        {
            "id": "100081483854259",
            "count": 0,
            "name": "Khánh Linh"
        },
        {
            "id": "61550030184394",
            "count": 8,
            "name": "️️️️️️️️️️️️️️️️️️️️️️️️️️️️️️️️️️️️️️️️️️️️️️️️️️️️️️️️️️️️️️️️️️️️️️️️️️️️️️️️️️️️️️️️️️️️️️️️️️️️️️️️️️️️️️️️️️️️️️️️️️️️️️️️️️️️️️️️️️️️️️️️️️️️️️️️️️️️️️️️️️️️️️️️️️ ",
            "lastActive": "12:18:37 || thứ tư"
        },
        {
            "id": "100000895922054",
            "count": 0,
            "name": "Ng Van Hungg 🌸"
        }
    ],
    "time": 3,
    "last": {
        "time": 5,
        "day": [
            {
                "id": "61560299280947",
                "count": 0
            },
            {
                "id": "100091546088288",
                "count": 0
            },
            {
                "id": "100095215464809",
                "count": 0
            },
            {
                "id": "100054892668998",
                "count": 0
            },
            {
                "id": "100075396121822",
                "count": 0
            },
            {
                "id": "100074996724205",
                "count": 0
            },
            {
                "id": "61555605603485",
                "count": 0
            },
            {
                "id": "100085607483096",
                "count": 0
            },
            {
                "id": "61557157391070",
                "count": 0
            },
            {
                "id": "61554840782389",
                "count": 0
            },
            {
                "id": "61570151165872",
                "count": 0
            },
            {
                "id": "100087501114948",
                "count": 0
            },
            {
                "id": "61550792785491",
                "count": 0
            },
            {
                "id": "61579604062554",
                "count": 0
            },
            {
                "id": "61554362453493",
                "count": 0
            },
            {
                "id": "100067832672063",
                "count": 0
            },
            {
                "id": "100079965165277",
                "count": 0
            },
            {
                "id": "100072015133366",
                "count": 0
            },
            {
                "id": "100077298042342",
                "count": 0
            },
            {
                "id": "100064432516488",
                "count": 0
            },
            {
                "id": "100072665318234",
                "count": 0
            },
            {
                "id": "61562709795700",
                "count": 0
            },
            {
                "id": "61568832282687",
                "count": 0
            },
            {
                "id": "100064283945196",
                "count": 0
            },
            {
                "id": "100076754378544",
                "count": 0
            },
            {
                "id": "100071407526422",
                "count": 0
            },
            {
                "id": "100065304550209",
                "count": 0
            },
            {
                "id": "100070695932927",
                "count": 0
            },
            {
                "id": "100016764634265",
                "count": 0
            },
            {
                "id": "61564086295333",
                "count": 0
            },
            {
                "id": "100047832172188",
                "count": 0
            },
            {
                "id": "61579113855262",
                "count": 0
            },
            {
                "id": "100086481796223",
                "count": 0
            },
            {
                "id": "100022796620968",
                "count": 0
            },
            {
                "id": "100054318702171",
                "count": 0
            },
            {
                "id": "100017098923899",
                "count": 0
            },
            {
                "id": "61577633274458",
                "count": 0
            },
            {
                "id": "100067769979240",
                "count": 0
            },
            {
                "id": "100059988245744",
                "count": 0
            },
            {
                "id": "100054603854269",
                "count": 0
            },
            {
                "id": "100075074482615",
                "count": 0
            },
            {
                "id": "100043004441372",
                "count": 0
            },
            {
                "id": "61553047557017",
                "count": 0
            },
            {
                "id": "61551229995407",
                "count": 0
            },
            {
                "id": "61556670812769",
                "count": 0
            },
            {
                "id": "61580864258300",
                "count": 0
            },
            {
                "id": "61556349985848",
                "count": 0
            },
            {
                "id": "100074691004975",
                "count": 0
            },
            {
                "id": "100040350022080",
                "count": 0
            },
            {
                "id": "61579487464408",
                "count": 0
            },
            {
                "id": "61573744746452",
                "count": 0
            },
            {
                "id": "100062030553853",
                "count": 0
            },
            {
                "id": "100033896836679",
                "count": 0
            },
            {
                "id": "100075077734206",
                "count": 0
            },
            {
                "id": "61557076137567",
                "count": 0
            },
            {
                "id": "61580552340366",
                "count": 0
            },
            {
                "id": "100083189075711",
                "count": 0
            },
            {
                "id": "61579150986815",
                "count": 0
            },
            {
                "id": "100024659535753",
                "count": 0
            },
            {
                "id": "100095330057562",
                "count": 0
            },
            {
                "id": "100014732596031",
                "count": 0
            },
            {
                "id": "100035702689328",
                "count": 0
            },
            {
                "id": "100068231438996",
                "count": 0
            },
            {
                "id": "100028590609907",
                "count": 0
            },
            {
                "id": "100077701390678",
                "count": 0
            },
            {
                "id": "100087463270600",
                "count": 0
            },
            {
                "id": "100026788238177",
                "count": 0
            },
            {
                "id": "100080251004899",
                "count": 0
            },
            {
                "id": "100084794881999",
                "count": 0
            },
            {
                "id": "100053539778547",
                "count": 0
            },
            {
                "id": "100075468978665",
                "count": 0
            },
            {
                "id": "100057212535665",
                "count": 0
            },
            {
                "id": "100094813860301",
                "count": 0
            },
            {
                "id": "61560013815276",
                "count": 0
            },
            {
                "id": "100079862628150",
                "count": 0
            },
            {
                "id": "61551252604738",
                "count": 0
            },
            {
                "id": "100044964605650",
                "count": 0
            },
            {
                "id": "100054217517272",
                "count": 0
            },
            {
                "id": "100087553655224",
                "count": 0
            },
            {
                "id": "61552422126959",
                "count": 0
            },
            {
                "id": "100081483854259",
                "count": 0
            },
            {
                "id": "61550030184394",
                "count": 0
            },
            {
                "id": "100000895922054",
                "count": 0
            }
        ],
        "week": [
            {
                "id": "61560299280947",
                "count": 0
            },
            {
                "id": "100091546088288",
                "count": 0
            },
            {
                "id": "100095215464809",
                "count": 0
            },
            {
                "id": "100054892668998",
                "count": 0
            },
            {
                "id": "100075396121822",
                "count": 0
            },
            {
                "id": "100074996724205",
                "count": 0
            },
            {
                "id": "61555605603485",
                "count": 0
            },
            {
                "id": "100085607483096",
                "count": 0
            },
            {
                "id": "61557157391070",
                "count": 0
            },
            {
                "id": "61554840782389",
                "count": 0
            },
            {
                "id": "61570151165872",
                "count": 0
            },
            {
                "id": "100087501114948",
                "count": 0
            },
            {
                "id": "61550792785491",
                "count": 0
            },
            {
                "id": "61579604062554",
                "count": 0
            },
            {
                "id": "61554362453493",
                "count": 0
            },
            {
                "id": "100067832672063",
                "count": 0
            },
            {
                "id": "100079965165277",
                "count": 0
            },
            {
                "id": "100072015133366",
                "count": 0
            },
            {
                "id": "100077298042342",
                "count": 0
            },
            {
                "id": "100064432516488",
                "count": 0
            },
            {
                "id": "100072665318234",
                "count": 0
            },
            {
                "id": "61562709795700",
                "count": 0
            },
            {
                "id": "61568832282687",
                "count": 0
            },
            {
                "id": "100064283945196",
                "count": 0
            },
            {
                "id": "100076754378544",
                "count": 0
            },
            {
                "id": "100071407526422",
                "count": 0
            },
            {
                "id": "100065304550209",
                "count": 0
            },
            {
                "id": "100070695932927",
                "count": 0
            },
            {
                "id": "100016764634265",
                "count": 0
            },
            {
                "id": "61564086295333",
                "count": 0
            },
            {
                "id": "100047832172188",
                "count": 0
            },
            {
                "id": "61579113855262",
                "count": 0
            },
            {
                "id": "100086481796223",
                "count": 0
            },
            {
                "id": "100022796620968",
                "count": 0
            },
            {
                "id": "100054318702171",
                "count": 0
            },
            {
                "id": "100017098923899",
                "count": 0
            },
            {
                "id": "61577633274458",
                "count": 0
            },
            {
                "id": "100067769979240",
                "count": 0
            },
            {
                "id": "100059988245744",
                "count": 0
            },
            {
                "id": "100054603854269",
                "count": 0
            },
            {
                "id": "100075074482615",
                "count": 0
            },
            {
                "id": "100043004441372",
                "count": 0
            },
            {
                "id": "61553047557017",
                "count": 0
            },
            {
                "id": "61551229995407",
                "count": 0
            },
            {
                "id": "61556670812769",
                "count": 0
            },
            {
                "id": "61580864258300",
                "count": 0
            },
            {
                "id": "61556349985848",
                "count": 0
            },
            {
                "id": "100074691004975",
                "count": 0
            },
            {
                "id": "100040350022080",
                "count": 0
            },
            {
                "id": "61579487464408",
                "count": 0
            },
            {
                "id": "61573744746452",
                "count": 0
            },
            {
                "id": "100062030553853",
                "count": 0
            },
            {
                "id": "100033896836679",
                "count": 0
            },
            {
                "id": "100075077734206",
                "count": 0
            },
            {
                "id": "61557076137567",
                "count": 0
            },
            {
                "id": "61580552340366",
                "count": 0
            },
            {
                "id": "100083189075711",
                "count": 0
            },
            {
                "id": "61579150986815",
                "count": 0
            },
            {
                "id": "100024659535753",
                "count": 0
            },
            {
                "id": "100095330057562",
                "count": 0
            },
            {
                "id": "100014732596031",
                "count": 0
            },
            {
                "id": "100035702689328",
                "count": 0
            },
            {
                "id": "100068231438996",
                "count": 0
            },
            {
                "id": "100028590609907",
                "count": 0
            },
            {
                "id": "100077701390678",
                "count": 0
            },
            {
                "id": "100087463270600",
                "count": 0
            },
            {
                "id": "100026788238177",
                "count": 0
            },
            {
                "id": "100080251004899",
                "count": 0
            },
            {
                "id": "100084794881999",
                "count": 0
            },
            {
                "id": "100053539778547",
                "count": 0
            },
            {
                "id": "100075468978665",
                "count": 0
            },
            {
                "id": "100057212535665",
                "count": 0
            },
            {
                "id": "100094813860301",
                "count": 0
            },
            {
                "id": "61560013815276",
                "count": 0
            },
            {
                "id": "100079862628150",
                "count": 0
            },
            {
                "id": "61551252604738",
                "count": 0
            },
            {
                "id": "100044964605650",
                "count": 0
            },
            {
                "id": "100054217517272",
                "count": 0
            },
            {
                "id": "100087553655224",
                "count": 0
            },
            {
                "id": "61552422126959",
                "count": 0
            },
            {
                "id": "100081483854259",
                "count": 0
            },
            {
                "id": "61550030184394",
                "count": 0
            },
            {
                "id": "100000895922054",
                "count": 0
            }
        ]
    }
}