{
    "total": [
        {
            "id": "61555663078205",
            "count": 0
        },
        {
            "id": "61555055440411",
            "count": 12
        },
        {
            "id": "100079161900475",
            "count": 6
        },
        {
            "id": "61552696773766",
            "count": 0
        },
        {
            "id": "100077462006124",
            "count": 0
        },
        {
            "id": "61566443003805",
            "count": 0
        },
        {
            "id": "61551738706331",
            "count": 8
        },
        {
            "id": "100091845151034",
            "count": 25
        },
        {
            "id": "100089236261134",
            "count": 2
        },
        {
            "id": "61552772166845",
            "count": 4
        },
        {
            "id": "61552859104897",
            "count": 0
        },
        {
            "id": "100085018733414",
            "count": 51
        },
        {
            "id": "61552256020602",
            "count": 0
        },
        {
            "id": "100085090770303",
            "count": 0
        },
        {
            "id": "100066465141896",
            "count": 0
        },
        {
            "id": "61553033272616",
            "count": 39
        },
        {
            "id": "61578567180822",
            "count": 5
        },
        {
            "id": "100081154213575",
            "count": 0
        },
        {
            "id": "61575241614755",
            "count": 0
        },
        {
            "id": "61552590330807",
            "count": 8
        },
        {
            "id": "61573562589367",
            "count": 0
        },
        {
            "id": "61573807631784",
            "count": 5
        },
        {
            "id": "100081038121800",
            "count": 1
        },
        {
            "id": "61558487580797",
            "count": 0
        },
        {
            "id": "61555926301239",
            "count": 41
        },
        {
            "id": "61556285498662",
            "count": 8
        },
        {
            "id": "100091825450113",
            "count": 0
        },
        {
            "id": "61552876016500",
            "count": 0
        },
        {
            "id": "61580636995208",
            "count": 23
        },
        {
            "id": "61562337393950",
            "count": 0
        },
        {
            "id": "61550459630691",
            "count": 103
        },
        {
            "id": "61557216241077",
            "count": 21
        },
        {
            "id": "100088805838074",
            "count": 19
        },
        {
            "id": "61559183742245",
            "count": 33
        },
        {
            "id": "61550500206489",
            "count": 25
        },
        {
            "id": "100086047064877",
            "count": 46
        },
        {
            "id": "61571582153160",
            "count": 19
        },
        {
            "id": "100000895922054",
            "count": 3
        },
        {
            "id": "100093088435839",
            "count": 3
        },
        {
            "id": "100094902459900",
            "count": 2
        },
        {
            "id": "61552951580023",
            "count": 15
        },
        {
            "id": "100025398881233",
            "count": 4
        },
        {
            "id": "61581815902288",
            "count": 0
        },
        {
            "id": "100095739600456",
            "count": 0
        }
    ],
    "week": [
        {
            "id": "61555663078205",
            "count": 0,
            "name": "Ng Bảo Trân"
        },
        {
            "id": "61555055440411",
            "count": 0,
            "name": "Nguyễn Ngọc Hoàng My"
        },
        {
            "id": "100079161900475",
            "count": 0,
            "name": "Chau Anh"
        },
        {
            "id": "61552696773766",
            "count": 0,
            "name": "Trần Thị Thùy Dương"
        },
        {
            "id": "100077462006124",
            "count": 0,
            "name": "Dieu Thuy"
        },
        {
            "id": "61566443003805",
            "count": 0,
            "name": "Ngọc Diệp"
        },
        {
            "id": "61551738706331",
            "count": 0,
            "name": "Nguyễn Nhi"
        },
        {
            "id": "100091845151034",
            "count": 0,
            "name": "Hà Giang Bùi"
        },
        {
            "id": "100089236261134",
            "count": 0,
            "name": "Tống Tất Hồng Nhật"
        },
        {
            "id": "61552772166845",
            "count": 0,
            "name": "Dương Bảo Trân"
        },
        {
            "id": "61552859104897",
            "count": 0,
            "name": "Trần Bảo Ngọc"
        },
        {
            "id": "100085018733414",
            "count": 0,
            "name": "Trần Thị Cẩm Lai"
        },
        {
            "id": "61552256020602",
            "count": 0,
            "name": "Hồ Ngân Khánh"
        },
        {
            "id": "100085090770303",
            "count": 0,
            "name": "Nhung Phan"
        },
        {
            "id": "100066465141896",
            "count": 0,
            "name": "Trần Bảo Ngọc"
        },
        {
            "id": "61553033272616",
            "count": 0,
            "name": "Nguyễn Khánh Ngân"
        },
        {
            "id": "61578567180822",
            "count": 0,
            "name": "Uyên Linh"
        },
        {
            "id": "100081154213575",
            "count": 0,
            "name": "Hoàng Ngọc Diệp"
        },
        {
            "id": "61575241614755",
            "count": 0,
            "name": "Phạm Thảo Nguyên"
        },
        {
            "id": "61552590330807",
            "count": 0,
            "name": "Ngọc Diệp"
        },
        {
            "id": "61573562589367",
            "count": 0,
            "name": "Nguyễn Gia Huy"
        },
        {
            "id": "61573807631784",
            "count": 0,
            "name": "Nguyễn Gia Huy"
        },
        {
            "id": "100081038121800",
            "count": 0,
            "name": "Thanh Vân"
        },
        {
            "id": "61558487580797",
            "count": 0,
            "name": "Người dùng Facebook"
        },
        {
            "id": "61555926301239",
            "count": 0,
            "name": "Nguyễn Hà Bảo"
        },
        {
            "id": "61556285498662",
            "count": 0,
            "name": "Hai Nguyen"
        },
        {
            "id": "100091825450113",
            "count": 0,
            "name": "Nguyễn Ngọc"
        },
        {
            "id": "61552876016500",
            "count": 0,
            "name": "Nguyễn Việt An"
        },
        {
            "id": "61580636995208",
            "count": 0,
            "name": "Hoàng Mạnh"
        },
        {
            "id": "61562337393950",
            "count": 0,
            "name": "Lê Tường Phong"
        },
        {
            "id": "61550459630691",
            "count": 0,
            "name": "Phạm Thị Thái An"
        },
        {
            "id": "61557216241077",
            "count": 0,
            "name": "Nguyễn Thục Quyên"
        },
        {
            "id": "100088805838074",
            "count": 0,
            "name": "Phu Hoang"
        },
        {
            "id": "61559183742245",
            "count": 0,
            "name": "Cinne Chau"
        },
        {
            "id": "61550500206489",
            "count": 0,
            "name": "Nguyễn Thu Thuỷ"
        },
        {
            "id": "100086047064877",
            "count": 0,
            "name": "Ngọc Hà"
        },
        {
            "id": "61571582153160",
            "count": 0,
            "name": "Bảo An"
        },
        {
            "id": "100000895922054",
            "count": 0,
            "name": "Ng Van Hungg 🌸"
        },
        {
            "id": "100093088435839",
            "count": 0,
            "name": "Trần Văn Bảo"
        },
        {
            "id": "100094902459900",
            "count": 0,
            "name": "Đuc Thang"
        },
        {
            "id": "61552951580023",
            "count": 0,
            "name": "Gia Khánh"
        },
        {
            "id": "100025398881233",
            "count": 0,
            "name": "Trần Khánh Chi"
        },
        {
            "id": "61581815902288",
            "count": 0,
            "name": "Phuongw Anhh"
        },
        {
            "id": "100095739600456",
            "count": 0,
            "name": "Người dùng facebook"
        }
    ],
    "day": [
        {
            "id": "61555663078205",
            "count": 0,
            "name": "Ng Bảo Trân"
        },
        {
            "id": "61555055440411",
            "count": 0,
            "name": "Nguyễn Ngọc Hoàng My"
        },
        {
            "id": "100079161900475",
            "count": 0,
            "name": "Chau Anh"
        },
        {
            "id": "61552696773766",
            "count": 0,
            "name": "Trần Thị Thùy Dương"
        },
        {
            "id": "100077462006124",
            "count": 0,
            "name": "Dieu Thuy"
        },
        {
            "id": "61566443003805",
            "count": 0,
            "name": "Ngọc Diệp"
        },
        {
            "id": "61551738706331",
            "count": 0,
            "name": "Nguyễn Nhi"
        },
        {
            "id": "100091845151034",
            "count": 0,
            "name": "Hà Giang Bùi"
        },
        {
            "id": "100089236261134",
            "count": 0,
            "name": "Tống Tất Hồng Nhật"
        },
        {
            "id": "61552772166845",
            "count": 0,
            "name": "Dương Bảo Trân"
        },
        {
            "id": "61552859104897",
            "count": 0,
            "name": "Trần Bảo Ngọc"
        },
        {
            "id": "100085018733414",
            "count": 0,
            "name": "Trần Thị Cẩm Lai"
        },
        {
            "id": "61552256020602",
            "count": 0,
            "name": "Hồ Ngân Khánh"
        },
        {
            "id": "100085090770303",
            "count": 0,
            "name": "Nhung Phan"
        },
        {
            "id": "100066465141896",
            "count": 0,
            "name": "Trần Bảo Ngọc"
        },
        {
            "id": "61553033272616",
            "count": 0,
            "name": "Nguyễn Khánh Ngân"
        },
        {
            "id": "61578567180822",
            "count": 0,
            "name": "Uyên Linh"
        },
        {
            "id": "100081154213575",
            "count": 0,
            "name": "Hoàng Ngọc Diệp"
        },
        {
            "id": "61575241614755",
            "count": 0,
            "name": "Phạm Thảo Nguyên"
        },
        {
            "id": "61552590330807",
            "count": 0,
            "name": "Ngọc Diệp"
        },
        {
            "id": "61573562589367",
            "count": 0,
            "name": "Nguyễn Gia Huy"
        },
        {
            "id": "61573807631784",
            "count": 0,
            "name": "Nguyễn Gia Huy"
        },
        {
            "id": "100081038121800",
            "count": 0,
            "name": "Thanh Vân"
        },
        {
            "id": "61558487580797",
            "count": 0,
            "name": "Người dùng Facebook"
        },
        {
            "id": "61555926301239",
            "count": 0,
            "name": "Nguyễn Hà Bảo"
        },
        {
            "id": "61556285498662",
            "count": 0,
            "name": "Hai Nguyen"
        },
        {
            "id": "100091825450113",
            "count": 0,
            "name": "Nguyễn Ngọc"
        },
        {
            "id": "61552876016500",
            "count": 0,
            "name": "Nguyễn Việt An"
        },
        {
            "id": "61580636995208",
            "count": 0,
            "name": "Hoàng Mạnh"
        },
        {
            "id": "61562337393950",
            "count": 0,
            "name": "Lê Tường Phong"
        },
        {
            "id": "61550459630691",
            "count": 0,
            "name": "Phạm Thị Thái An"
        },
        {
            "id": "61557216241077",
            "count": 0,
            "name": "Nguyễn Thục Quyên"
        },
        {
            "id": "100088805838074",
            "count": 0,
            "name": "Phu Hoang"
        },
        {
            "id": "61559183742245",
            "count": 0,
            "name": "Cinne Chau"
        },
        {
            "id": "61550500206489",
            "count": 0,
            "name": "Nguyễn Thu Thuỷ"
        },
        {
            "id": "100086047064877",
            "count": 0,
            "name": "Ngọc Hà"
        },
        {
            "id": "61571582153160",
            "count": 0,
            "name": "Bảo An"
        },
        {
            "id": "100000895922054",
            "count": 0,
            "name": "Ng Van Hungg 🌸"
        },
        {
            "id": "100093088435839",
            "count": 0,
            "name": "Trần Văn Bảo"
        },
        {
            "id": "100094902459900",
            "count": 0,
            "name": "Đuc Thang"
        },
        {
            "id": "61552951580023",
            "count": 0,
            "name": "Gia Khánh"
        },
        {
            "id": "100025398881233",
            "count": 0,
            "name": "Trần Khánh Chi"
        },
        {
            "id": "61581815902288",
            "count": 0,
            "name": "Phuongw Anhh"
        },
        {
            "id": "100095739600456",
            "count": 0,
            "name": "Người dùng facebook"
        }
    ],
    "time": 3,
    "last": {
        "time": 0,
        "day": [
            {
                "id": "61555663078205",
                "count": 0
            },
            {
                "id": "61555055440411",
                "count": 0
            },
            {
                "id": "100079161900475",
                "count": 0
            },
            {
                "id": "61552696773766",
                "count": 0
            },
            {
                "id": "100077462006124",
                "count": 0
            },
            {
                "id": "61566443003805",
                "count": 0
            },
            {
                "id": "61551738706331",
                "count": 0
            },
            {
                "id": "100091845151034",
                "count": 0
            },
            {
                "id": "100089236261134",
                "count": 0
            },
            {
                "id": "61552772166845",
                "count": 0
            },
            {
                "id": "61552859104897",
                "count": 0
            },
            {
                "id": "100085018733414",
                "count": 0
            },
            {
                "id": "61552256020602",
                "count": 0
            },
            {
                "id": "100085090770303",
                "count": 0
            },
            {
                "id": "100066465141896",
                "count": 0
            },
            {
                "id": "61553033272616",
                "count": 0
            },
            {
                "id": "61578567180822",
                "count": 0
            },
            {
                "id": "100081154213575",
                "count": 0
            },
            {
                "id": "61575241614755",
                "count": 0
            },
            {
                "id": "61552590330807",
                "count": 0
            },
            {
                "id": "61573562589367",
                "count": 0
            },
            {
                "id": "61573807631784",
                "count": 0
            },
            {
                "id": "100081038121800",
                "count": 0
            },
            {
                "id": "61558487580797",
                "count": 0
            },
            {
                "id": "61555926301239",
                "count": 0
            },
            {
                "id": "61556285498662",
                "count": 0
            },
            {
                "id": "100091825450113",
                "count": 0
            },
            {
                "id": "61552876016500",
                "count": 0
            },
            {
                "id": "61580636995208",
                "count": 0
            },
            {
                "id": "61562337393950",
                "count": 0
            },
            {
                "id": "61550459630691",
                "count": 0
            },
            {
                "id": "61557216241077",
                "count": 0
            },
            {
                "id": "100088805838074",
                "count": 0
            },
            {
                "id": "61559183742245",
                "count": 0
            },
            {
                "id": "61550500206489",
                "count": 0
            },
            {
                "id": "100086047064877",
                "count": 0
            },
            {
                "id": "61571582153160",
                "count": 0
            },
            {
                "id": "100000895922054",
                "count": 0
            },
            {
                "id": "100093088435839",
                "count": 0
            },
            {
                "id": "100094902459900",
                "count": 0
            },
            {
                "id": "61552951580023",
                "count": 0
            },
            {
                "id": "100025398881233",
                "count": 0
            },
            {
                "id": "61581815902288",
                "count": 0
            },
            {
                "id": "100095739600456",
                "count": 0
            }
        ],
        "week": [
            {
                "id": "61555663078205",
                "count": 0
            },
            {
                "id": "61555055440411",
                "count": 0
            },
            {
                "id": "100079161900475",
                "count": 0
            },
            {
                "id": "61552696773766",
                "count": 0
            },
            {
                "id": "100077462006124",
                "count": 0
            },
            {
                "id": "61566443003805",
                "count": 0
            },
            {
                "id": "61551738706331",
                "count": 0
            },
            {
                "id": "100091845151034",
                "count": 0
            },
            {
                "id": "100089236261134",
                "count": 0
            },
            {
                "id": "61552772166845",
                "count": 0
            },
            {
                "id": "61552859104897",
                "count": 0
            },
            {
                "id": "100085018733414",
                "count": 0
            },
            {
                "id": "61552256020602",
                "count": 0
            },
            {
                "id": "100085090770303",
                "count": 0
            },
            {
                "id": "100066465141896",
                "count": 0
            },
            {
                "id": "61553033272616",
                "count": 0
            },
            {
                "id": "61578567180822",
                "count": 0
            },
            {
                "id": "100081154213575",
                "count": 0
            },
            {
                "id": "61575241614755",
                "count": 0
            },
            {
                "id": "61552590330807",
                "count": 0
            },
            {
                "id": "61573562589367",
                "count": 0
            },
            {
                "id": "61573807631784",
                "count": 0
            },
            {
                "id": "100081038121800",
                "count": 0
            },
            {
                "id": "61558487580797",
                "count": 0
            },
            {
                "id": "61555926301239",
                "count": 0
            },
            {
                "id": "61556285498662",
                "count": 0
            },
            {
                "id": "100091825450113",
                "count": 0
            },
            {
                "id": "61552876016500",
                "count": 0
            },
            {
                "id": "61580636995208",
                "count": 0
            },
            {
                "id": "61562337393950",
                "count": 0
            },
            {
                "id": "61550459630691",
                "count": 0
            },
            {
                "id": "61557216241077",
                "count": 0
            },
            {
                "id": "100088805838074",
                "count": 0
            },
            {
                "id": "61559183742245",
                "count": 0
            },
            {
                "id": "61550500206489",
                "count": 0
            },
            {
                "id": "100086047064877",
                "count": 0
            },
            {
                "id": "61571582153160",
                "count": 0
            },
            {
                "id": "100000895922054",
                "count": 0
            },
            {
                "id": "100093088435839",
                "count": 0
            },
            {
                "id": "100094902459900",
                "count": 0
            },
            {
                "id": "61552951580023",
                "count": 0
            },
            {
                "id": "100025398881233",
                "count": 0
            },
            {
                "id": "61581815902288",
                "count": 0
            },
            {
                "id": "100095739600456",
                "count": 0
            }
        ]
    }
}