{
    "total": [
        {
            "id": "61577291920059",
            "count": 0
        },
        {
            "id": "61571072354821",
            "count": 0
        },
        {
            "id": "100093969681118",
            "count": 0
        },
        {
            "id": "61566868696571",
            "count": 2
        },
        {
            "id": "61570487159009",
            "count": 0
        },
        {
            "id": "61554625593968",
            "count": 22
        },
        {
            "id": "61572741184575",
            "count": 0
        },
        {
            "id": "100070066975250",
            "count": 0
        },
        {
            "id": "61574219576754",
            "count": 0
        },
        {
            "id": "61580774205077",
            "count": 1
        },
        {
            "id": "100073639420918",
            "count": 5
        },
        {
            "id": "100000895922054",
            "count": 16
        },
        {
            "id": "61555363721496",
            "count": 0
        },
        {
            "id": "100053740697022",
            "count": 0
        }
    ],
    "week": [
        {
            "id": "61577291920059",
            "count": 0,
            "name": "Reo Nguyen"
        },
        {
            "id": "61571072354821",
            "count": 0,
            "name": "Tuee Minhh"
        },
        {
            "id": "100093969681118",
            "count": 0,
            "name": "Nguyen ThuyyAnhh"
        },
        {
            "id": "61566868696571",
            "count": 0,
            "name": "Phạm Ngọc Diệp"
        },
        {
            "id": "61570487159009",
            "count": 0,
            "name": "Giang Đỗ"
        },
        {
            "id": "61554625593968",
            "count": 0,
            "name": "Người dùng facebook"
        },
        {
            "id": "61572741184575",
            "count": 0,
            "name": "Bao Nguyen"
        },
        {
            "id": "100070066975250",
            "count": 0,
            "name": "Hoàng Hải Phong"
        },
        {
            "id": "61574219576754",
            "count": 0,
            "name": "Nguyễn Phốc"
        },
        {
            "id": "61580774205077",
            "count": 0,
            "name": "Suu Dma"
        },
        {
            "id": "100073639420918",
            "count": 0,
            "name": "Ng Van Hungg 💤"
        },
        {
            "id": "100000895922054",
            "count": 0,
            "name": "Ng Van Hungg 🌸"
        },
        {
            "id": "61555363721496",
            "count": 0,
            "name": "Người dùng facebook"
        },
        {
            "id": "100053740697022",
            "count": 0,
            "name": "Người dùng facebook"
        }
    ],
    "day": [
        {
            "id": "61577291920059",
            "count": 0,
            "name": "Reo Nguyen"
        },
        {
            "id": "61571072354821",
            "count": 0,
            "name": "Tuee Minhh"
        },
        {
            "id": "100093969681118",
            "count": 0,
            "name": "Nguyen ThuyyAnhh"
        },
        {
            "id": "61566868696571",
            "count": 0,
            "name": "Phạm Ngọc Diệp"
        },
        {
            "id": "61570487159009",
            "count": 0,
            "name": "Giang Đỗ"
        },
        {
            "id": "61554625593968",
            "count": 0,
            "name": "Người dùng facebook"
        },
        {
            "id": "61572741184575",
            "count": 0,
            "name": "Bao Nguyen"
        },
        {
            "id": "100070066975250",
            "count": 0,
            "name": "Hoàng Hải Phong"
        },
        {
            "id": "61574219576754",
            "count": 0,
            "name": "Nguyễn Phốc"
        },
        {
            "id": "61580774205077",
            "count": 0,
            "name": "Suu Dma"
        },
        {
            "id": "100073639420918",
            "count": 0,
            "name": "Ng Van Hungg 💤"
        },
        {
            "id": "100000895922054",
            "count": 0,
            "name": "Ng Van Hungg 🌸"
        },
        {
            "id": "61555363721496",
            "count": 0,
            "name": "Người dùng facebook"
        },
        {
            "id": "100053740697022",
            "count": 0,
            "name": "Người dùng facebook"
        }
    ],
    "time": 3,
    "last": {
        "time": 5,
        "day": [
            {
                "id": "61577291920059",
                "count": 0
            },
            {
                "id": "61571072354821",
                "count": 0
            },
            {
                "id": "100093969681118",
                "count": 0
            },
            {
                "id": "100053740697022",
                "count": 0
            },
            {
                "id": "61566868696571",
                "count": 0
            },
            {
                "id": "61570487159009",
                "count": 0
            },
            {
                "id": "61554625593968",
                "count": 0
            },
            {
                "id": "61572741184575",
                "count": 0
            },
            {
                "id": "100070066975250",
                "count": 0
            },
            {
                "id": "61555363721496",
                "count": 0
            },
            {
                "id": "61574219576754",
                "count": 0
            },
            {
                "id": "61580774205077",
                "count": 0
            },
            {
                "id": "100073639420918",
                "count": 0
            },
            {
                "id": "100000895922054",
                "count": 0
            }
        ],
        "week": [
            {
                "id": "61577291920059",
                "count": 0
            },
            {
                "id": "61571072354821",
                "count": 0
            },
            {
                "id": "100093969681118",
                "count": 0
            },
            {
                "id": "100053740697022",
                "count": 0
            },
            {
                "id": "61566868696571",
                "count": 0
            },
            {
                "id": "61570487159009",
                "count": 0
            },
            {
                "id": "61554625593968",
                "count": 0
            },
            {
                "id": "61572741184575",
                "count": 0
            },
            {
                "id": "100070066975250",
                "count": 0
            },
            {
                "id": "61555363721496",
                "count": 0
            },
            {
                "id": "61574219576754",
                "count": 0
            },
            {
                "id": "61580774205077",
                "count": 0
            },
            {
                "id": "100073639420918",
                "count": 0
            },
            {
                "id": "100000895922054",
                "count": 0
            }
        ]
    }
}