{
    "total": [
        {
            "id": "61550030184394",
            "count": 4,
            "lastActive": "23:55:31 || chủ nhật"
        },
        {
            "id": "100079543967576",
            "count": 0
        }
    ],
    "week": [
        {
            "id": "61550030184394",
            "count": 0,
            "lastActive": "23:55:31 || chủ nhật",
            "name": "️️️️️️️️️️️️️️️️️️️️️️️️️️️️️️️️️️️️️️️️️️️️️️️️️️️️️️️️️️️️️️️️️️️️️️️️️️️️️️️️️️️️️️️️️️️️️️️️️️️️️️️️️️️️️️️️️️️️️️️️️️️️️️️️️️️️️️️️️️️️️️️️️️️️️️️️️️️️️️️️️️️️️️️️️️ "
        },
        {
            "id": "100079543967576",
            "count": 0,
            "name": "Le Ngoc Duy"
        }
    ],
    "day": [
        {
            "id": "61550030184394",
            "count": 0,
            "lastActive": "23:55:31 || chủ nhật"
        },
        {
            "id": "100079543967576",
            "count": 0
        }
    ],
    "time": 3,
    "last": {
        "time": 0,
        "day": [
            {
                "id": "61550030184394",
                "count": 0
            },
            {
                "id": "100079543967576",
                "count": 0
            }
        ],
        "week": [
            {
                "id": "61550030184394",
                "count": 0
            },
            {
                "id": "100079543967576",
                "count": 0
            }
        ]
    }
}