{
    "total": [
        {
            "id": "100035985762454",
            "count": 2680,
            "lastActive": "16:48:13 || thứ tư"
        },
        {
            "id": "61555210980450",
            "count": 1798,
            "lastActive": "12:50:27 || thứ tư"
        },
        {
            "id": "61573422754459",
            "count": 2656,
            "lastActive": "16:48:31 || thứ tư"
        },
        {
            "id": "100073639420918",
            "count": 66,
            "lastActive": "15:58:25 || thứ tư"
        },
        {
            "id": "61550030184394",
            "count": 322,
            "lastActive": "16:46:12 || thứ tư"
        },
        {
            "id": "100092189421549",
            "count": 25,
            "lastActive": "01:22:43 || thứ ba"
        },
        {
            "id": "100075072744333",
            "count": 265,
            "lastActive": "19:23:46 || thứ hai"
        },
        {
            "id": "100082996910181",
            "count": 42,
            "lastActive": "10:17:14 || thứ hai"
        },
        {
            "id": "100037771187703",
            "count": 390,
            "lastActive": "05:56:29 || thứ ba"
        },
        {
            "id": "100065035385110",
            "count": 82,
            "lastActive": "12:07:52 || thứ tư"
        },
        {
            "id": "100005264348722",
            "count": 0
        },
        {
            "id": "100020031586653",
            "count": 414,
            "lastActive": "09:42:54 || thứ tư"
        },
        {
            "id": "61570582509657",
            "count": 24,
            "lastActive": "09:59:13 || thứ hai"
        },
        {
            "id": "100057145988231",
            "count": 4,
            "lastActive": "23:08:09 || chủ nhật"
        },
        {
            "id": "61558441716614",
            "count": 8,
            "lastActive": "12:52:23 || thứ hai"
        },
        {
            "id": "100069015056550",
            "count": 44,
            "lastActive": "15:15:07 || thứ tư"
        },
        {
            "id": "100084276703612",
            "count": 46,
            "lastActive": "20:59:59 || thứ hai"
        },
        {
            "id": "61580924800294",
            "count": 114,
            "lastActive": "10:40:24 || thứ ba"
        },
        {
            "id": "100035877997753",
            "count": 18,
            "lastActive": "21:31:58 || thứ hai"
        },
        {
            "id": "100083806290635",
            "count": 4,
            "lastActive": "20:14:15 || thứ hai"
        },
        {
            "id": "100081634745968",
            "count": 16,
            "lastActive": "00:09:46 || thứ ba"
        },
        {
            "id": "100041790582260",
            "count": 4,
            "lastActive": "06:39:10 || thứ tư"
        },
        {
            "id": "100035531388192",
            "count": 16,
            "lastActive": "00:11:10 || thứ tư"
        },
        {
            "id": "100055157708244",
            "count": 146,
            "lastActive": "11:06:54 || thứ tư"
        },
        {
            "id": "100065683046852",
            "count": 34,
            "lastActive": "15:23:33 || thứ tư"
        },
        {
            "id": "100095330057562",
            "count": 32,
            "lastActive": "16:41:31 || thứ tư"
        },
        {
            "id": "100086908120353",
            "count": 776,
            "lastActive": "16:47:35 || thứ tư"
        },
        {
            "id": "100089321028101",
            "count": 60,
            "lastActive": "07:53:18 || thứ tư"
        },
        {
            "id": "100071884599784",
            "count": 402,
            "lastActive": "13:42:15 || thứ tư"
        },
        {
            "id": "100037447936563",
            "count": 4,
            "lastActive": "17:33:08 || thứ ba"
        },
        {
            "id": "61563985771898",
            "count": 96,
            "lastActive": "00:58:40 || thứ tư"
        },
        {
            "id": "100079540758607",
            "count": 32,
            "lastActive": "10:34:11 || thứ tư"
        },
        {
            "id": "100026375717268",
            "count": 204,
            "lastActive": "11:36:38 || thứ tư"
        },
        {
            "id": "100034003913160",
            "count": 516,
            "lastActive": "16:52:12 || thứ tư"
        },
        {
            "id": "61556651085785",
            "count": 852,
            "lastActive": "16:08:42 || thứ tư"
        },
        {
            "id": "100071579283358",
            "count": 2,
            "lastActive": "00:13:09 || thứ tư"
        },
        {
            "id": "61565912198794",
            "count": 4,
            "lastActive": "01:47:37 || thứ tư"
        },
        {
            "id": "61577042466620",
            "count": 12,
            "lastActive": "11:53:16 || thứ tư"
        },
        {
            "id": "100087592316597",
            "count": 402,
            "lastActive": "16:44:50 || thứ tư"
        },
        {
            "id": "61558156535667",
            "count": 72,
            "lastActive": "16:44:41 || thứ tư"
        },
        {
            "id": "100082401426058",
            "count": 156,
            "lastActive": "16:40:50 || thứ tư"
        },
        {
            "id": "61575832678073",
            "count": 0
        },
        {
            "id": "61552654603161",
            "count": 4,
            "lastActive": "12:04:38 || thứ tư"
        },
        {
            "id": "61550660950756",
            "count": 8,
            "lastActive": "16:45:17 || thứ tư"
        }
    ],
    "week": [
        {
            "id": "100035985762454",
            "count": 3986,
            "lastActive": "16:48:13 || thứ tư",
            "name": "Nguyễn Bảo Long"
        },
        {
            "id": "61555210980450",
            "count": 2582,
            "lastActive": "12:50:27 || thứ tư",
            "name": "Quỳnh Như"
        },
        {
            "id": "61573422754459",
            "count": 3726,
            "lastActive": "16:48:31 || thứ tư",
            "name": "Ph Wwin"
        },
        {
            "id": "100073639420918",
            "count": 74,
            "lastActive": "15:58:25 || thứ tư",
            "name": "Ng Van Hungg 💤"
        },
        {
            "id": "61550030184394",
            "count": 456,
            "lastActive": "16:46:12 || thứ tư",
            "name": "️️️️️️️️️️️️️️️️️️️️️️️️️️️️️️️️️️️️️️️️️️️️️️️️️️️️️️️️️️️️️️️️️️️️️️️️️️️️️️️️️️️️️️️️️️️️️️️️️️️️️️️️️️️️️️️️️️️️️️️️️️️️️️️️️️️️️️️️️️️️️️️️️️️️️️️️️️️️️️️️️️️️️️️️️️ "
        },
        {
            "id": "100092189421549",
            "count": 33,
            "lastActive": "01:22:43 || thứ ba",
            "name": "Dy Kiềuu"
        },
        {
            "id": "100075072744333",
            "count": 337,
            "lastActive": "19:23:46 || thứ hai",
            "name": "Phương Uyên"
        },
        {
            "id": "100082996910181",
            "count": 68,
            "lastActive": "10:17:14 || thứ hai",
            "name": "Khánh Dư"
        },
        {
            "id": "100037771187703",
            "count": 546,
            "lastActive": "05:56:29 || thứ ba",
            "name": "Hồ Nhất Vương"
        },
        {
            "id": "100065035385110",
            "count": 86,
            "lastActive": "12:07:52 || thứ tư",
            "name": "Hoàng Thư"
        },
        {
            "id": "100005264348722",
            "count": 0,
            "name": "Em Thư"
        },
        {
            "id": "100020031586653",
            "count": 722,
            "lastActive": "09:42:54 || thứ tư",
            "name": "Hà Anh"
        },
        {
            "id": "61570582509657",
            "count": 26,
            "lastActive": "09:59:13 || thứ hai",
            "name": "Ph Hoang Yen"
        },
        {
            "id": "100057145988231",
            "count": 4,
            "lastActive": "23:08:09 || chủ nhật",
            "name": "Duc Anh"
        },
        {
            "id": "61558441716614",
            "count": 16,
            "lastActive": "12:52:23 || thứ hai"
        },
        {
            "id": "100069015056550",
            "count": 64,
            "lastActive": "15:15:07 || thứ tư"
        },
        {
            "id": "100084276703612",
            "count": 92,
            "lastActive": "20:59:59 || thứ hai"
        },
        {
            "id": "61580924800294",
            "count": 228,
            "lastActive": "10:40:24 || thứ ba"
        },
        {
            "id": "100035877997753",
            "count": 36,
            "lastActive": "21:31:58 || thứ hai"
        },
        {
            "id": "100083806290635",
            "count": 8,
            "lastActive": "20:14:15 || thứ hai"
        },
        {
            "id": "100081634745968",
            "count": 32,
            "lastActive": "00:09:46 || thứ ba"
        },
        {
            "id": "100041790582260",
            "count": 6,
            "lastActive": "06:39:10 || thứ tư"
        },
        {
            "id": "100035531388192",
            "count": 30,
            "lastActive": "00:11:10 || thứ tư"
        },
        {
            "id": "100055157708244",
            "count": 154,
            "lastActive": "11:06:54 || thứ tư"
        },
        {
            "id": "100065683046852",
            "count": 62,
            "lastActive": "15:23:33 || thứ tư"
        },
        {
            "id": "100095330057562",
            "count": 32,
            "lastActive": "16:41:31 || thứ tư"
        },
        {
            "id": "100086908120353",
            "count": 1024,
            "lastActive": "16:47:35 || thứ tư"
        },
        {
            "id": "100089321028101",
            "count": 116,
            "lastActive": "07:53:18 || thứ tư"
        },
        {
            "id": "100071884599784",
            "count": 566,
            "lastActive": "13:42:15 || thứ tư"
        },
        {
            "id": "100037447936563",
            "count": 8,
            "lastActive": "17:33:08 || thứ ba"
        },
        {
            "id": "61563985771898",
            "count": 120,
            "lastActive": "00:58:40 || thứ tư"
        },
        {
            "id": "100079540758607",
            "count": 48,
            "lastActive": "10:34:11 || thứ tư"
        },
        {
            "id": "100026375717268",
            "count": 274,
            "lastActive": "11:36:38 || thứ tư"
        },
        {
            "id": "100034003913160",
            "count": 594,
            "lastActive": "16:52:12 || thứ tư"
        },
        {
            "id": "61556651085785",
            "count": 1092,
            "lastActive": "16:08:42 || thứ tư"
        },
        {
            "id": "100071579283358",
            "count": 2,
            "lastActive": "00:13:09 || thứ tư"
        },
        {
            "id": "61565912198794",
            "count": 4,
            "lastActive": "01:47:37 || thứ tư"
        },
        {
            "id": "61577042466620",
            "count": 16,
            "lastActive": "11:53:16 || thứ tư"
        },
        {
            "id": "100087592316597",
            "count": 428,
            "lastActive": "16:44:50 || thứ tư"
        },
        {
            "id": "61558156535667",
            "count": 72,
            "lastActive": "16:44:41 || thứ tư"
        },
        {
            "id": "100082401426058",
            "count": 156,
            "lastActive": "16:40:50 || thứ tư"
        },
        {
            "id": "61575832678073",
            "count": 0
        },
        {
            "id": "61552654603161",
            "count": 4,
            "lastActive": "12:04:38 || thứ tư"
        },
        {
            "id": "61550660950756",
            "count": 8,
            "lastActive": "16:45:17 || thứ tư"
        }
    ],
    "day": [
        {
            "id": "100035985762454",
            "count": 620,
            "lastActive": "16:48:13 || thứ tư"
        },
        {
            "id": "61555210980450",
            "count": 622,
            "lastActive": "12:50:27 || thứ tư"
        },
        {
            "id": "61573422754459",
            "count": 370,
            "lastActive": "16:48:31 || thứ tư"
        },
        {
            "id": "100073639420918",
            "count": 4,
            "lastActive": "15:58:25 || thứ tư"
        },
        {
            "id": "61550030184394",
            "count": 84,
            "lastActive": "16:46:12 || thứ tư"
        },
        {
            "id": "100092189421549",
            "count": 0
        },
        {
            "id": "100075072744333",
            "count": 0
        },
        {
            "id": "100082996910181",
            "count": 0
        },
        {
            "id": "100037771187703",
            "count": 0
        },
        {
            "id": "100065035385110",
            "count": 8,
            "lastActive": "12:07:52 || thứ tư"
        },
        {
            "id": "100005264348722",
            "count": 0
        },
        {
            "id": "100020031586653",
            "count": 12,
            "lastActive": "09:42:54 || thứ tư"
        },
        {
            "id": "61570582509657",
            "count": 0
        },
        {
            "id": "100057145988231",
            "count": 0
        },
        {
            "id": "61558441716614",
            "count": 0
        },
        {
            "id": "100069015056550",
            "count": 24,
            "lastActive": "15:15:07 || thứ tư"
        },
        {
            "id": "100084276703612",
            "count": 0
        },
        {
            "id": "61580924800294",
            "count": 0
        },
        {
            "id": "100035877997753",
            "count": 0
        },
        {
            "id": "100083806290635",
            "count": 0
        },
        {
            "id": "100081634745968",
            "count": 0
        },
        {
            "id": "100041790582260",
            "count": 2,
            "lastActive": "06:39:10 || thứ tư"
        },
        {
            "id": "100035531388192",
            "count": 2,
            "lastActive": "00:11:10 || thứ tư"
        },
        {
            "id": "100055157708244",
            "count": 138,
            "lastActive": "11:06:54 || thứ tư"
        },
        {
            "id": "100065683046852",
            "count": 6,
            "lastActive": "15:23:33 || thứ tư"
        },
        {
            "id": "100095330057562",
            "count": 32,
            "lastActive": "16:41:31 || thứ tư"
        },
        {
            "id": "100086908120353",
            "count": 528,
            "lastActive": "16:47:35 || thứ tư"
        },
        {
            "id": "100089321028101",
            "count": 4,
            "lastActive": "07:53:18 || thứ tư"
        },
        {
            "id": "100071884599784",
            "count": 238,
            "lastActive": "13:42:15 || thứ tư"
        },
        {
            "id": "100037447936563",
            "count": 0
        },
        {
            "id": "61563985771898",
            "count": 72,
            "lastActive": "00:58:40 || thứ tư"
        },
        {
            "id": "100079540758607",
            "count": 16,
            "lastActive": "10:34:11 || thứ tư"
        },
        {
            "id": "100026375717268",
            "count": 134,
            "lastActive": "11:36:38 || thứ tư"
        },
        {
            "id": "100034003913160",
            "count": 438,
            "lastActive": "16:52:12 || thứ tư"
        },
        {
            "id": "61556651085785",
            "count": 612,
            "lastActive": "16:08:42 || thứ tư"
        },
        {
            "id": "100071579283358",
            "count": 2,
            "lastActive": "00:13:09 || thứ tư"
        },
        {
            "id": "61565912198794",
            "count": 4,
            "lastActive": "01:47:37 || thứ tư"
        },
        {
            "id": "61577042466620",
            "count": 8,
            "lastActive": "11:53:16 || thứ tư"
        },
        {
            "id": "100087592316597",
            "count": 376,
            "lastActive": "16:44:50 || thứ tư"
        },
        {
            "id": "61558156535667",
            "count": 72,
            "lastActive": "16:44:41 || thứ tư"
        },
        {
            "id": "100082401426058",
            "count": 156,
            "lastActive": "16:40:50 || thứ tư"
        },
        {
            "id": "61575832678073",
            "count": 0
        },
        {
            "id": "61552654603161",
            "count": 4,
            "lastActive": "12:04:38 || thứ tư"
        },
        {
            "id": "61550660950756",
            "count": 8,
            "lastActive": "16:45:17 || thứ tư"
        }
    ],
    "time": 3,
    "last": {
        "time": 2,
        "day": [
            {
                "id": "100035985762454",
                "count": 2058
            },
            {
                "id": "61555210980450",
                "count": 1176
            },
            {
                "id": "61573422754459",
                "count": 2286
            },
            {
                "id": "100073639420918",
                "count": 62
            },
            {
                "id": "61550030184394",
                "count": 238
            },
            {
                "id": "100092189421549",
                "count": 25
            },
            {
                "id": "100075072744333",
                "count": 265
            },
            {
                "id": "100082996910181",
                "count": 42
            },
            {
                "id": "100037771187703",
                "count": 390
            },
            {
                "id": "100065035385110",
                "count": 74
            },
            {
                "id": "100005264348722",
                "count": 0
            },
            {
                "id": "100020031586653",
                "count": 402
            },
            {
                "id": "61570582509657",
                "count": 24
            },
            {
                "id": "100057145988231",
                "count": 4
            },
            {
                "id": "61558441716614",
                "count": 8
            },
            {
                "id": "100069015056550",
                "count": 20
            },
            {
                "id": "100084276703612",
                "count": 46
            },
            {
                "id": "61580924800294",
                "count": 114
            },
            {
                "id": "100035877997753",
                "count": 18
            },
            {
                "id": "100083806290635",
                "count": 4
            },
            {
                "id": "100081634745968",
                "count": 16
            },
            {
                "id": "100041790582260",
                "count": 2
            },
            {
                "id": "100035531388192",
                "count": 14
            },
            {
                "id": "100055157708244",
                "count": 8
            },
            {
                "id": "100065683046852",
                "count": 28
            },
            {
                "id": "100095330057562",
                "count": 0
            },
            {
                "id": "100086908120353",
                "count": 248
            },
            {
                "id": "100089321028101",
                "count": 56
            },
            {
                "id": "100071884599784",
                "count": 164
            },
            {
                "id": "100037447936563",
                "count": 4
            },
            {
                "id": "61563985771898",
                "count": 24
            },
            {
                "id": "100079540758607",
                "count": 16
            },
            {
                "id": "100026375717268",
                "count": 70
            },
            {
                "id": "100034003913160",
                "count": 78
            },
            {
                "id": "61556651085785",
                "count": 240
            },
            {
                "id": "100071579283358",
                "count": 0
            },
            {
                "id": "61565912198794",
                "count": 0
            },
            {
                "id": "61577042466620",
                "count": 4
            },
            {
                "id": "100087592316597",
                "count": 26
            },
            {
                "id": "61558156535667",
                "count": 0
            },
            {
                "id": "100082401426058",
                "count": 0
            },
            {
                "id": "61575832678073",
                "count": 0
            },
            {
                "id": "61552654603161",
                "count": 0
            },
            {
                "id": "61550660950756",
                "count": 0
            }
        ],
        "week": [
            {
                "id": "100035985762454",
                "count": 1306
            },
            {
                "id": "61555210980450",
                "count": 784
            },
            {
                "id": "61573422754459",
                "count": 1070
            },
            {
                "id": "100073639420918",
                "count": 8
            },
            {
                "id": "61550030184394",
                "count": 134
            },
            {
                "id": "100092189421549",
                "count": 8
            },
            {
                "id": "100075072744333",
                "count": 72
            },
            {
                "id": "100082996910181",
                "count": 26
            },
            {
                "id": "100037771187703",
                "count": 156
            },
            {
                "id": "100065035385110",
                "count": 4
            },
            {
                "id": "100005264348722",
                "count": 0
            },
            {
                "id": "100020031586653",
                "count": 308
            },
            {
                "id": "61570582509657",
                "count": 2
            },
            {
                "id": "100057145988231",
                "count": 0
            },
            {
                "id": "61558441716614",
                "count": 8
            },
            {
                "id": "100069015056550",
                "count": 20
            },
            {
                "id": "100084276703612",
                "count": 46
            },
            {
                "id": "61580924800294",
                "count": 114
            },
            {
                "id": "100035877997753",
                "count": 18
            },
            {
                "id": "100083806290635",
                "count": 4
            },
            {
                "id": "100081634745968",
                "count": 16
            },
            {
                "id": "100041790582260",
                "count": 2
            },
            {
                "id": "100035531388192",
                "count": 14
            },
            {
                "id": "100055157708244",
                "count": 8
            },
            {
                "id": "100065683046852",
                "count": 28
            },
            {
                "id": "100095330057562",
                "count": 0
            },
            {
                "id": "100086908120353",
                "count": 248
            },
            {
                "id": "100089321028101",
                "count": 56
            },
            {
                "id": "100071884599784",
                "count": 164
            },
            {
                "id": "100037447936563",
                "count": 4
            },
            {
                "id": "61563985771898",
                "count": 24
            },
            {
                "id": "100079540758607",
                "count": 16
            },
            {
                "id": "100026375717268",
                "count": 70
            },
            {
                "id": "100034003913160",
                "count": 78
            },
            {
                "id": "61556651085785",
                "count": 240
            },
            {
                "id": "100071579283358",
                "count": 0
            },
            {
                "id": "61565912198794",
                "count": 0
            },
            {
                "id": "61577042466620",
                "count": 4
            },
            {
                "id": "100087592316597",
                "count": 26
            },
            {
                "id": "61558156535667",
                "count": 0
            },
            {
                "id": "100082401426058",
                "count": 0
            },
            {
                "id": "61575832678073",
                "count": 0
            },
            {
                "id": "61552654603161",
                "count": 0
            },
            {
                "id": "61550660950756",
                "count": 0
            }
        ]
    }
}