{
    "total": [
        {
            "id": "61557168293227",
            "count": 111
        },
        {
            "id": "100073639420918",
            "count": 4669,
            "lastActive": "15:57:19 || thứ tư"
        },
        {
            "id": "100000895922054",
            "count": 1471,
            "lastActive": "18:22:30 || thứ ba"
        },
        {
            "id": "61550030184394",
            "count": 673,
            "lastActive": "15:57:20 || thứ tư"
        },
        {
            "id": "61572135665820",
            "count": 2244,
            "lastActive": "16:12:11 || thứ tư"
        },
        {
            "id": "100066234321905",
            "count": 139,
            "lastActive": "20:52:53 || chủ nhật"
        },
        {
            "id": "61570806993271",
            "count": 145,
            "lastActive": "12:18:23 || thứ tư"
        },
        {
            "id": "100090472284363",
            "count": 16
        },
        {
            "id": "100083195177097",
            "count": 291,
            "lastActive": "02:45:17 || thứ tư"
        },
        {
            "id": "100051306214230",
            "count": 2436,
            "lastActive": "16:12:03 || thứ tư"
        },
        {
            "id": "100033476377058",
            "count": 580,
            "lastActive": "19:19:54 || chủ nhật"
        },
        {
            "id": "61563558407053",
            "count": 121
        },
        {
            "id": "100092364073953",
            "count": 351,
            "lastActive": "17:53:06 || thứ ba"
        },
        {
            "id": "61576827791297",
            "count": 52
        },
        {
            "id": "61575838616054",
            "count": 164,
            "lastActive": "13:03:21 || thứ tư"
        },
        {
            "id": "61574857936692",
            "count": 1703,
            "lastActive": "12:31:27 || thứ tư"
        },
        {
            "id": "100067827494573",
            "count": 198,
            "lastActive": "21:18:02 || thứ ba"
        },
        {
            "id": "61575034471403",
            "count": 195
        },
        {
            "id": "61581815902288",
            "count": 123
        },
        {
            "id": "100072439105441",
            "count": 1085,
            "lastActive": "11:29:33 || thứ tư"
        },
        {
            "id": "100090010266756",
            "count": 553,
            "lastActive": "00:50:12 || thứ ba"
        },
        {
            "id": "61554620715942",
            "count": 282,
            "lastActive": "04:46:30 || thứ hai"
        },
        {
            "id": "100090458979503",
            "count": 2137,
            "lastActive": "13:31:10 || thứ tư"
        },
        {
            "id": "100040761302134",
            "count": 270,
            "lastActive": "13:41:32 || thứ tư"
        },
        {
            "id": "61563899065241",
            "count": 121,
            "lastActive": "19:50:16 || chủ nhật"
        },
        {
            "id": "100004446542236",
            "count": 242
        },
        {
            "id": "100045997548947",
            "count": 170,
            "lastActive": "06:13:11 || thứ ba"
        },
        {
            "id": "61564114700108",
            "count": 2555,
            "lastActive": "13:37:52 || thứ tư"
        },
        {
            "id": "100074764201829",
            "count": 238,
            "lastActive": "13:51:18 || thứ tư"
        },
        {
            "id": "100079543967576",
            "count": 3035,
            "lastActive": "16:00:28 || thứ tư"
        },
        {
            "id": "61580782596177",
            "count": 1496,
            "lastActive": "13:51:24 || thứ tư"
        },
        {
            "id": "100081680783009",
            "count": 3
        },
        {
            "id": "61580223887639",
            "count": 42,
            "lastActive": "06:28:52 || thứ ba"
        },
        {
            "id": "100086739041087",
            "count": 182,
            "lastActive": "17:24:51 || thứ ba"
        },
        {
            "id": "61582273912090",
            "count": 1378,
            "lastActive": "13:56:32 || thứ tư"
        },
        {
            "id": "61574133693968",
            "count": 805,
            "lastActive": "13:55:49 || thứ tư"
        },
        {
            "id": "100095300886313",
            "count": 18,
            "lastActive": "12:46:46 || thứ tư"
        },
        {
            "id": "61573572285394",
            "count": 28,
            "lastActive": "23:46:41 || chủ nhật"
        },
        {
            "id": "61550856266302",
            "count": 33,
            "lastActive": "13:51:27 || thứ tư"
        },
        {
            "id": "61562700164208",
            "count": 101,
            "lastActive": "13:03:22 || thứ tư"
        },
        {
            "id": "100030801953960",
            "count": 0
        },
        {
            "id": "100003316155343",
            "count": 0
        },
        {
            "id": "100051095003055",
            "count": 0
        },
        {
            "id": "61575910276578",
            "count": 0
        },
        {
            "id": "61583585876723",
            "count": 0
        },
        {
            "id": "61573986054035",
            "count": 94,
            "lastActive": "13:04:54 || thứ tư"
        },
        {
            "id": "100040432204793",
            "count": 0
        },
        {
            "id": "61583420608426",
            "count": 232,
            "lastActive": "07:12:04 || thứ tư"
        }
    ],
    "week": [
        {
            "id": "61557168293227",
            "count": 0,
            "name": "Gia Huy"
        },
        {
            "id": "100073639420918",
            "count": 1567,
            "name": "Ng Van Hungg 💤",
            "lastActive": "15:57:19 || thứ tư"
        },
        {
            "id": "100000895922054",
            "count": 28,
            "name": "Ng Van Hungg 🌸",
            "lastActive": "18:22:30 || thứ ba"
        },
        {
            "id": "61550030184394",
            "count": 518,
            "name": "️️️️️️️️️️️️️️️️️️️️️️️️️️️️️️️️️️️️️️️️️️️️️️️️️️️️️️️️️️️️️️️️️️️️️️️️️️️️️️️️️️️️️️️️️️️️️️️️️️️️️️️️️️️️️️️️️️️️️️️️️️️️️️️️️️️️️️️️️️️️️️️️️️️️️️️️️️️️️️️️️️️️️️️️️️ ",
            "lastActive": "15:57:20 || thứ tư"
        },
        {
            "id": "61572135665820",
            "count": 522,
            "name": "Anh Kiet",
            "lastActive": "16:12:11 || thứ tư"
        },
        {
            "id": "100066234321905",
            "count": 32,
            "name": "Tr Nh Anh Kiet",
            "lastActive": "20:52:53 || chủ nhật"
        },
        {
            "id": "61570806993271",
            "count": 20,
            "name": "Minh Thaii",
            "lastActive": "12:18:23 || thứ tư"
        },
        {
            "id": "100090472284363",
            "count": 0,
            "name": "Minh Thaii"
        },
        {
            "id": "100083195177097",
            "count": 204,
            "name": "Văn Kha",
            "lastActive": "02:45:17 || thứ tư"
        },
        {
            "id": "100051306214230",
            "count": 439,
            "name": "Gia Mẫn Trịnh Trần",
            "lastActive": "16:12:03 || thứ tư"
        },
        {
            "id": "100033476377058",
            "count": 33,
            "name": "Đặng Ngọc Thắng",
            "lastActive": "19:19:54 || chủ nhật"
        },
        {
            "id": "61563558407053",
            "count": 0,
            "name": "Nguyễn Viet Anh"
        },
        {
            "id": "100092364073953",
            "count": 79,
            "name": "️️️️️️️️️️️️️️️️️️️️️️️️️️️️️️️️️️️️️️️️️️️️️️️️️️️️️️️️️️️️️️️️️️️️️️️️️️️️️️️️️️️️️️️️️️️️️️️️️️️️️️️️️️️️️️️️️️️️️️️️️️️️️️️️️️️️️️️️️️️️️️️️️️️️️️️️️️️️️️️️️️️️️️️️️️",
            "lastActive": "17:53:06 || thứ ba"
        },
        {
            "id": "61576827791297",
            "count": 0,
            "name": "Uyên Lê"
        },
        {
            "id": "61575838616054",
            "count": 14,
            "name": "Lê Văn Hoàng",
            "lastActive": "13:03:21 || thứ tư"
        },
        {
            "id": "61574857936692",
            "count": 424,
            "name": "Hà Vy",
            "lastActive": "12:31:27 || thứ tư"
        },
        {
            "id": "100067827494573",
            "count": 4,
            "name": "Minh Truong",
            "lastActive": "21:18:02 || thứ ba"
        },
        {
            "id": "61575034471403",
            "count": 0,
            "name": "👑  Ng Huy  🐙🧸💤"
        },
        {
            "id": "61581815902288",
            "count": 0,
            "name": "Phuongw Anhh"
        },
        {
            "id": "100072439105441",
            "count": 252,
            "name": "˖Lê Chí ✧˖°",
            "lastActive": "11:29:33 || thứ tư"
        },
        {
            "id": "100090010266756",
            "count": 26,
            "name": "Ngô Nguyễn Minh Trí",
            "lastActive": "00:50:12 || thứ ba"
        },
        {
            "id": "61554620715942",
            "count": 55,
            "name": "Dang Danh",
            "lastActive": "04:46:30 || thứ hai"
        },
        {
            "id": "100090458979503",
            "count": 544,
            "name": "🌸🎧💙👾 Tuan Khanh 🎶🌙✨💤",
            "lastActive": "13:31:10 || thứ tư"
        },
        {
            "id": "100040761302134",
            "count": 67,
            "name": "Minh  Đức 󱢏",
            "lastActive": "13:41:32 || thứ tư"
        },
        {
            "id": "61563899065241",
            "count": 5,
            "name": "Sói Băng",
            "lastActive": "19:50:16 || chủ nhật"
        },
        {
            "id": "100004446542236",
            "count": 0,
            "name": "Người dùng Facebook"
        },
        {
            "id": "100045997548947",
            "count": 5,
            "name": "Jinx・生 ᶻz ꜝꪜ",
            "lastActive": "06:13:11 || thứ ba"
        },
        {
            "id": "61564114700108",
            "count": 1102,
            "name": "Gia Long 🪐",
            "lastActive": "13:37:52 || thứ tư"
        },
        {
            "id": "100074764201829",
            "count": 252,
            "name": "Nguyễn Việt Anh",
            "lastActive": "13:51:18 || thứ tư"
        },
        {
            "id": "100079543967576",
            "count": 2077,
            "name": "Le Ngoc Duy",
            "lastActive": "16:00:28 || thứ tư"
        },
        {
            "id": "61580782596177",
            "count": 689,
            "name": "Le Ngoc Duy",
            "lastActive": "13:51:24 || thứ tư"
        },
        {
            "id": "100081680783009",
            "count": 0,
            "name": "Lê Văn An"
        },
        {
            "id": "61580223887639",
            "count": 36,
            "name": "www.defloration.biz",
            "lastActive": "06:28:52 || thứ ba"
        },
        {
            "id": "100086739041087",
            "count": 136,
            "lastActive": "17:24:51 || thứ ba",
            "name": "Trần Thiên Trí"
        },
        {
            "id": "61582273912090",
            "count": 928,
            "lastActive": "13:56:32 || thứ tư",
            "name": "Khanh Dang"
        },
        {
            "id": "61574133693968",
            "count": 680,
            "lastActive": "13:55:49 || thứ tư",
            "name": "はただ いづみ"
        },
        {
            "id": "100095300886313",
            "count": 6,
            "name": "Mãi Lê",
            "lastActive": "12:46:46 || thứ tư"
        },
        {
            "id": "61573572285394",
            "count": 2,
            "lastActive": "23:46:41 || chủ nhật",
            "name": "Phuong Anh"
        },
        {
            "id": "61550856266302",
            "count": 10,
            "name": "Đặng Thì Hoàng Oanh",
            "lastActive": "13:51:27 || thứ tư"
        },
        {
            "id": "61562700164208",
            "count": 127,
            "lastActive": "13:03:22 || thứ tư",
            "name": "Shí Kalz"
        },
        {
            "id": "100030801953960",
            "count": 0,
            "name": "Trần Hà Linh"
        },
        {
            "id": "100003316155343",
            "count": 0,
            "name": "Hồng Linh"
        },
        {
            "id": "100051095003055",
            "count": 0,
            "name": "Bình An"
        },
        {
            "id": "61575910276578",
            "count": 0,
            "name": "Thanh Ngânn"
        },
        {
            "id": "61583585876723",
            "count": 0,
            "name": "Lan Kiều"
        },
        {
            "id": "61573986054035",
            "count": 140,
            "lastActive": "13:04:54 || thứ tư",
            "name": "Bạch Hoàng Chí Tôn"
        },
        {
            "id": "100040432204793",
            "count": 0
        },
        {
            "id": "61583420608426",
            "count": 232,
            "lastActive": "07:12:04 || thứ tư"
        }
    ],
    "day": [
        {
            "id": "61557168293227",
            "count": 0
        },
        {
            "id": "100073639420918",
            "count": 258,
            "lastActive": "15:57:19 || thứ tư"
        },
        {
            "id": "100000895922054",
            "count": 0
        },
        {
            "id": "61550030184394",
            "count": 112,
            "lastActive": "15:57:20 || thứ tư"
        },
        {
            "id": "61572135665820",
            "count": 44,
            "lastActive": "16:12:11 || thứ tư"
        },
        {
            "id": "100066234321905",
            "count": 0
        },
        {
            "id": "61570806993271",
            "count": 2,
            "lastActive": "12:18:23 || thứ tư"
        },
        {
            "id": "100090472284363",
            "count": 0
        },
        {
            "id": "100083195177097",
            "count": 26,
            "lastActive": "02:45:17 || thứ tư"
        },
        {
            "id": "100051306214230",
            "count": 98,
            "lastActive": "16:12:03 || thứ tư"
        },
        {
            "id": "100033476377058",
            "count": 0
        },
        {
            "id": "61563558407053",
            "count": 0
        },
        {
            "id": "100092364073953",
            "count": 0
        },
        {
            "id": "61576827791297",
            "count": 0
        },
        {
            "id": "61575838616054",
            "count": 6,
            "lastActive": "13:03:21 || thứ tư"
        },
        {
            "id": "61574857936692",
            "count": 64,
            "lastActive": "12:31:27 || thứ tư"
        },
        {
            "id": "100067827494573",
            "count": 0
        },
        {
            "id": "61575034471403",
            "count": 0
        },
        {
            "id": "61581815902288",
            "count": 0
        },
        {
            "id": "100072439105441",
            "count": 8,
            "lastActive": "11:29:33 || thứ tư"
        },
        {
            "id": "100090010266756",
            "count": 0
        },
        {
            "id": "61554620715942",
            "count": 0
        },
        {
            "id": "100090458979503",
            "count": 28,
            "lastActive": "13:31:10 || thứ tư"
        },
        {
            "id": "100040761302134",
            "count": 4,
            "lastActive": "13:41:32 || thứ tư"
        },
        {
            "id": "61563899065241",
            "count": 0
        },
        {
            "id": "100004446542236",
            "count": 0
        },
        {
            "id": "100045997548947",
            "count": 0
        },
        {
            "id": "61564114700108",
            "count": 108,
            "lastActive": "13:37:52 || thứ tư"
        },
        {
            "id": "100074764201829",
            "count": 36,
            "lastActive": "13:51:18 || thứ tư"
        },
        {
            "id": "100079543967576",
            "count": 496,
            "lastActive": "16:00:28 || thứ tư"
        },
        {
            "id": "61580782596177",
            "count": 88,
            "lastActive": "13:51:24 || thứ tư"
        },
        {
            "id": "100081680783009",
            "count": 0
        },
        {
            "id": "61580223887639",
            "count": 0
        },
        {
            "id": "100086739041087",
            "count": 0
        },
        {
            "id": "61582273912090",
            "count": 254,
            "lastActive": "13:56:32 || thứ tư"
        },
        {
            "id": "61574133693968",
            "count": 128,
            "lastActive": "13:55:49 || thứ tư"
        },
        {
            "id": "100095300886313",
            "count": 6,
            "lastActive": "12:46:46 || thứ tư"
        },
        {
            "id": "61573572285394",
            "count": 0
        },
        {
            "id": "61550856266302",
            "count": 6,
            "lastActive": "13:51:27 || thứ tư"
        },
        {
            "id": "61562700164208",
            "count": 14,
            "lastActive": "13:03:22 || thứ tư"
        },
        {
            "id": "100030801953960",
            "count": 0
        },
        {
            "id": "100003316155343",
            "count": 0
        },
        {
            "id": "100051095003055",
            "count": 0
        },
        {
            "id": "61575910276578",
            "count": 0
        },
        {
            "id": "61583585876723",
            "count": 0
        },
        {
            "id": "61573986054035",
            "count": 34,
            "lastActive": "13:04:54 || thứ tư"
        },
        {
            "id": "100040432204793",
            "count": 0
        },
        {
            "id": "61583420608426",
            "count": 232,
            "lastActive": "07:12:04 || thứ tư"
        }
    ],
    "time": 3,
    "last": {
        "time": 2,
        "day": [
            {
                "id": "61557168293227",
                "count": 0
            },
            {
                "id": "100073639420918",
                "count": 324
            },
            {
                "id": "100000895922054",
                "count": 14
            },
            {
                "id": "61550030184394",
                "count": 90
            },
            {
                "id": "61572135665820",
                "count": 12
            },
            {
                "id": "100066234321905",
                "count": 0
            },
            {
                "id": "61570806993271",
                "count": 6
            },
            {
                "id": "100090472284363",
                "count": 0
            },
            {
                "id": "100083195177097",
                "count": 16
            },
            {
                "id": "100051306214230",
                "count": 18
            },
            {
                "id": "100033476377058",
                "count": 0
            },
            {
                "id": "61563558407053",
                "count": 0
            },
            {
                "id": "100092364073953",
                "count": 18
            },
            {
                "id": "61576827791297",
                "count": 0
            },
            {
                "id": "61575838616054",
                "count": 0
            },
            {
                "id": "61574857936692",
                "count": 54
            },
            {
                "id": "100067827494573",
                "count": 2
            },
            {
                "id": "61575034471403",
                "count": 0
            },
            {
                "id": "61581815902288",
                "count": 0
            },
            {
                "id": "100072439105441",
                "count": 4
            },
            {
                "id": "100090010266756",
                "count": 4
            },
            {
                "id": "61554620715942",
                "count": 0
            },
            {
                "id": "100090458979503",
                "count": 134
            },
            {
                "id": "100040761302134",
                "count": 0
            },
            {
                "id": "61563899065241",
                "count": 0
            },
            {
                "id": "100004446542236",
                "count": 0
            },
            {
                "id": "100045997548947",
                "count": 2
            },
            {
                "id": "61564114700108",
                "count": 100
            },
            {
                "id": "100074764201829",
                "count": 84
            },
            {
                "id": "100079543967576",
                "count": 376
            },
            {
                "id": "61580782596177",
                "count": 114
            },
            {
                "id": "100081680783009",
                "count": 0
            },
            {
                "id": "61580223887639",
                "count": 18
            },
            {
                "id": "100086739041087",
                "count": 10
            },
            {
                "id": "61582273912090",
                "count": 160
            },
            {
                "id": "61574133693968",
                "count": 124
            },
            {
                "id": "100095300886313",
                "count": 0
            },
            {
                "id": "61573572285394",
                "count": 0
            },
            {
                "id": "61550856266302",
                "count": 2
            },
            {
                "id": "61562700164208",
                "count": 26
            },
            {
                "id": "100030801953960",
                "count": 0
            },
            {
                "id": "100003316155343",
                "count": 0
            },
            {
                "id": "100051095003055",
                "count": 0
            },
            {
                "id": "61575910276578",
                "count": 0
            },
            {
                "id": "61583585876723",
                "count": 0
            },
            {
                "id": "61573986054035",
                "count": 34
            },
            {
                "id": "100040432204793",
                "count": 0
            },
            {
                "id": "61583420608426",
                "count": 0
            }
        ],
        "week": [
            {
                "id": "61557168293227",
                "count": 0
            },
            {
                "id": "100073639420918",
                "count": 985
            },
            {
                "id": "100000895922054",
                "count": 14
            },
            {
                "id": "61550030184394",
                "count": 316
            },
            {
                "id": "61572135665820",
                "count": 466
            },
            {
                "id": "100066234321905",
                "count": 32
            },
            {
                "id": "61570806993271",
                "count": 12
            },
            {
                "id": "100090472284363",
                "count": 0
            },
            {
                "id": "100083195177097",
                "count": 160
            },
            {
                "id": "100051306214230",
                "count": 323
            },
            {
                "id": "100033476377058",
                "count": 33
            },
            {
                "id": "61563558407053",
                "count": 0
            },
            {
                "id": "100092364073953",
                "count": 61
            },
            {
                "id": "61576827791297",
                "count": 0
            },
            {
                "id": "61575838616054",
                "count": 8
            },
            {
                "id": "61574857936692",
                "count": 306
            },
            {
                "id": "100067827494573",
                "count": 2
            },
            {
                "id": "61575034471403",
                "count": 0
            },
            {
                "id": "61581815902288",
                "count": 0
            },
            {
                "id": "100072439105441",
                "count": 240
            },
            {
                "id": "100090010266756",
                "count": 22
            },
            {
                "id": "61554620715942",
                "count": 55
            },
            {
                "id": "100090458979503",
                "count": 382
            },
            {
                "id": "100040761302134",
                "count": 63
            },
            {
                "id": "61563899065241",
                "count": 5
            },
            {
                "id": "100004446542236",
                "count": 0
            },
            {
                "id": "100045997548947",
                "count": 3
            },
            {
                "id": "61564114700108",
                "count": 894
            },
            {
                "id": "100074764201829",
                "count": 132
            },
            {
                "id": "100079543967576",
                "count": 1205
            },
            {
                "id": "61580782596177",
                "count": 485
            },
            {
                "id": "100081680783009",
                "count": 0
            },
            {
                "id": "61580223887639",
                "count": 18
            },
            {
                "id": "100086739041087",
                "count": 126
            },
            {
                "id": "61582273912090",
                "count": 514
            },
            {
                "id": "61574133693968",
                "count": 428
            },
            {
                "id": "100095300886313",
                "count": 0
            },
            {
                "id": "61573572285394",
                "count": 2
            },
            {
                "id": "61550856266302",
                "count": 2
            },
            {
                "id": "61562700164208",
                "count": 87
            },
            {
                "id": "100030801953960",
                "count": 0
            },
            {
                "id": "100003316155343",
                "count": 0
            },
            {
                "id": "100051095003055",
                "count": 0
            },
            {
                "id": "61575910276578",
                "count": 0
            },
            {
                "id": "61583585876723",
                "count": 0
            },
            {
                "id": "61573986054035",
                "count": 72
            },
            {
                "id": "100040432204793",
                "count": 0
            },
            {
                "id": "61583420608426",
                "count": 0
            }
        ]
    }
}