{
    "total": [
        {
            "id": "100067508386723",
            "count": 117
        },
        {
            "id": "100038946913086",
            "count": 229,
            "lastActive": "12:40:11 || thứ tư"
        },
        {
            "id": "61579289000434",
            "count": 0
        },
        {
            "id": "100060760636786",
            "count": 0
        },
        {
            "id": "100073763480585",
            "count": 9
        },
        {
            "id": "61578016813838",
            "count": 489,
            "lastActive": "01:29:59 || thứ tư"
        },
        {
            "id": "61558219527956",
            "count": 97,
            "lastActive": "09:53:34 || thứ ba"
        },
        {
            "id": "509484270",
            "count": 1417,
            "lastActive": "11:53:06 || thứ tư"
        },
        {
            "id": "100072439105441",
            "count": 0
        },
        {
            "id": "100040761302134",
            "count": 176,
            "lastActive": "09:48:11 || thứ tư"
        },
        {
            "id": "100076027984181",
            "count": 300,
            "lastActive": "12:32:13 || thứ tư"
        },
        {
            "id": "100067827494573",
            "count": 26,
            "lastActive": "23:17:52 || thứ ba"
        },
        {
            "id": "61572135665820",
            "count": 50,
            "lastActive": "10:03:33 || thứ ba"
        },
        {
            "id": "100037140780211",
            "count": 3
        },
        {
            "id": "100085636317402",
            "count": 927,
            "lastActive": "12:40:32 || thứ tư"
        },
        {
            "id": "1535220001",
            "count": 89,
            "lastActive": "23:25:27 || thứ ba"
        },
        {
            "id": "502275138",
            "count": 271,
            "lastActive": "11:36:49 || thứ tư"
        },
        {
            "id": "100091738788586",
            "count": 4
        },
        {
            "id": "100013353878512",
            "count": 4,
            "lastActive": "23:03:27 || thứ ba"
        },
        {
            "id": "100009801367183",
            "count": 657,
            "lastActive": "12:40:07 || thứ tư"
        },
        {
            "id": "100073639420918",
            "count": 505,
            "lastActive": "06:34:24 || thứ tư"
        },
        {
            "id": "100088020755008",
            "count": 0
        },
        {
            "id": "100084424387341",
            "count": 6,
            "lastActive": "21:10:53 || thứ hai"
        },
        {
            "id": "61566955395494",
            "count": 231,
            "lastActive": "12:39:43 || thứ tư"
        },
        {
            "id": "100015899945736",
            "count": 7,
            "lastActive": "23:15:01 || thứ ba"
        },
        {
            "id": "61557268024306",
            "count": 7
        },
        {
            "id": "100015647791389",
            "count": 202,
            "lastActive": "11:12:45 || thứ tư"
        },
        {
            "id": "100081730332704",
            "count": 203,
            "lastActive": "10:38:37 || thứ tư"
        },
        {
            "id": "100015708247902",
            "count": 26,
            "lastActive": "21:32:10 || thứ hai"
        },
        {
            "id": "61575034471403",
            "count": 14
        },
        {
            "id": "61568176484099",
            "count": 99,
            "lastActive": "11:44:57 || thứ tư"
        },
        {
            "id": "100004854283037",
            "count": 37,
            "lastActive": "23:13:54 || thứ ba"
        },
        {
            "id": "100085850988039",
            "count": 3
        },
        {
            "id": "100060687103752",
            "count": 0
        },
        {
            "id": "100048031278514",
            "count": 35,
            "lastActive": "20:43:36 || thứ hai"
        },
        {
            "id": "100080280230629",
            "count": 5
        },
        {
            "id": "61563899065241",
            "count": 5
        },
        {
            "id": "61556131035355",
            "count": 0
        },
        {
            "id": "100000493975005",
            "count": 135,
            "lastActive": "10:20:24 || thứ tư"
        },
        {
            "id": "100047152010637",
            "count": 0
        },
        {
            "id": "100072451285668",
            "count": 74,
            "lastActive": "09:38:22 || thứ tư"
        },
        {
            "id": "100050305603483",
            "count": 0
        },
        {
            "id": "100016757713599",
            "count": 0
        },
        {
            "id": "100076708880515",
            "count": 31,
            "lastActive": "23:31:14 || thứ ba"
        },
        {
            "id": "100069864945865",
            "count": 2,
            "lastActive": "18:48:02 || thứ hai"
        },
        {
            "id": "100054884351496",
            "count": 0
        },
        {
            "id": "100063902783933",
            "count": 33,
            "lastActive": "09:23:47 || thứ tư"
        },
        {
            "id": "1631016269",
            "count": 93,
            "lastActive": "12:29:27 || thứ tư"
        },
        {
            "id": "511411909",
            "count": 103,
            "lastActive": "21:04:10 || thứ hai"
        },
        {
            "id": "100008041000761",
            "count": 0
        },
        {
            "id": "100052881883328",
            "count": 1
        },
        {
            "id": "61581809016609",
            "count": 0
        },
        {
            "id": "61555809030974",
            "count": 19,
            "lastActive": "20:35:14 || thứ hai"
        },
        {
            "id": "61580513413020",
            "count": 16,
            "lastActive": "13:17:06 || thứ hai"
        },
        {
            "id": "100063600331393",
            "count": 574,
            "lastActive": "12:35:22 || thứ tư"
        },
        {
            "id": "651647356",
            "count": 114,
            "lastActive": "23:09:06 || thứ ba"
        },
        {
            "id": "100090458979503",
            "count": 89,
            "lastActive": "11:16:51 || thứ tư"
        },
        {
            "id": "61573843093786",
            "count": 38,
            "lastActive": "11:44:41 || thứ tư"
        },
        {
            "id": "100006741249946",
            "count": 14
        },
        {
            "id": "61575838616054",
            "count": 0
        },
        {
            "id": "100091667680125",
            "count": 0
        },
        {
            "id": "100077870917015",
            "count": 0
        },
        {
            "id": "100037211391552",
            "count": 363,
            "lastActive": "23:24:24 || thứ ba"
        },
        {
            "id": "61570806993271",
            "count": 34,
            "lastActive": "18:49:21 || thứ hai"
        },
        {
            "id": "100090472284363",
            "count": 2,
            "lastActive": "00:20:13 || thứ hai"
        },
        {
            "id": "61576827791297",
            "count": 0
        },
        {
            "id": "100046456190161",
            "count": 0
        },
        {
            "id": "100029904845642",
            "count": 0
        },
        {
            "id": "100000895922054",
            "count": 70
        },
        {
            "id": "1640299546",
            "count": 229,
            "lastActive": "12:29:27 || thứ tư"
        },
        {
            "id": "100092742547112",
            "count": 85,
            "lastActive": "12:28:34 || thứ tư"
        },
        {
            "id": "100071132537313",
            "count": 0
        },
        {
            "id": "61556655984912",
            "count": 4,
            "lastActive": "11:45:15 || thứ hai"
        },
        {
            "id": "61554620715942",
            "count": 11,
            "lastActive": "23:10:25 || thứ ba"
        },
        {
            "id": "1331809870",
            "count": 0
        },
        {
            "id": "61559676777397",
            "count": 2
        },
        {
            "id": "61567780432797",
            "count": 0
        },
        {
            "id": "61583593465139",
            "count": 0
        },
        {
            "id": "100090787034843",
            "count": 220,
            "lastActive": "09:17:15 || thứ tư"
        },
        {
            "id": "61583323330869",
            "count": 4,
            "lastActive": "19:49:51 || thứ hai"
        },
        {
            "id": "61550030184394",
            "count": 86,
            "lastActive": "12:40:13 || thứ tư"
        },
        {
            "id": "61573986054035",
            "count": 266,
            "lastActive": "11:44:47 || thứ tư"
        },
        {
            "id": "100090983800496",
            "count": 64,
            "lastActive": "22:15:42 || thứ ba"
        },
        {
            "id": "100038027234904",
            "count": 20,
            "lastActive": "21:32:51 || thứ hai"
        },
        {
            "id": "100075355876941",
            "count": 112,
            "lastActive": "23:17:53 || thứ ba"
        },
        {
            "id": "61562700164208",
            "count": 44,
            "lastActive": "12:40:13 || thứ tư"
        },
        {
            "id": "100050068740641",
            "count": 0
        },
        {
            "id": "100073340743760",
            "count": 38,
            "lastActive": "12:40:30 || thứ tư"
        }
    ],
    "week": [
        {
            "id": "100067508386723",
            "count": 0,
            "name": "Người dùng Facebook"
        },
        {
            "id": "100038946913086",
            "count": 232,
            "lastActive": "12:40:11 || thứ tư",
            "name": "Nguyễn Thành Đạt"
        },
        {
            "id": "61579289000434",
            "count": 0,
            "name": "Thanh Loc"
        },
        {
            "id": "100060760636786",
            "count": 0,
            "name": "Hậu Nguyen"
        },
        {
            "id": "100073763480585",
            "count": 0,
            "name": "Dương Khang"
        },
        {
            "id": "61578016813838",
            "count": 438,
            "name": "Meo Meo",
            "lastActive": "01:29:59 || thứ tư"
        },
        {
            "id": "61558219527956",
            "count": 188,
            "name": "Hải Yến",
            "lastActive": "09:53:34 || thứ ba"
        },
        {
            "id": "509484270",
            "count": 974,
            "lastActive": "11:53:06 || thứ tư",
            "name": "Van Tuan"
        },
        {
            "id": "100072439105441",
            "count": 0,
            "name": "˖Lê Chí ✧˖°"
        },
        {
            "id": "100040761302134",
            "count": 108,
            "name": "Minh  Đức 󱢏",
            "lastActive": "09:48:11 || thứ tư"
        },
        {
            "id": "100076027984181",
            "count": 208,
            "lastActive": "12:32:13 || thứ tư",
            "name": "Tan Phatt"
        },
        {
            "id": "100067827494573",
            "count": 16,
            "name": "Minh Truong",
            "lastActive": "23:17:52 || thứ ba"
        },
        {
            "id": "61572135665820",
            "count": 40,
            "name": "Anh Kiet",
            "lastActive": "10:03:33 || thứ ba"
        },
        {
            "id": "100037140780211",
            "count": 0,
            "name": "𝔻𝕠 𝔸𝕟𝕙 𝔻𝕦𝕪 :) ②⓪⓪⑤"
        },
        {
            "id": "100085636317402",
            "count": 1160,
            "lastActive": "12:40:32 || thứ tư",
            "name": "Nguyễn Ngọc Linh"
        },
        {
            "id": "1535220001",
            "count": 24,
            "name": "Nguyễn Thiện Nhân",
            "lastActive": "23:25:27 || thứ ba"
        },
        {
            "id": "502275138",
            "count": 122,
            "name": "Phạm Minh Đồng",
            "lastActive": "11:36:49 || thứ tư"
        },
        {
            "id": "100091738788586",
            "count": 0,
            "name": "Quốc Khánh"
        },
        {
            "id": "100013353878512",
            "count": 8,
            "name": "Vũ Ngọc Quang Huy",
            "lastActive": "23:03:27 || thứ ba"
        },
        {
            "id": "100009801367183",
            "count": 718,
            "name": "Quyết Hoàng",
            "lastActive": "12:40:07 || thứ tư"
        },
        {
            "id": "100073639420918",
            "count": 288,
            "lastActive": "06:34:24 || thứ tư",
            "name": "Ng Van Hungg 💤"
        },
        {
            "id": "100088020755008",
            "count": 0,
            "name": "Thiên Đào"
        },
        {
            "id": "100084424387341",
            "count": 12,
            "name": "Lê Bá Bách",
            "lastActive": "21:10:53 || thứ hai"
        },
        {
            "id": "61566955395494",
            "count": 8,
            "name": "Cẩm Giang",
            "lastActive": "12:39:43 || thứ tư"
        },
        {
            "id": "100015899945736",
            "count": 12,
            "name": "Đình Đức Huy",
            "lastActive": "23:15:01 || thứ ba"
        },
        {
            "id": "61557268024306",
            "count": 0,
            "name": "Hoàng Minh Phong"
        },
        {
            "id": "100015647791389",
            "count": 186,
            "name": "Nguyễn Lê Quốc Huy",
            "lastActive": "11:12:45 || thứ tư"
        },
        {
            "id": "100081730332704",
            "count": 246,
            "name": "Hoàng Quỳnh",
            "lastActive": "10:38:37 || thứ tư"
        },
        {
            "id": "100015708247902",
            "count": 16,
            "name": "Lê Tuấn Vỹ",
            "lastActive": "21:32:10 || thứ hai"
        },
        {
            "id": "61575034471403",
            "count": 0,
            "name": "👑  Ng Huy  🐙🧸💤"
        },
        {
            "id": "61568176484099",
            "count": 90,
            "name": "Nguyễn Việt Hoàng",
            "lastActive": "11:44:57 || thứ tư"
        },
        {
            "id": "100004854283037",
            "count": 68,
            "name": "Đến Đi Làmtổnthươngnhauđi",
            "lastActive": "23:13:54 || thứ ba"
        },
        {
            "id": "100085850988039",
            "count": 0,
            "name": "Nguyen Nam"
        },
        {
            "id": "100060687103752",
            "count": 0,
            "name": "Người dùng facebook"
        },
        {
            "id": "100048031278514",
            "count": 52,
            "name": "Hoàng Quang Tường",
            "lastActive": "20:43:36 || thứ hai"
        },
        {
            "id": "100080280230629",
            "count": 0,
            "name": "Ngocc Tuann  🧸💤"
        },
        {
            "id": "61563899065241",
            "count": 0,
            "name": "Sói Băng"
        },
        {
            "id": "61556131035355",
            "count": 0,
            "name": "Thanh Tuấn 🦖"
        },
        {
            "id": "100000493975005",
            "count": 30,
            "name": "Nguyễn Đinh Tiến Dũng",
            "lastActive": "10:20:24 || thứ tư"
        },
        {
            "id": "100047152010637",
            "count": 0,
            "name": "Kiên Nguyễn 🌸✔️"
        },
        {
            "id": "100072451285668",
            "count": 12,
            "name": "Ng Văn Chiến",
            "lastActive": "09:38:22 || thứ tư"
        },
        {
            "id": "100050305603483",
            "count": 0,
            "name": "Thanh Trúcc"
        },
        {
            "id": "100016757713599",
            "count": 0,
            "name": "Phạm Trung Kiên"
        },
        {
            "id": "100076708880515",
            "count": 28,
            "name": "Đào Duy Phát",
            "lastActive": "23:31:14 || thứ ba"
        },
        {
            "id": "100069864945865",
            "count": 4,
            "name": "Đặng Văn Lịnh",
            "lastActive": "18:48:02 || thứ hai"
        },
        {
            "id": "100054884351496",
            "count": 0,
            "name": "Võ Hoàng Quý"
        },
        {
            "id": "100063902783933",
            "count": 42,
            "name": "Nguyễn Đức Tài",
            "lastActive": "09:23:47 || thứ tư"
        },
        {
            "id": "1631016269",
            "count": 4,
            "name": "Phạm Minh Đồng",
            "lastActive": "12:29:27 || thứ tư"
        },
        {
            "id": "511411909",
            "count": 56,
            "lastActive": "21:04:10 || thứ hai",
            "name": "Đỗ Văn Hậu"
        },
        {
            "id": "100008041000761",
            "count": 0,
            "name": "Nguyễn Thanh Tuấn"
        },
        {
            "id": "100052881883328",
            "count": 0,
            "name": "Người dùng Facebook"
        },
        {
            "id": "61581809016609",
            "count": 0,
            "name": "Trongphuc Le"
        },
        {
            "id": "61555809030974",
            "count": 16,
            "name": "Hoàng Quyết Tiến",
            "lastActive": "20:35:14 || thứ hai"
        },
        {
            "id": "61580513413020",
            "count": 4,
            "name": "Hoang Quan",
            "lastActive": "13:17:06 || thứ hai"
        },
        {
            "id": "100063600331393",
            "count": 520,
            "name": "Thanh Loc",
            "lastActive": "12:35:22 || thứ tư"
        },
        {
            "id": "651647356",
            "count": 44,
            "name": "Nguyễn Thanh Tuấn",
            "lastActive": "23:09:06 || thứ ba"
        },
        {
            "id": "100090458979503",
            "count": 46,
            "name": "🌸🎧💙👾 Tuan Khanh 🎶🌙✨💤",
            "lastActive": "11:16:51 || thứ tư"
        },
        {
            "id": "61573843093786",
            "count": 32,
            "name": "Đặng Trà My",
            "lastActive": "11:44:41 || thứ tư"
        },
        {
            "id": "100006741249946",
            "count": 0,
            "name": "Nguyễn Đức Phúc"
        },
        {
            "id": "61575838616054",
            "count": 0,
            "name": "Lê Văn Hoàng"
        },
        {
            "id": "100091667680125",
            "count": 0,
            "name": "Nguyen Van Hiep"
        },
        {
            "id": "100077870917015",
            "count": 0,
            "name": "Hà Minh"
        },
        {
            "id": "100037211391552",
            "count": 716,
            "name": "Heo Rừng",
            "lastActive": "23:24:24 || thứ ba"
        },
        {
            "id": "61570806993271",
            "count": 40,
            "lastActive": "18:49:21 || thứ hai",
            "name": "Minh Thaii"
        },
        {
            "id": "100090472284363",
            "count": 4,
            "name": "Minh Thaii",
            "lastActive": "00:20:13 || thứ hai"
        },
        {
            "id": "61576827791297",
            "count": 0,
            "name": "Uyên Lê"
        },
        {
            "id": "100046456190161",
            "count": 0,
            "name": "Phan Ngọc Thu Linh"
        },
        {
            "id": "100029904845642",
            "count": 0,
            "name": "Trần Ngọc Trâm"
        },
        {
            "id": "100000895922054",
            "count": 0,
            "name": "Ng Van Hungg 🌸"
        },
        {
            "id": "1640299546",
            "count": 402,
            "name": "Dris Mhb",
            "lastActive": "12:29:27 || thứ tư"
        },
        {
            "id": "100092742547112",
            "count": 138,
            "lastActive": "12:28:34 || thứ tư",
            "name": "Nguyễn Ngọc Tiến"
        },
        {
            "id": "100071132537313",
            "count": 0,
            "name": "Trần Thanh Dương"
        },
        {
            "id": "61556655984912",
            "count": 4,
            "name": "Lưu Hồng",
            "lastActive": "11:45:15 || thứ hai"
        },
        {
            "id": "61554620715942",
            "count": 16,
            "name": "Dang Danh",
            "lastActive": "23:10:25 || thứ ba"
        },
        {
            "id": "1331809870",
            "count": 0,
            "name": "Nguyễn Văn Thành"
        },
        {
            "id": "61559676777397",
            "count": 0,
            "name": "Khôi Sharks"
        },
        {
            "id": "61567780432797",
            "count": 0,
            "name": "Le Nguyen"
        },
        {
            "id": "61583593465139",
            "count": 0,
            "name": "Người dùng Facebook"
        },
        {
            "id": "100090787034843",
            "count": 420,
            "lastActive": "09:17:15 || thứ tư",
            "name": "Trần Quan Hậu"
        },
        {
            "id": "61583323330869",
            "count": 8,
            "name": "Người dùng facebook",
            "lastActive": "19:49:51 || thứ hai"
        },
        {
            "id": "61550030184394",
            "count": 142,
            "lastActive": "12:40:13 || thứ tư",
            "name": "️️️️️️️️️️️️️️️️️️️️️️️️️️️️️️️️️️️️️️️️️️️️️️️️️️️️️️️️️️️️️️️️️️️️️️️️️️️️️️️️️️️️️️️️️️️️️️️️️️️️️️️️️️️️️️️️️️️️️️️️️️️️️️️️️️️️️️️️️️️️️️️️️️️️️️️️️️️️️️️️️️️️️️️️️️ "
        },
        {
            "id": "61573986054035",
            "count": 414,
            "lastActive": "11:44:47 || thứ tư"
        },
        {
            "id": "100090983800496",
            "count": 128,
            "lastActive": "22:15:42 || thứ ba"
        },
        {
            "id": "100038027234904",
            "count": 40,
            "lastActive": "21:32:51 || thứ hai"
        },
        {
            "id": "100075355876941",
            "count": 224,
            "lastActive": "23:17:53 || thứ ba"
        },
        {
            "id": "61562700164208",
            "count": 74,
            "lastActive": "12:40:13 || thứ tư"
        },
        {
            "id": "100050068740641",
            "count": 0
        },
        {
            "id": "100073340743760",
            "count": 38,
            "lastActive": "12:40:30 || thứ tư"
        }
    ],
    "day": [
        {
            "id": "100067508386723",
            "count": 0
        },
        {
            "id": "100038946913086",
            "count": 36,
            "lastActive": "12:40:11 || thứ tư"
        },
        {
            "id": "61579289000434",
            "count": 0
        },
        {
            "id": "100060760636786",
            "count": 0
        },
        {
            "id": "100073763480585",
            "count": 0
        },
        {
            "id": "61578016813838",
            "count": 98,
            "lastActive": "01:29:59 || thứ tư"
        },
        {
            "id": "61558219527956",
            "count": 0
        },
        {
            "id": "509484270",
            "count": 186,
            "lastActive": "11:53:06 || thứ tư"
        },
        {
            "id": "100072439105441",
            "count": 0
        },
        {
            "id": "100040761302134",
            "count": 48,
            "lastActive": "09:48:11 || thứ tư"
        },
        {
            "id": "100076027984181",
            "count": 62,
            "lastActive": "12:32:13 || thứ tư"
        },
        {
            "id": "100067827494573",
            "count": 0
        },
        {
            "id": "61572135665820",
            "count": 0
        },
        {
            "id": "100037140780211",
            "count": 0
        },
        {
            "id": "100085636317402",
            "count": 248,
            "lastActive": "12:40:32 || thứ tư"
        },
        {
            "id": "1535220001",
            "count": 0
        },
        {
            "id": "502275138",
            "count": 58,
            "lastActive": "11:36:49 || thứ tư"
        },
        {
            "id": "100091738788586",
            "count": 0
        },
        {
            "id": "100013353878512",
            "count": 0
        },
        {
            "id": "100009801367183",
            "count": 214,
            "lastActive": "12:40:07 || thứ tư"
        },
        {
            "id": "100073639420918",
            "count": 28,
            "lastActive": "06:34:24 || thứ tư"
        },
        {
            "id": "100088020755008",
            "count": 0
        },
        {
            "id": "100084424387341",
            "count": 0
        },
        {
            "id": "61566955395494",
            "count": 8,
            "lastActive": "12:39:43 || thứ tư"
        },
        {
            "id": "100015899945736",
            "count": 0
        },
        {
            "id": "61557268024306",
            "count": 0
        },
        {
            "id": "100015647791389",
            "count": 98,
            "lastActive": "11:12:45 || thứ tư"
        },
        {
            "id": "100081730332704",
            "count": 50,
            "lastActive": "10:38:37 || thứ tư"
        },
        {
            "id": "100015708247902",
            "count": 0
        },
        {
            "id": "61575034471403",
            "count": 0
        },
        {
            "id": "61568176484099",
            "count": 6,
            "lastActive": "11:44:57 || thứ tư"
        },
        {
            "id": "100004854283037",
            "count": 0
        },
        {
            "id": "100085850988039",
            "count": 0
        },
        {
            "id": "100060687103752",
            "count": 0
        },
        {
            "id": "100048031278514",
            "count": 0
        },
        {
            "id": "100080280230629",
            "count": 0
        },
        {
            "id": "61563899065241",
            "count": 0
        },
        {
            "id": "61556131035355",
            "count": 0
        },
        {
            "id": "100000493975005",
            "count": 2,
            "lastActive": "10:20:24 || thứ tư"
        },
        {
            "id": "100047152010637",
            "count": 0
        },
        {
            "id": "100072451285668",
            "count": 4,
            "lastActive": "09:38:22 || thứ tư"
        },
        {
            "id": "100050305603483",
            "count": 0
        },
        {
            "id": "100016757713599",
            "count": 0
        },
        {
            "id": "100076708880515",
            "count": 0
        },
        {
            "id": "100069864945865",
            "count": 0
        },
        {
            "id": "100054884351496",
            "count": 0
        },
        {
            "id": "100063902783933",
            "count": 2,
            "lastActive": "09:23:47 || thứ tư"
        },
        {
            "id": "1631016269",
            "count": 4,
            "lastActive": "12:29:27 || thứ tư"
        },
        {
            "id": "511411909",
            "count": 0
        },
        {
            "id": "100008041000761",
            "count": 0
        },
        {
            "id": "100052881883328",
            "count": 0
        },
        {
            "id": "61581809016609",
            "count": 0
        },
        {
            "id": "61555809030974",
            "count": 0
        },
        {
            "id": "61580513413020",
            "count": 0
        },
        {
            "id": "100063600331393",
            "count": 16,
            "lastActive": "12:35:22 || thứ tư"
        },
        {
            "id": "651647356",
            "count": 0
        },
        {
            "id": "100090458979503",
            "count": 2,
            "lastActive": "11:16:51 || thứ tư"
        },
        {
            "id": "61573843093786",
            "count": 32,
            "lastActive": "11:44:41 || thứ tư"
        },
        {
            "id": "100006741249946",
            "count": 0
        },
        {
            "id": "61575838616054",
            "count": 0
        },
        {
            "id": "100091667680125",
            "count": 0
        },
        {
            "id": "100077870917015",
            "count": 0
        },
        {
            "id": "100037211391552",
            "count": 0
        },
        {
            "id": "61570806993271",
            "count": 0
        },
        {
            "id": "100090472284363",
            "count": 0
        },
        {
            "id": "61576827791297",
            "count": 0
        },
        {
            "id": "100046456190161",
            "count": 0
        },
        {
            "id": "100029904845642",
            "count": 0
        },
        {
            "id": "100000895922054",
            "count": 0
        },
        {
            "id": "1640299546",
            "count": 8,
            "lastActive": "12:29:27 || thứ tư"
        },
        {
            "id": "100092742547112",
            "count": 6,
            "lastActive": "12:28:34 || thứ tư"
        },
        {
            "id": "100071132537313",
            "count": 0
        },
        {
            "id": "61556655984912",
            "count": 0
        },
        {
            "id": "61554620715942",
            "count": 0
        },
        {
            "id": "1331809870",
            "count": 0
        },
        {
            "id": "61559676777397",
            "count": 0
        },
        {
            "id": "61567780432797",
            "count": 0
        },
        {
            "id": "61583593465139",
            "count": 0
        },
        {
            "id": "100090787034843",
            "count": 16,
            "lastActive": "09:17:15 || thứ tư"
        },
        {
            "id": "61583323330869",
            "count": 0
        },
        {
            "id": "61550030184394",
            "count": 24,
            "lastActive": "12:40:13 || thứ tư"
        },
        {
            "id": "61573986054035",
            "count": 118,
            "lastActive": "11:44:47 || thứ tư"
        },
        {
            "id": "100090983800496",
            "count": 0
        },
        {
            "id": "100038027234904",
            "count": 0
        },
        {
            "id": "100075355876941",
            "count": 0
        },
        {
            "id": "61562700164208",
            "count": 14,
            "lastActive": "12:40:13 || thứ tư"
        },
        {
            "id": "100050068740641",
            "count": 0
        },
        {
            "id": "100073340743760",
            "count": 38,
            "lastActive": "12:40:30 || thứ tư"
        }
    ],
    "time": 3,
    "last": {
        "time": 2,
        "day": [
            {
                "id": "100067508386723",
                "count": 0
            },
            {
                "id": "100038946913086",
                "count": 112
            },
            {
                "id": "61579289000434",
                "count": 0
            },
            {
                "id": "100060760636786",
                "count": 0
            },
            {
                "id": "100073763480585",
                "count": 0
            },
            {
                "id": "61578016813838",
                "count": 170
            },
            {
                "id": "61558219527956",
                "count": 94
            },
            {
                "id": "509484270",
                "count": 396
            },
            {
                "id": "100072439105441",
                "count": 0
            },
            {
                "id": "100040761302134",
                "count": 30
            },
            {
                "id": "100076027984181",
                "count": 76
            },
            {
                "id": "100067827494573",
                "count": 8
            },
            {
                "id": "61572135665820",
                "count": 20
            },
            {
                "id": "100037140780211",
                "count": 0
            },
            {
                "id": "100085636317402",
                "count": 478
            },
            {
                "id": "1535220001",
                "count": 12
            },
            {
                "id": "502275138",
                "count": 32
            },
            {
                "id": "100091738788586",
                "count": 0
            },
            {
                "id": "100013353878512",
                "count": 4
            },
            {
                "id": "100009801367183",
                "count": 252
            },
            {
                "id": "100073639420918",
                "count": 152
            },
            {
                "id": "100088020755008",
                "count": 0
            },
            {
                "id": "100084424387341",
                "count": 6
            },
            {
                "id": "61566955395494",
                "count": 0
            },
            {
                "id": "100015899945736",
                "count": 6
            },
            {
                "id": "61557268024306",
                "count": 0
            },
            {
                "id": "100015647791389",
                "count": 44
            },
            {
                "id": "100081730332704",
                "count": 98
            },
            {
                "id": "100015708247902",
                "count": 8
            },
            {
                "id": "61575034471403",
                "count": 0
            },
            {
                "id": "61568176484099",
                "count": 42
            },
            {
                "id": "100004854283037",
                "count": 34
            },
            {
                "id": "100085850988039",
                "count": 0
            },
            {
                "id": "100060687103752",
                "count": 0
            },
            {
                "id": "100048031278514",
                "count": 26
            },
            {
                "id": "100080280230629",
                "count": 0
            },
            {
                "id": "61563899065241",
                "count": 0
            },
            {
                "id": "61556131035355",
                "count": 0
            },
            {
                "id": "100000493975005",
                "count": 14
            },
            {
                "id": "100047152010637",
                "count": 0
            },
            {
                "id": "100072451285668",
                "count": 4
            },
            {
                "id": "100050305603483",
                "count": 0
            },
            {
                "id": "100016757713599",
                "count": 0
            },
            {
                "id": "100076708880515",
                "count": 14
            },
            {
                "id": "100069864945865",
                "count": 2
            },
            {
                "id": "100054884351496",
                "count": 0
            },
            {
                "id": "100063902783933",
                "count": 20
            },
            {
                "id": "1631016269",
                "count": 0
            },
            {
                "id": "511411909",
                "count": 32
            },
            {
                "id": "100008041000761",
                "count": 0
            },
            {
                "id": "100052881883328",
                "count": 0
            },
            {
                "id": "61581809016609",
                "count": 0
            },
            {
                "id": "61555809030974",
                "count": 8
            },
            {
                "id": "61580513413020",
                "count": 2
            },
            {
                "id": "100063600331393",
                "count": 252
            },
            {
                "id": "651647356",
                "count": 22
            },
            {
                "id": "100090458979503",
                "count": 22
            },
            {
                "id": "61573843093786",
                "count": 0
            },
            {
                "id": "100006741249946",
                "count": 0
            },
            {
                "id": "61575838616054",
                "count": 0
            },
            {
                "id": "100091667680125",
                "count": 0
            },
            {
                "id": "100077870917015",
                "count": 0
            },
            {
                "id": "100037211391552",
                "count": 358
            },
            {
                "id": "61570806993271",
                "count": 34
            },
            {
                "id": "100090472284363",
                "count": 2
            },
            {
                "id": "61576827791297",
                "count": 0
            },
            {
                "id": "100046456190161",
                "count": 0
            },
            {
                "id": "100029904845642",
                "count": 0
            },
            {
                "id": "100000895922054",
                "count": 0
            },
            {
                "id": "1640299546",
                "count": 196
            },
            {
                "id": "100092742547112",
                "count": 68
            },
            {
                "id": "100071132537313",
                "count": 0
            },
            {
                "id": "61556655984912",
                "count": 2
            },
            {
                "id": "61554620715942",
                "count": 8
            },
            {
                "id": "1331809870",
                "count": 0
            },
            {
                "id": "61559676777397",
                "count": 0
            },
            {
                "id": "61567780432797",
                "count": 0
            },
            {
                "id": "61583593465139",
                "count": 0
            },
            {
                "id": "100090787034843",
                "count": 204
            },
            {
                "id": "61583323330869",
                "count": 4
            },
            {
                "id": "61550030184394",
                "count": 62
            },
            {
                "id": "61573986054035",
                "count": 148
            },
            {
                "id": "100090983800496",
                "count": 64
            },
            {
                "id": "100038027234904",
                "count": 20
            },
            {
                "id": "100075355876941",
                "count": 112
            },
            {
                "id": "61562700164208",
                "count": 30
            },
            {
                "id": "100050068740641",
                "count": 0
            },
            {
                "id": "100073340743760",
                "count": 0
            }
        ],
        "week": [
            {
                "id": "100067508386723",
                "count": 0
            },
            {
                "id": "100038946913086",
                "count": 84
            },
            {
                "id": "61579289000434",
                "count": 0
            },
            {
                "id": "100060760636786",
                "count": 0
            },
            {
                "id": "100073763480585",
                "count": 0
            },
            {
                "id": "61578016813838",
                "count": 170
            },
            {
                "id": "61558219527956",
                "count": 94
            },
            {
                "id": "509484270",
                "count": 392
            },
            {
                "id": "100072439105441",
                "count": 0
            },
            {
                "id": "100040761302134",
                "count": 30
            },
            {
                "id": "100076027984181",
                "count": 70
            },
            {
                "id": "100067827494573",
                "count": 8
            },
            {
                "id": "61572135665820",
                "count": 20
            },
            {
                "id": "100037140780211",
                "count": 0
            },
            {
                "id": "100085636317402",
                "count": 434
            },
            {
                "id": "1535220001",
                "count": 12
            },
            {
                "id": "502275138",
                "count": 32
            },
            {
                "id": "100091738788586",
                "count": 0
            },
            {
                "id": "100013353878512",
                "count": 4
            },
            {
                "id": "100009801367183",
                "count": 252
            },
            {
                "id": "100073639420918",
                "count": 108
            },
            {
                "id": "100088020755008",
                "count": 0
            },
            {
                "id": "100084424387341",
                "count": 6
            },
            {
                "id": "61566955395494",
                "count": 0
            },
            {
                "id": "100015899945736",
                "count": 6
            },
            {
                "id": "61557268024306",
                "count": 0
            },
            {
                "id": "100015647791389",
                "count": 44
            },
            {
                "id": "100081730332704",
                "count": 98
            },
            {
                "id": "100015708247902",
                "count": 8
            },
            {
                "id": "61575034471403",
                "count": 0
            },
            {
                "id": "61568176484099",
                "count": 42
            },
            {
                "id": "100004854283037",
                "count": 34
            },
            {
                "id": "100085850988039",
                "count": 0
            },
            {
                "id": "100060687103752",
                "count": 0
            },
            {
                "id": "100048031278514",
                "count": 26
            },
            {
                "id": "100080280230629",
                "count": 0
            },
            {
                "id": "61563899065241",
                "count": 0
            },
            {
                "id": "61556131035355",
                "count": 0
            },
            {
                "id": "100000493975005",
                "count": 14
            },
            {
                "id": "100047152010637",
                "count": 0
            },
            {
                "id": "100072451285668",
                "count": 4
            },
            {
                "id": "100050305603483",
                "count": 0
            },
            {
                "id": "100016757713599",
                "count": 0
            },
            {
                "id": "100076708880515",
                "count": 14
            },
            {
                "id": "100069864945865",
                "count": 2
            },
            {
                "id": "100054884351496",
                "count": 0
            },
            {
                "id": "100063902783933",
                "count": 20
            },
            {
                "id": "1631016269",
                "count": 0
            },
            {
                "id": "511411909",
                "count": 24
            },
            {
                "id": "100008041000761",
                "count": 0
            },
            {
                "id": "100052881883328",
                "count": 0
            },
            {
                "id": "61581809016609",
                "count": 0
            },
            {
                "id": "61555809030974",
                "count": 8
            },
            {
                "id": "61580513413020",
                "count": 2
            },
            {
                "id": "100063600331393",
                "count": 252
            },
            {
                "id": "651647356",
                "count": 22
            },
            {
                "id": "100090458979503",
                "count": 22
            },
            {
                "id": "61573843093786",
                "count": 0
            },
            {
                "id": "100006741249946",
                "count": 0
            },
            {
                "id": "61575838616054",
                "count": 0
            },
            {
                "id": "100091667680125",
                "count": 0
            },
            {
                "id": "100077870917015",
                "count": 0
            },
            {
                "id": "100037211391552",
                "count": 358
            },
            {
                "id": "61570806993271",
                "count": 6
            },
            {
                "id": "100090472284363",
                "count": 2
            },
            {
                "id": "61576827791297",
                "count": 0
            },
            {
                "id": "100046456190161",
                "count": 0
            },
            {
                "id": "100029904845642",
                "count": 0
            },
            {
                "id": "100000895922054",
                "count": 0
            },
            {
                "id": "1640299546",
                "count": 196
            },
            {
                "id": "100092742547112",
                "count": 62
            },
            {
                "id": "100071132537313",
                "count": 0
            },
            {
                "id": "61556655984912",
                "count": 2
            },
            {
                "id": "61554620715942",
                "count": 8
            },
            {
                "id": "1331809870",
                "count": 0
            },
            {
                "id": "61559676777397",
                "count": 0
            },
            {
                "id": "61567780432797",
                "count": 0
            },
            {
                "id": "61583593465139",
                "count": 0
            },
            {
                "id": "100090787034843",
                "count": 200
            },
            {
                "id": "61583323330869",
                "count": 4
            },
            {
                "id": "61550030184394",
                "count": 56
            },
            {
                "id": "61573986054035",
                "count": 148
            },
            {
                "id": "100090983800496",
                "count": 64
            },
            {
                "id": "100038027234904",
                "count": 20
            },
            {
                "id": "100075355876941",
                "count": 112
            },
            {
                "id": "61562700164208",
                "count": 30
            },
            {
                "id": "100050068740641",
                "count": 0
            },
            {
                "id": "100073340743760",
                "count": 0
            }
        ]
    }
}