{
    "total": [
        {
            "id": "100077701390678",
            "count": 76,
            "lastActive": "17:29:23 || thứ ba"
        },
        {
            "id": "61570151165872",
            "count": 0
        },
        {
            "id": "100054892668998",
            "count": 94,
            "lastActive": "00:03:10 || thứ tư"
        },
        {
            "id": "100055602692785",
            "count": 1
        },
        {
            "id": "100048754506008",
            "count": 0
        },
        {
            "id": "100088851920004",
            "count": 0
        },
        {
            "id": "100093254420046",
            "count": 3
        },
        {
            "id": "100010815753018",
            "count": 0
        },
        {
            "id": "717086408",
            "count": 0
        },
        {
            "id": "61562657715888",
            "count": 0
        },
        {
            "id": "61554840782389",
            "count": 0
        },
        {
            "id": "100024639404495",
            "count": 0
        },
        {
            "id": "100001830738561",
            "count": 0
        },
        {
            "id": "100086108280688",
            "count": 81,
            "lastActive": "19:14:46 || chủ nhật"
        },
        {
            "id": "100051594726817",
            "count": 0
        },
        {
            "id": "100069192865733",
            "count": 3
        },
        {
            "id": "61578971607160",
            "count": 0
        },
        {
            "id": "100070280300269",
            "count": 190,
            "lastActive": "12:02:25 || thứ tư"
        },
        {
            "id": "100087060211940",
            "count": 0
        },
        {
            "id": "61555472326397",
            "count": 8,
            "lastActive": "21:07:13 || thứ ba"
        },
        {
            "id": "61554506773040",
            "count": 0
        },
        {
            "id": "100074996724205",
            "count": 2
        },
        {
            "id": "61561314154950",
            "count": 0
        },
        {
            "id": "61573683645275",
            "count": 0
        },
        {
            "id": "61550275294603",
            "count": 0
        },
        {
            "id": "61554038017892",
            "count": 191,
            "lastActive": "01:14:49 || thứ tư"
        },
        {
            "id": "61560299280947",
            "count": 60,
            "lastActive": "21:11:26 || chủ nhật"
        },
        {
            "id": "100091546088288",
            "count": 95
        },
        {
            "id": "100075396121822",
            "count": 9
        },
        {
            "id": "100072978924690",
            "count": 0
        },
        {
            "id": "61553866546852",
            "count": 0
        },
        {
            "id": "61551368291552",
            "count": 45,
            "lastActive": "09:35:54 || thứ ba"
        },
        {
            "id": "100075237111310",
            "count": 0
        },
        {
            "id": "61561605964211",
            "count": 0
        },
        {
            "id": "100094507777311",
            "count": 6
        },
        {
            "id": "100077460785682",
            "count": 0
        },
        {
            "id": "61551943685646",
            "count": 3
        },
        {
            "id": "100086227358251",
            "count": 0
        },
        {
            "id": "100049574109160",
            "count": 0
        },
        {
            "id": "61562547440770",
            "count": 0
        },
        {
            "id": "100080756823646",
            "count": 0
        },
        {
            "id": "100093852656737",
            "count": 0
        },
        {
            "id": "61554126548305",
            "count": 0
        },
        {
            "id": "100074686485074",
            "count": 0
        },
        {
            "id": "100077726531638",
            "count": 0
        },
        {
            "id": "61577578027491",
            "count": 0
        },
        {
            "id": "100087035292540",
            "count": 1
        },
        {
            "id": "100078127434954",
            "count": 0
        },
        {
            "id": "100029208901267",
            "count": 0
        },
        {
            "id": "100083063205290",
            "count": 0
        },
        {
            "id": "61553609126315",
            "count": 0
        },
        {
            "id": "100089314234931",
            "count": 0
        },
        {
            "id": "100027774074214",
            "count": 0
        },
        {
            "id": "100094198966625",
            "count": 0
        },
        {
            "id": "100037558911864",
            "count": 0
        },
        {
            "id": "100084059730401",
            "count": 0
        },
        {
            "id": "100089067032540",
            "count": 0
        },
        {
            "id": "100024337867419",
            "count": 0
        },
        {
            "id": "100018432901641",
            "count": 0
        },
        {
            "id": "61579425855481",
            "count": 0
        },
        {
            "id": "100077678439337",
            "count": 5
        },
        {
            "id": "61579954137641",
            "count": 0
        },
        {
            "id": "61551571015945",
            "count": 0
        },
        {
            "id": "61573111466414",
            "count": 0
        },
        {
            "id": "100040122007990",
            "count": 0
        },
        {
            "id": "100087892020084",
            "count": 0
        },
        {
            "id": "100082308722552",
            "count": 41
        },
        {
            "id": "61550247366602",
            "count": 0
        },
        {
            "id": "61579909144349",
            "count": 2
        },
        {
            "id": "100047575034025",
            "count": 0
        },
        {
            "id": "100077711535378",
            "count": 2
        },
        {
            "id": "61554788927436",
            "count": 1
        },
        {
            "id": "100095215464809",
            "count": 42
        },
        {
            "id": "100093924927366",
            "count": 43
        },
        {
            "id": "61572068517863",
            "count": 0
        },
        {
            "id": "100068184314406",
            "count": 2
        },
        {
            "id": "100073106223070",
            "count": 0
        },
        {
            "id": "61573710722913",
            "count": 0
        },
        {
            "id": "100039983387285",
            "count": 10
        },
        {
            "id": "509484270",
            "count": 2
        },
        {
            "id": "100068251404536",
            "count": 0
        },
        {
            "id": "61562256632423",
            "count": 15
        },
        {
            "id": "100060219338847",
            "count": 0
        },
        {
            "id": "100092883666891",
            "count": 0
        },
        {
            "id": "100048091841728",
            "count": 360,
            "lastActive": "06:49:14 || thứ tư"
        },
        {
            "id": "100014543896600",
            "count": 0
        },
        {
            "id": "61572594921373",
            "count": 0
        },
        {
            "id": "61563027657741",
            "count": 0
        },
        {
            "id": "100072346549870",
            "count": 0
        },
        {
            "id": "61557247957135",
            "count": 633,
            "lastActive": "12:00:15 || thứ tư"
        },
        {
            "id": "100080753275024",
            "count": 0
        },
        {
            "id": "61573744746452",
            "count": 1
        },
        {
            "id": "61557157391070",
            "count": 60,
            "lastActive": "23:38:12 || thứ ba"
        },
        {
            "id": "100085607483096",
            "count": 465,
            "lastActive": "23:38:03 || thứ ba"
        },
        {
            "id": "61561456492255",
            "count": 0
        },
        {
            "id": "61550030184394",
            "count": 30,
            "lastActive": "11:14:35 || thứ tư"
        },
        {
            "id": "100000895922054",
            "count": 37
        },
        {
            "id": "100070182486318",
            "count": 13
        }
    ],
    "week": [
        {
            "id": "100077701390678",
            "count": 4,
            "name": "Yeii Nhie",
            "lastActive": "17:29:23 || thứ ba"
        },
        {
            "id": "61570151165872",
            "count": 0,
            "name": "Ng Thành Trung"
        },
        {
            "id": "100054892668998",
            "count": 10,
            "name": "Khanh Phuong",
            "lastActive": "00:03:10 || thứ tư"
        },
        {
            "id": "100055602692785",
            "count": 0,
            "name": "Lâm Tâm Như"
        },
        {
            "id": "100048754506008",
            "count": 0,
            "name": "Huỳnh Nguyễn Minh Huy"
        },
        {
            "id": "100088851920004",
            "count": 0,
            "name": "Ngọc Trang"
        },
        {
            "id": "100093254420046",
            "count": 0,
            "name": "Huỳnh Phúc Trí"
        },
        {
            "id": "100010815753018",
            "count": 0,
            "name": "Khánh Huyền"
        },
        {
            "id": "717086408",
            "count": 0,
            "name": "Nurik Usama"
        },
        {
            "id": "61562657715888",
            "count": 0,
            "name": "Nguyệt Hạ"
        },
        {
            "id": "61554840782389",
            "count": 0,
            "name": "Hoàng Nam"
        },
        {
            "id": "100024639404495",
            "count": 0,
            "name": "Quỳnh Nga"
        },
        {
            "id": "100001830738561",
            "count": 0,
            "name": "Hoàng Anh"
        },
        {
            "id": "100086108280688",
            "count": 0,
            "name": "Thái Bá Trọng",
            "lastActive": "19:14:46 || chủ nhật"
        },
        {
            "id": "100051594726817",
            "count": 0,
            "name": "Nguyễn Quang Huy"
        },
        {
            "id": "100069192865733",
            "count": 0,
            "name": "Tuyết Nhi"
        },
        {
            "id": "61578971607160",
            "count": 0,
            "name": "Quynh Anh Le"
        },
        {
            "id": "100070280300269",
            "count": 12,
            "name": "Nguyễn Cá",
            "lastActive": "12:02:25 || thứ tư"
        },
        {
            "id": "100087060211940",
            "count": 0,
            "name": "Phạm Thu Hà"
        },
        {
            "id": "61555472326397",
            "count": 2,
            "name": "Truc Linhh",
            "lastActive": "21:07:13 || thứ ba"
        },
        {
            "id": "61554506773040",
            "count": 0,
            "name": "Quang Vinh"
        },
        {
            "id": "100074996724205",
            "count": 0,
            "name": "Hưng Trần"
        },
        {
            "id": "61561314154950",
            "count": 0,
            "name": "Uýnh Lộn Không"
        },
        {
            "id": "61573683645275",
            "count": 0,
            "name": "Minh Long"
        },
        {
            "id": "61550275294603",
            "count": 0,
            "name": "Nguyễn Phạm Bảo Ngọc"
        },
        {
            "id": "61554038017892",
            "count": 10,
            "name": "Minh Ddawng",
            "lastActive": "01:14:49 || thứ tư"
        },
        {
            "id": "61560299280947",
            "count": 0,
            "name": "Minh Nh",
            "lastActive": "21:11:26 || chủ nhật"
        },
        {
            "id": "100091546088288",
            "count": 0,
            "name": "Nguyễn Vũ Minh Anh"
        },
        {
            "id": "100075396121822",
            "count": 0,
            "name": "Trần Ngọc Khánh Vy"
        },
        {
            "id": "100072978924690",
            "count": 0,
            "name": "Nguyễn Minh Thuấn"
        },
        {
            "id": "61553866546852",
            "count": 0,
            "name": "Phan Như Ngọc"
        },
        {
            "id": "61551368291552",
            "count": 4,
            "name": "Sang Phan",
            "lastActive": "09:35:54 || thứ ba"
        },
        {
            "id": "100075237111310",
            "count": 0,
            "name": "Văn Trọng"
        },
        {
            "id": "61561605964211",
            "count": 0,
            "name": "Người dùng Facebook"
        },
        {
            "id": "100094507777311",
            "count": 0,
            "name": "Tô Bảo"
        },
        {
            "id": "100077460785682",
            "count": 0,
            "name": "Cwg Cuong"
        },
        {
            "id": "61551943685646",
            "count": 0,
            "name": "Đặng Nhật Minh"
        },
        {
            "id": "100086227358251",
            "count": 0,
            "name": "Nguyễn Dũngg"
        },
        {
            "id": "100049574109160",
            "count": 0,
            "name": "Nguyễn Trung"
        },
        {
            "id": "61562547440770",
            "count": 0,
            "name": "Long Phung"
        },
        {
            "id": "100080756823646",
            "count": 0,
            "name": "Bao Ly 🪼"
        },
        {
            "id": "100093852656737",
            "count": 0,
            "name": "Đỗ Quốc Anh"
        },
        {
            "id": "61554126548305",
            "count": 0,
            "name": "Hoàng Yến"
        },
        {
            "id": "100074686485074",
            "count": 0,
            "name": "Phan Thành Thái"
        },
        {
            "id": "100077726531638",
            "count": 0,
            "name": "Nguyễn Phúc"
        },
        {
            "id": "61577578027491",
            "count": 0,
            "name": "Minh Khang"
        },
        {
            "id": "100087035292540",
            "count": 0,
            "name": "Phạm Thảo🐇"
        },
        {
            "id": "100078127434954",
            "count": 0,
            "name": "Hồng Phong"
        },
        {
            "id": "100029208901267",
            "count": 0,
            "name": "Diggory Ambrose"
        },
        {
            "id": "100083063205290",
            "count": 0,
            "name": "Hoàng Phong"
        },
        {
            "id": "61553609126315",
            "count": 0,
            "name": "Ton Vu"
        },
        {
            "id": "100089314234931",
            "count": 0,
            "name": "Nguyen Long"
        },
        {
            "id": "100027774074214",
            "count": 0,
            "name": "Bùi Trung"
        },
        {
            "id": "100094198966625",
            "count": 0,
            "name": "Thaor Nguyn"
        },
        {
            "id": "100037558911864",
            "count": 0,
            "name": "Trần Vĩnh Nghi"
        },
        {
            "id": "100084059730401",
            "count": 0,
            "name": "Bách Hợp"
        },
        {
            "id": "100089067032540",
            "count": 0,
            "name": "Ngô Phúc Tiến"
        },
        {
            "id": "100024337867419",
            "count": 0,
            "name": "Hoàng Khải"
        },
        {
            "id": "100018432901641",
            "count": 0,
            "name": "Phạm Đức"
        },
        {
            "id": "61579425855481",
            "count": 0,
            "name": "Tam Long Hoàng"
        },
        {
            "id": "100077678439337",
            "count": 0,
            "name": "Phạm Kinh Nam"
        },
        {
            "id": "61579954137641",
            "count": 0,
            "name": "Mike Hoàng"
        },
        {
            "id": "61551571015945",
            "count": 0,
            "name": "Truong Gia Bao"
        },
        {
            "id": "61573111466414",
            "count": 0,
            "name": "Snoopy Phan"
        },
        {
            "id": "100040122007990",
            "count": 0,
            "name": "Phước Sang"
        },
        {
            "id": "100087892020084",
            "count": 0,
            "name": "Thanh Xuânn"
        },
        {
            "id": "100082308722552",
            "count": 0,
            "name": "Quốc Thọ"
        },
        {
            "id": "61550247366602",
            "count": 0,
            "name": "Quoc Hieu"
        },
        {
            "id": "61579909144349",
            "count": 0,
            "name": "Lang Tử Vô Tinh"
        },
        {
            "id": "100047575034025",
            "count": 0,
            "name": "Nguyễn Hồ Hải Nam"
        },
        {
            "id": "100077711535378",
            "count": 0,
            "name": "Nguyễn Văn Nhật"
        },
        {
            "id": "61554788927436",
            "count": 0,
            "name": "Nguyễn Trần Đăng Khoa"
        },
        {
            "id": "100095215464809",
            "count": 0,
            "name": "Dương Bảo"
        },
        {
            "id": "100093924927366",
            "count": 0,
            "name": "Phong Đinh"
        },
        {
            "id": "61572068517863",
            "count": 0,
            "name": "Trần Minh Đăng"
        },
        {
            "id": "100068184314406",
            "count": 0,
            "name": "Lâm Thành"
        },
        {
            "id": "100073106223070",
            "count": 0,
            "name": "Thạch Hữu Tiến"
        },
        {
            "id": "61573710722913",
            "count": 0,
            "name": "Hải Nem"
        },
        {
            "id": "100039983387285",
            "count": 0,
            "name": "Nguyễn X. Toàn"
        },
        {
            "id": "509484270",
            "count": 0,
            "name": "Van Tuan"
        },
        {
            "id": "100068251404536",
            "count": 0,
            "name": "Thành Nhân"
        },
        {
            "id": "61562256632423",
            "count": 0,
            "name": "Vu Le Minh Hieu"
        },
        {
            "id": "100060219338847",
            "count": 0,
            "name": "Ninh Quốc Khánh"
        },
        {
            "id": "100092883666891",
            "count": 0,
            "name": "Trang Dang"
        },
        {
            "id": "100048091841728",
            "count": 12,
            "name": "Trần Nam Khánh",
            "lastActive": "06:49:14 || thứ tư"
        },
        {
            "id": "100014543896600",
            "count": 0,
            "name": "Nguyễn Văn Dũng"
        },
        {
            "id": "61572594921373",
            "count": 0,
            "name": "Hngoc Van Anh"
        },
        {
            "id": "61563027657741",
            "count": 0,
            "name": "Minh Hieuu"
        },
        {
            "id": "100072346549870",
            "count": 0,
            "name": "Wuang Hưngg"
        },
        {
            "id": "61557247957135",
            "count": 48,
            "name": "Gà Rán Chiên Giòn",
            "lastActive": "12:00:15 || thứ tư"
        },
        {
            "id": "100080753275024",
            "count": 0,
            "name": "An An"
        },
        {
            "id": "61573744746452",
            "count": 0,
            "name": "Hà My"
        },
        {
            "id": "61557157391070",
            "count": 20,
            "name": "Ph Hai Anh",
            "lastActive": "23:38:12 || thứ ba"
        },
        {
            "id": "100085607483096",
            "count": 22,
            "name": "Mai Anh",
            "lastActive": "23:38:03 || thứ ba"
        },
        {
            "id": "61561456492255",
            "count": 0,
            "name": "Bùi Thiện"
        },
        {
            "id": "61550030184394",
            "count": 8,
            "name": "️️️️️️️️️️️️️️️️️️️️️️️️️️️️️️️️️️️️️️️️️️️️️️️️️️️️️️️️️️️️️️️️️️️️️️️️️️️️️️️️️️️️️️️️️️️️️️️️️️️️️️️️️️️️️️️️️️️️️️️️️️️️️️️️️️️️️️️️️️️️️️️️️️️️️️️️️️️️️️️️️️️️️️️️️️ ",
            "lastActive": "11:14:35 || thứ tư"
        },
        {
            "id": "100000895922054",
            "count": 0,
            "name": "Ng Van Hungg 🌸"
        },
        {
            "id": "100070182486318",
            "count": 0,
            "name": "Tuệ Nhi"
        }
    ],
    "day": [
        {
            "id": "100077701390678",
            "count": 0,
            "name": "Yeii Nhie",
            "lastActive": "17:29:23 || thứ ba"
        },
        {
            "id": "61570151165872",
            "count": 0,
            "name": "Ng Thành Trung"
        },
        {
            "id": "100054892668998",
            "count": 10,
            "name": "Khanh Phuong",
            "lastActive": "00:03:10 || thứ tư"
        },
        {
            "id": "100055602692785",
            "count": 0,
            "name": "Lâm Tâm Như"
        },
        {
            "id": "100048754506008",
            "count": 0,
            "name": "Huỳnh Nguyễn Minh Huy"
        },
        {
            "id": "100088851920004",
            "count": 0,
            "name": "Ngọc Trang"
        },
        {
            "id": "100093254420046",
            "count": 0,
            "name": "Huỳnh Phúc Trí"
        },
        {
            "id": "100010815753018",
            "count": 0,
            "name": "Khánh Huyền"
        },
        {
            "id": "717086408",
            "count": 0,
            "name": "Nurik Usama"
        },
        {
            "id": "61562657715888",
            "count": 0,
            "name": "Nguyệt Hạ"
        },
        {
            "id": "61554840782389",
            "count": 0,
            "name": "Hoàng Nam"
        },
        {
            "id": "100024639404495",
            "count": 0,
            "name": "Quỳnh Nga"
        },
        {
            "id": "100001830738561",
            "count": 0,
            "name": "Hoàng Anh"
        },
        {
            "id": "100086108280688",
            "count": 0,
            "name": "Thái Bá Trọng",
            "lastActive": "19:14:46 || chủ nhật"
        },
        {
            "id": "100051594726817",
            "count": 0,
            "name": "Nguyễn Quang Huy"
        },
        {
            "id": "100069192865733",
            "count": 0,
            "name": "Tuyết Nhi"
        },
        {
            "id": "61578971607160",
            "count": 0,
            "name": "Quynh Anh Le"
        },
        {
            "id": "100070280300269",
            "count": 4,
            "name": "Nguyễn Cá",
            "lastActive": "12:02:25 || thứ tư"
        },
        {
            "id": "100087060211940",
            "count": 0,
            "name": "Phạm Thu Hà"
        },
        {
            "id": "61555472326397",
            "count": 0,
            "name": "Truc Linhh",
            "lastActive": "21:07:13 || thứ ba"
        },
        {
            "id": "61554506773040",
            "count": 0,
            "name": "Quang Vinh"
        },
        {
            "id": "100074996724205",
            "count": 0,
            "name": "Hưng Trần"
        },
        {
            "id": "61561314154950",
            "count": 0,
            "name": "Uýnh Lộn Không"
        },
        {
            "id": "61573683645275",
            "count": 0,
            "name": "Minh Long"
        },
        {
            "id": "61550275294603",
            "count": 0,
            "name": "Nguyễn Phạm Bảo Ngọc"
        },
        {
            "id": "61554038017892",
            "count": 2,
            "name": "Minh Ddawng",
            "lastActive": "01:14:49 || thứ tư"
        },
        {
            "id": "61560299280947",
            "count": 0,
            "name": "Minh Nh",
            "lastActive": "21:11:26 || chủ nhật"
        },
        {
            "id": "100091546088288",
            "count": 0,
            "name": "Nguyễn Vũ Minh Anh"
        },
        {
            "id": "100075396121822",
            "count": 0,
            "name": "Trần Ngọc Khánh Vy"
        },
        {
            "id": "100072978924690",
            "count": 0,
            "name": "Nguyễn Minh Thuấn"
        },
        {
            "id": "61553866546852",
            "count": 0,
            "name": "Phan Như Ngọc"
        },
        {
            "id": "61551368291552",
            "count": 0,
            "name": "Sang Phan",
            "lastActive": "09:35:54 || thứ ba"
        },
        {
            "id": "100075237111310",
            "count": 0,
            "name": "Văn Trọng"
        },
        {
            "id": "61561605964211",
            "count": 0,
            "name": "Người dùng Facebook"
        },
        {
            "id": "100094507777311",
            "count": 0,
            "name": "Tô Bảo"
        },
        {
            "id": "100077460785682",
            "count": 0,
            "name": "Cwg Cuong"
        },
        {
            "id": "61551943685646",
            "count": 0,
            "name": "Đặng Nhật Minh"
        },
        {
            "id": "100086227358251",
            "count": 0,
            "name": "Nguyễn Dũngg"
        },
        {
            "id": "100049574109160",
            "count": 0,
            "name": "Nguyễn Trung"
        },
        {
            "id": "61562547440770",
            "count": 0,
            "name": "Long Phung"
        },
        {
            "id": "100080756823646",
            "count": 0,
            "name": "Bao Ly 🪼"
        },
        {
            "id": "100093852656737",
            "count": 0,
            "name": "Đỗ Quốc Anh"
        },
        {
            "id": "61554126548305",
            "count": 0,
            "name": "Hoàng Yến"
        },
        {
            "id": "100074686485074",
            "count": 0,
            "name": "Phan Thành Thái"
        },
        {
            "id": "100077726531638",
            "count": 0,
            "name": "Nguyễn Phúc"
        },
        {
            "id": "61577578027491",
            "count": 0,
            "name": "Minh Khang"
        },
        {
            "id": "100087035292540",
            "count": 0,
            "name": "Phạm Thảo🐇"
        },
        {
            "id": "100078127434954",
            "count": 0,
            "name": "Hồng Phong"
        },
        {
            "id": "100029208901267",
            "count": 0,
            "name": "Diggory Ambrose"
        },
        {
            "id": "100083063205290",
            "count": 0,
            "name": "Hoàng Phong"
        },
        {
            "id": "61553609126315",
            "count": 0,
            "name": "Ton Vu"
        },
        {
            "id": "100089314234931",
            "count": 0,
            "name": "Nguyen Long"
        },
        {
            "id": "100027774074214",
            "count": 0,
            "name": "Bùi Trung"
        },
        {
            "id": "100094198966625",
            "count": 0,
            "name": "Thaor Nguyn"
        },
        {
            "id": "100037558911864",
            "count": 0,
            "name": "Trần Vĩnh Nghi"
        },
        {
            "id": "100084059730401",
            "count": 0,
            "name": "Bách Hợp"
        },
        {
            "id": "100089067032540",
            "count": 0,
            "name": "Ngô Phúc Tiến"
        },
        {
            "id": "100024337867419",
            "count": 0,
            "name": "Hoàng Khải"
        },
        {
            "id": "100018432901641",
            "count": 0,
            "name": "Phạm Đức"
        },
        {
            "id": "61579425855481",
            "count": 0,
            "name": "Tam Long Hoàng"
        },
        {
            "id": "100077678439337",
            "count": 0,
            "name": "Phạm Kinh Nam"
        },
        {
            "id": "61579954137641",
            "count": 0,
            "name": "Mike Hoàng"
        },
        {
            "id": "61551571015945",
            "count": 0,
            "name": "Truong Gia Bao"
        },
        {
            "id": "61573111466414",
            "count": 0,
            "name": "Snoopy Phan"
        },
        {
            "id": "100040122007990",
            "count": 0,
            "name": "Phước Sang"
        },
        {
            "id": "100087892020084",
            "count": 0,
            "name": "Thanh Xuânn"
        },
        {
            "id": "100082308722552",
            "count": 0,
            "name": "Quốc Thọ"
        },
        {
            "id": "61550247366602",
            "count": 0,
            "name": "Quoc Hieu"
        },
        {
            "id": "61579909144349",
            "count": 0,
            "name": "Lang Tử Vô Tinh"
        },
        {
            "id": "100047575034025",
            "count": 0,
            "name": "Nguyễn Hồ Hải Nam"
        },
        {
            "id": "100077711535378",
            "count": 0,
            "name": "Nguyễn Văn Nhật"
        },
        {
            "id": "61554788927436",
            "count": 0,
            "name": "Nguyễn Trần Đăng Khoa"
        },
        {
            "id": "100095215464809",
            "count": 0,
            "name": "Dương Bảo"
        },
        {
            "id": "100093924927366",
            "count": 0,
            "name": "Phong Đinh"
        },
        {
            "id": "61572068517863",
            "count": 0,
            "name": "Trần Minh Đăng"
        },
        {
            "id": "100068184314406",
            "count": 0,
            "name": "Lâm Thành"
        },
        {
            "id": "100073106223070",
            "count": 0,
            "name": "Thạch Hữu Tiến"
        },
        {
            "id": "61573710722913",
            "count": 0,
            "name": "Hải Nem"
        },
        {
            "id": "100039983387285",
            "count": 0,
            "name": "Nguyễn X. Toàn"
        },
        {
            "id": "509484270",
            "count": 0,
            "name": "Van Tuan"
        },
        {
            "id": "100068251404536",
            "count": 0,
            "name": "Thành Nhân"
        },
        {
            "id": "61562256632423",
            "count": 0,
            "name": "Vu Le Minh Hieu"
        },
        {
            "id": "100060219338847",
            "count": 0,
            "name": "Ninh Quốc Khánh"
        },
        {
            "id": "100092883666891",
            "count": 0,
            "name": "Trang Dang"
        },
        {
            "id": "100048091841728",
            "count": 2,
            "name": "Trần Nam Khánh",
            "lastActive": "06:49:14 || thứ tư"
        },
        {
            "id": "100014543896600",
            "count": 0,
            "name": "Nguyễn Văn Dũng"
        },
        {
            "id": "61572594921373",
            "count": 0,
            "name": "Hngoc Van Anh"
        },
        {
            "id": "61563027657741",
            "count": 0,
            "name": "Minh Hieuu"
        },
        {
            "id": "100072346549870",
            "count": 0,
            "name": "Wuang Hưngg"
        },
        {
            "id": "61557247957135",
            "count": 12,
            "name": "Gà Rán Chiên Giòn",
            "lastActive": "12:00:15 || thứ tư"
        },
        {
            "id": "100080753275024",
            "count": 0,
            "name": "An An"
        },
        {
            "id": "61573744746452",
            "count": 0,
            "name": "Hà My"
        },
        {
            "id": "61557157391070",
            "count": 0,
            "name": "Ph Hai Anh",
            "lastActive": "23:38:12 || thứ ba"
        },
        {
            "id": "100085607483096",
            "count": 0,
            "name": "Mai Anh",
            "lastActive": "23:38:03 || thứ ba"
        },
        {
            "id": "61561456492255",
            "count": 0,
            "name": "Bùi Thiện"
        },
        {
            "id": "61550030184394",
            "count": 6,
            "name": "️️️️️️️️️️️️️️️️️️️️️️️️️️️️️️️️️️️️️️️️️️️️️️️️️️️️️️️️️️️️️️️️️️️️️️️️️️️️️️️️️️️️️️️️️️️️️️️️️️️️️️️️️️️️️️️️️️️️️️️️️️️️️️️️️️️️️️️️️️️️️️️️️️️️️️️️️️️️️️️️️️️️️️️️️️ ",
            "lastActive": "11:14:35 || thứ tư"
        },
        {
            "id": "100000895922054",
            "count": 0,
            "name": "Ng Van Hungg 🌸"
        },
        {
            "id": "100070182486318",
            "count": 0,
            "name": "Tuệ Nhi"
        }
    ],
    "time": 3,
    "last": {
        "time": 5,
        "day": [
            {
                "id": "100077701390678",
                "count": 0
            },
            {
                "id": "100070182486318",
                "count": 0
            },
            {
                "id": "61570151165872",
                "count": 0
            },
            {
                "id": "100054892668998",
                "count": 0
            },
            {
                "id": "100055602692785",
                "count": 0
            },
            {
                "id": "100048754506008",
                "count": 0
            },
            {
                "id": "100088851920004",
                "count": 0
            },
            {
                "id": "100093254420046",
                "count": 0
            },
            {
                "id": "100010815753018",
                "count": 0
            },
            {
                "id": "717086408",
                "count": 0
            },
            {
                "id": "61562657715888",
                "count": 0
            },
            {
                "id": "61554840782389",
                "count": 0
            },
            {
                "id": "100024639404495",
                "count": 0
            },
            {
                "id": "100001830738561",
                "count": 0
            },
            {
                "id": "100086108280688",
                "count": 0
            },
            {
                "id": "100051594726817",
                "count": 0
            },
            {
                "id": "100069192865733",
                "count": 0
            },
            {
                "id": "61578971607160",
                "count": 0
            },
            {
                "id": "100070280300269",
                "count": 0
            },
            {
                "id": "100087060211940",
                "count": 0
            },
            {
                "id": "61555472326397",
                "count": 0
            },
            {
                "id": "61554506773040",
                "count": 0
            },
            {
                "id": "100074996724205",
                "count": 0
            },
            {
                "id": "61561314154950",
                "count": 0
            },
            {
                "id": "61573683645275",
                "count": 0
            },
            {
                "id": "61550275294603",
                "count": 0
            },
            {
                "id": "61554038017892",
                "count": 0
            },
            {
                "id": "61560299280947",
                "count": 0
            },
            {
                "id": "100091546088288",
                "count": 0
            },
            {
                "id": "100075396121822",
                "count": 0
            },
            {
                "id": "100072978924690",
                "count": 0
            },
            {
                "id": "61553866546852",
                "count": 0
            },
            {
                "id": "61551368291552",
                "count": 0
            },
            {
                "id": "100075237111310",
                "count": 0
            },
            {
                "id": "61561605964211",
                "count": 0
            },
            {
                "id": "100094507777311",
                "count": 0
            },
            {
                "id": "100077460785682",
                "count": 0
            },
            {
                "id": "61551943685646",
                "count": 0
            },
            {
                "id": "100086227358251",
                "count": 0
            },
            {
                "id": "100049574109160",
                "count": 0
            },
            {
                "id": "61562547440770",
                "count": 0
            },
            {
                "id": "100080756823646",
                "count": 0
            },
            {
                "id": "100093852656737",
                "count": 0
            },
            {
                "id": "61554126548305",
                "count": 0
            },
            {
                "id": "100074686485074",
                "count": 0
            },
            {
                "id": "100077726531638",
                "count": 0
            },
            {
                "id": "61577578027491",
                "count": 0
            },
            {
                "id": "100087035292540",
                "count": 0
            },
            {
                "id": "100078127434954",
                "count": 0
            },
            {
                "id": "100029208901267",
                "count": 0
            },
            {
                "id": "100083063205290",
                "count": 0
            },
            {
                "id": "61553609126315",
                "count": 0
            },
            {
                "id": "100089314234931",
                "count": 0
            },
            {
                "id": "100027774074214",
                "count": 0
            },
            {
                "id": "100094198966625",
                "count": 0
            },
            {
                "id": "100037558911864",
                "count": 0
            },
            {
                "id": "100084059730401",
                "count": 0
            },
            {
                "id": "100089067032540",
                "count": 0
            },
            {
                "id": "100024337867419",
                "count": 0
            },
            {
                "id": "100018432901641",
                "count": 0
            },
            {
                "id": "61579425855481",
                "count": 0
            },
            {
                "id": "100077678439337",
                "count": 0
            },
            {
                "id": "61579954137641",
                "count": 0
            },
            {
                "id": "61551571015945",
                "count": 0
            },
            {
                "id": "61573111466414",
                "count": 0
            },
            {
                "id": "100040122007990",
                "count": 0
            },
            {
                "id": "100087892020084",
                "count": 0
            },
            {
                "id": "100082308722552",
                "count": 0
            },
            {
                "id": "61550247366602",
                "count": 0
            },
            {
                "id": "61579909144349",
                "count": 0
            },
            {
                "id": "100047575034025",
                "count": 0
            },
            {
                "id": "100077711535378",
                "count": 0
            },
            {
                "id": "61554788927436",
                "count": 0
            },
            {
                "id": "100095215464809",
                "count": 0
            },
            {
                "id": "100093924927366",
                "count": 0
            },
            {
                "id": "61572068517863",
                "count": 0
            },
            {
                "id": "100068184314406",
                "count": 0
            },
            {
                "id": "100073106223070",
                "count": 0
            },
            {
                "id": "61573710722913",
                "count": 0
            },
            {
                "id": "100039983387285",
                "count": 0
            },
            {
                "id": "509484270",
                "count": 0
            },
            {
                "id": "100068251404536",
                "count": 0
            },
            {
                "id": "61562256632423",
                "count": 0
            },
            {
                "id": "100060219338847",
                "count": 0
            },
            {
                "id": "100092883666891",
                "count": 0
            },
            {
                "id": "100048091841728",
                "count": 0
            },
            {
                "id": "100014543896600",
                "count": 0
            },
            {
                "id": "61572594921373",
                "count": 0
            },
            {
                "id": "61563027657741",
                "count": 0
            },
            {
                "id": "100072346549870",
                "count": 0
            },
            {
                "id": "61557247957135",
                "count": 0
            },
            {
                "id": "100080753275024",
                "count": 0
            },
            {
                "id": "61573744746452",
                "count": 0
            },
            {
                "id": "61557157391070",
                "count": 0
            },
            {
                "id": "100085607483096",
                "count": 0
            },
            {
                "id": "61561456492255",
                "count": 0
            },
            {
                "id": "61550030184394",
                "count": 0
            },
            {
                "id": "100000895922054",
                "count": 0
            }
        ],
        "week": [
            {
                "id": "100077701390678",
                "count": 0
            },
            {
                "id": "100070182486318",
                "count": 0
            },
            {
                "id": "61570151165872",
                "count": 0
            },
            {
                "id": "100054892668998",
                "count": 0
            },
            {
                "id": "100055602692785",
                "count": 0
            },
            {
                "id": "100048754506008",
                "count": 0
            },
            {
                "id": "100088851920004",
                "count": 0
            },
            {
                "id": "100093254420046",
                "count": 0
            },
            {
                "id": "100010815753018",
                "count": 0
            },
            {
                "id": "717086408",
                "count": 0
            },
            {
                "id": "61562657715888",
                "count": 0
            },
            {
                "id": "61554840782389",
                "count": 0
            },
            {
                "id": "100024639404495",
                "count": 0
            },
            {
                "id": "100001830738561",
                "count": 0
            },
            {
                "id": "100086108280688",
                "count": 0
            },
            {
                "id": "100051594726817",
                "count": 0
            },
            {
                "id": "100069192865733",
                "count": 0
            },
            {
                "id": "61578971607160",
                "count": 0
            },
            {
                "id": "100070280300269",
                "count": 0
            },
            {
                "id": "100087060211940",
                "count": 0
            },
            {
                "id": "61555472326397",
                "count": 0
            },
            {
                "id": "61554506773040",
                "count": 0
            },
            {
                "id": "100074996724205",
                "count": 0
            },
            {
                "id": "61561314154950",
                "count": 0
            },
            {
                "id": "61573683645275",
                "count": 0
            },
            {
                "id": "61550275294603",
                "count": 0
            },
            {
                "id": "61554038017892",
                "count": 0
            },
            {
                "id": "61560299280947",
                "count": 0
            },
            {
                "id": "100091546088288",
                "count": 0
            },
            {
                "id": "100075396121822",
                "count": 0
            },
            {
                "id": "100072978924690",
                "count": 0
            },
            {
                "id": "61553866546852",
                "count": 0
            },
            {
                "id": "61551368291552",
                "count": 0
            },
            {
                "id": "100075237111310",
                "count": 0
            },
            {
                "id": "61561605964211",
                "count": 0
            },
            {
                "id": "100094507777311",
                "count": 0
            },
            {
                "id": "100077460785682",
                "count": 0
            },
            {
                "id": "61551943685646",
                "count": 0
            },
            {
                "id": "100086227358251",
                "count": 0
            },
            {
                "id": "100049574109160",
                "count": 0
            },
            {
                "id": "61562547440770",
                "count": 0
            },
            {
                "id": "100080756823646",
                "count": 0
            },
            {
                "id": "100093852656737",
                "count": 0
            },
            {
                "id": "61554126548305",
                "count": 0
            },
            {
                "id": "100074686485074",
                "count": 0
            },
            {
                "id": "100077726531638",
                "count": 0
            },
            {
                "id": "61577578027491",
                "count": 0
            },
            {
                "id": "100087035292540",
                "count": 0
            },
            {
                "id": "100078127434954",
                "count": 0
            },
            {
                "id": "100029208901267",
                "count": 0
            },
            {
                "id": "100083063205290",
                "count": 0
            },
            {
                "id": "61553609126315",
                "count": 0
            },
            {
                "id": "100089314234931",
                "count": 0
            },
            {
                "id": "100027774074214",
                "count": 0
            },
            {
                "id": "100094198966625",
                "count": 0
            },
            {
                "id": "100037558911864",
                "count": 0
            },
            {
                "id": "100084059730401",
                "count": 0
            },
            {
                "id": "100089067032540",
                "count": 0
            },
            {
                "id": "100024337867419",
                "count": 0
            },
            {
                "id": "100018432901641",
                "count": 0
            },
            {
                "id": "61579425855481",
                "count": 0
            },
            {
                "id": "100077678439337",
                "count": 0
            },
            {
                "id": "61579954137641",
                "count": 0
            },
            {
                "id": "61551571015945",
                "count": 0
            },
            {
                "id": "61573111466414",
                "count": 0
            },
            {
                "id": "100040122007990",
                "count": 0
            },
            {
                "id": "100087892020084",
                "count": 0
            },
            {
                "id": "100082308722552",
                "count": 0
            },
            {
                "id": "61550247366602",
                "count": 0
            },
            {
                "id": "61579909144349",
                "count": 0
            },
            {
                "id": "100047575034025",
                "count": 0
            },
            {
                "id": "100077711535378",
                "count": 0
            },
            {
                "id": "61554788927436",
                "count": 0
            },
            {
                "id": "100095215464809",
                "count": 0
            },
            {
                "id": "100093924927366",
                "count": 0
            },
            {
                "id": "61572068517863",
                "count": 0
            },
            {
                "id": "100068184314406",
                "count": 0
            },
            {
                "id": "100073106223070",
                "count": 0
            },
            {
                "id": "61573710722913",
                "count": 0
            },
            {
                "id": "100039983387285",
                "count": 0
            },
            {
                "id": "509484270",
                "count": 0
            },
            {
                "id": "100068251404536",
                "count": 0
            },
            {
                "id": "61562256632423",
                "count": 0
            },
            {
                "id": "100060219338847",
                "count": 0
            },
            {
                "id": "100092883666891",
                "count": 0
            },
            {
                "id": "100048091841728",
                "count": 0
            },
            {
                "id": "100014543896600",
                "count": 0
            },
            {
                "id": "61572594921373",
                "count": 0
            },
            {
                "id": "61563027657741",
                "count": 0
            },
            {
                "id": "100072346549870",
                "count": 0
            },
            {
                "id": "61557247957135",
                "count": 0
            },
            {
                "id": "100080753275024",
                "count": 0
            },
            {
                "id": "61573744746452",
                "count": 0
            },
            {
                "id": "61557157391070",
                "count": 0
            },
            {
                "id": "100085607483096",
                "count": 0
            },
            {
                "id": "61561456492255",
                "count": 0
            },
            {
                "id": "61550030184394",
                "count": 0
            },
            {
                "id": "100000895922054",
                "count": 0
            }
        ]
    }
}