{
    "total": [
        {
            "id": "100084237167964",
            "count": 18
        },
        {
            "id": "61562416317377",
            "count": 210
        },
        {
            "id": "100077325472071",
            "count": 0
        },
        {
            "id": "100075633258774",
            "count": 7
        },
        {
            "id": "100079239760707",
            "count": 20
        },
        {
            "id": "100081824901713",
            "count": 16
        },
        {
            "id": "100076715396015",
            "count": 13
        },
        {
            "id": "100081139688869",
            "count": 0
        },
        {
            "id": "61550854207803",
            "count": 15
        },
        {
            "id": "100073639420918",
            "count": 72
        },
        {
            "id": "100000895922054",
            "count": 315
        },
        {
            "id": "61576851197348",
            "count": 112
        },
        {
            "id": "61581815902288",
            "count": 16
        },
        {
            "id": "61565170052636",
            "count": 47
        },
        {
            "id": "61550030184394",
            "count": 32
        }
    ],
    "week": [
        {
            "id": "100084237167964",
            "count": 0,
            "name": "Anh Hieu Tran"
        },
        {
            "id": "61562416317377",
            "count": 0,
            "name": "Thái Mỹ"
        },
        {
            "id": "100077325472071",
            "count": 0,
            "name": "Phan Nhật Minh"
        },
        {
            "id": "100075633258774",
            "count": 0,
            "name": "Bảo Trang"
        },
        {
            "id": "100079239760707",
            "count": 0,
            "name": "Khánh Ngọc"
        },
        {
            "id": "100081824901713",
            "count": 0,
            "name": "Phạm Thái Vũ"
        },
        {
            "id": "100076715396015",
            "count": 0,
            "name": "Nguyễn Hiếu"
        },
        {
            "id": "100081139688869",
            "count": 0,
            "name": "Tram Pham"
        },
        {
            "id": "61550854207803",
            "count": 0,
            "name": "Nguyễn Minh"
        },
        {
            "id": "100073639420918",
            "count": 0,
            "name": "Ng Van Hungg 💤"
        },
        {
            "id": "100000895922054",
            "count": 0,
            "name": "Ng Van Hungg 🌸"
        },
        {
            "id": "61576851197348",
            "count": 0,
            "name": "Phạm Quang Hiếu"
        },
        {
            "id": "61581815902288",
            "count": 0,
            "name": "Phuongw Anhh"
        },
        {
            "id": "61565170052636",
            "count": 0,
            "name": "Nguyen Pham"
        },
        {
            "id": "61550030184394",
            "count": 0,
            "name": "️️️️️️️️️️️️️️️️️️️️️️️️️️️️️️️️️️️️️️️️️️️️️️️️️️️️️️️️️️️️️️️️️️️️️️️️️️️️️️️️️️️️️️️️️️️️️️️️️️️️️️️️️️️️️️️️️️️️️️️️️️️️️️️️️️️️️️️️️️️️️️️️️️️️️️️️️️️️️️️️️️️️️️️️️️ "
        }
    ],
    "day": [
        {
            "id": "100084237167964",
            "count": 0,
            "name": "Anh Hieu Tran"
        },
        {
            "id": "61562416317377",
            "count": 0,
            "name": "Thái Mỹ"
        },
        {
            "id": "100077325472071",
            "count": 0,
            "name": "Phan Nhật Minh"
        },
        {
            "id": "100075633258774",
            "count": 0,
            "name": "Bảo Trang"
        },
        {
            "id": "100079239760707",
            "count": 0,
            "name": "Khánh Ngọc"
        },
        {
            "id": "100081824901713",
            "count": 0,
            "name": "Phạm Thái Vũ"
        },
        {
            "id": "100076715396015",
            "count": 0,
            "name": "Nguyễn Hiếu"
        },
        {
            "id": "100081139688869",
            "count": 0,
            "name": "Tram Pham"
        },
        {
            "id": "61550854207803",
            "count": 0,
            "name": "Nguyễn Minh"
        },
        {
            "id": "100073639420918",
            "count": 0,
            "name": "Ng Van Hungg 💤"
        },
        {
            "id": "100000895922054",
            "count": 0,
            "name": "Ng Van Hungg 🌸"
        },
        {
            "id": "61576851197348",
            "count": 0,
            "name": "Phạm Quang Hiếu"
        },
        {
            "id": "61581815902288",
            "count": 0,
            "name": "Phuongw Anhh"
        },
        {
            "id": "61565170052636",
            "count": 0,
            "name": "Nguyen Pham"
        },
        {
            "id": "61550030184394",
            "count": 0,
            "name": "️️️️️️️️️️️️️️️️️️️️️️️️️️️️️️️️️️️️️️️️️️️️️️️️️️️️️️️️️️️️️️️️️️️️️️️️️️️️️️️️️️️️️️️️️️️️️️️️️️️️️️️️️️️️️️️️️️️️️️️️️️️️️️️️️️️️️️️️️️️️️️️️️️️️️️️️️️️️️️️️️️️️️️️️️️ "
        }
    ],
    "time": 3,
    "last": {
        "time": 6,
        "day": [
            {
                "id": "100084237167964",
                "count": 0
            },
            {
                "id": "61562416317377",
                "count": 0
            },
            {
                "id": "100077325472071",
                "count": 0
            },
            {
                "id": "100080014602786",
                "count": 0
            },
            {
                "id": "61576851197348",
                "count": 0
            },
            {
                "id": "61557298882088",
                "count": 0
            },
            {
                "id": "100075633258774",
                "count": 0
            },
            {
                "id": "100079239760707",
                "count": 0
            },
            {
                "id": "100081824901713",
                "count": 0
            },
            {
                "id": "100076715396015",
                "count": 0
            },
            {
                "id": "100081139688869",
                "count": 0
            },
            {
                "id": "61550854207803",
                "count": 0
            },
            {
                "id": "61565170052636",
                "count": 0
            },
            {
                "id": "100073639420918",
                "count": 0
            },
            {
                "id": "100000895922054",
                "count": 0
            },
            {
                "id": "61581815902288",
                "count": 0
            },
            {
                "id": "61550030184394",
                "count": 0
            }
        ],
        "week": [
            {
                "id": "100084237167964",
                "count": 0
            },
            {
                "id": "61562416317377",
                "count": 0
            },
            {
                "id": "100077325472071",
                "count": 0
            },
            {
                "id": "100080014602786",
                "count": 0
            },
            {
                "id": "61576851197348",
                "count": 0
            },
            {
                "id": "61557298882088",
                "count": 0
            },
            {
                "id": "100075633258774",
                "count": 0
            },
            {
                "id": "100079239760707",
                "count": 0
            },
            {
                "id": "100081824901713",
                "count": 0
            },
            {
                "id": "100076715396015",
                "count": 0
            },
            {
                "id": "100081139688869",
                "count": 0
            },
            {
                "id": "61550854207803",
                "count": 0
            },
            {
                "id": "61565170052636",
                "count": 0
            },
            {
                "id": "100073639420918",
                "count": 0
            },
            {
                "id": "100000895922054",
                "count": 0
            },
            {
                "id": "61581815902288",
                "count": 0
            },
            {
                "id": "61550030184394",
                "count": 0
            }
        ]
    }
}