{
    "total": [
        {
            "id": "100049978235309",
            "count": 1095
        },
        {
            "id": "100081358054155",
            "count": 30
        },
        {
            "id": "100079117780138",
            "count": 0
        },
        {
            "id": "100059636687852",
            "count": 259
        },
        {
            "id": "100078448026241",
            "count": 438
        },
        {
            "id": "100010006237815",
            "count": 298
        },
        {
            "id": "61566455367478",
            "count": 3529
        },
        {
            "id": "100000895922054",
            "count": 318
        },
        {
            "id": "100041450590302",
            "count": 1360
        },
        {
            "id": "61555831794379",
            "count": 1682
        },
        {
            "id": "100093995733505",
            "count": 47
        },
        {
            "id": "100047609027693",
            "count": 30
        },
        {
            "id": "100044690963937",
            "count": 181
        }
    ],
    "week": [
        {
            "id": "100049978235309",
            "count": 0,
            "name": "Người dùng facebook"
        },
        {
            "id": "100081358054155",
            "count": 0,
            "name": "Người dùng facebook"
        },
        {
            "id": "100079117780138",
            "count": 0,
            "name": "Người dùng facebook"
        },
        {
            "id": "100059636687852",
            "count": 0,
            "name": "Người dùng facebook"
        },
        {
            "id": "100078448026241",
            "count": 0,
            "name": "Người dùng facebook"
        },
        {
            "id": "100010006237815",
            "count": 0,
            "name": "Người dùng facebook"
        },
        {
            "id": "61566455367478",
            "count": 0,
            "name": "Người dùng facebook"
        },
        {
            "id": "100000895922054",
            "count": 0,
            "name": "Ng Van Hungg 🌸"
        },
        {
            "id": "100041450590302",
            "count": 0,
            "name": "Người dùng facebook"
        },
        {
            "id": "61555831794379",
            "count": 0,
            "name": "Tường Vy"
        },
        {
            "id": "100093995733505",
            "count": 0,
            "name": "Người dùng facebook"
        },
        {
            "id": "100047609027693",
            "count": 0,
            "name": "Ng Huyền Trân"
        },
        {
            "id": "100044690963937",
            "count": 0,
            "name": "Người dùng facebook"
        }
    ],
    "day": [
        {
            "id": "100049978235309",
            "count": 0,
            "name": "Người dùng facebook"
        },
        {
            "id": "100081358054155",
            "count": 0,
            "name": "Người dùng facebook"
        },
        {
            "id": "100079117780138",
            "count": 0,
            "name": "Người dùng facebook"
        },
        {
            "id": "100059636687852",
            "count": 0,
            "name": "Người dùng facebook"
        },
        {
            "id": "100078448026241",
            "count": 0,
            "name": "Người dùng facebook"
        },
        {
            "id": "100010006237815",
            "count": 0,
            "name": "Người dùng facebook"
        },
        {
            "id": "61566455367478",
            "count": 0,
            "name": "Người dùng facebook"
        },
        {
            "id": "100000895922054",
            "count": 0,
            "name": "Ng Van Hungg 🌸"
        },
        {
            "id": "100041450590302",
            "count": 0,
            "name": "Người dùng facebook"
        },
        {
            "id": "61555831794379",
            "count": 0,
            "name": "Tường Vy"
        },
        {
            "id": "100093995733505",
            "count": 0,
            "name": "Người dùng facebook"
        },
        {
            "id": "100047609027693",
            "count": 0,
            "name": "Ng Huyền Trân"
        },
        {
            "id": "100044690963937",
            "count": 0,
            "name": "Người dùng facebook"
        }
    ],
    "time": 3,
    "last": {
        "time": 4,
        "day": [
            {
                "id": "61564049045739",
                "count": 0
            },
            {
                "id": "100049978235309",
                "count": 0
            },
            {
                "id": "100081358054155",
                "count": 0
            },
            {
                "id": "61574113643199",
                "count": 0
            },
            {
                "id": "100027603054011",
                "count": 0
            },
            {
                "id": "100079117780138",
                "count": 0
            },
            {
                "id": "100030919176853",
                "count": 0
            },
            {
                "id": "100028222260504",
                "count": 0
            },
            {
                "id": "100059636687852",
                "count": 0
            },
            {
                "id": "100029225864426",
                "count": 0
            },
            {
                "id": "100078448026241",
                "count": 0
            },
            {
                "id": "61577802721077",
                "count": 0
            },
            {
                "id": "100028364312223",
                "count": 0
            },
            {
                "id": "61557617819240",
                "count": 0
            },
            {
                "id": "100041473551416",
                "count": 0
            },
            {
                "id": "100014328975063",
                "count": 0
            },
            {
                "id": "100010006237815",
                "count": 0
            },
            {
                "id": "100057861002998",
                "count": 0
            },
            {
                "id": "100078078846751",
                "count": 0
            },
            {
                "id": "100067364742990",
                "count": 0
            },
            {
                "id": "100024763665381",
                "count": 0
            },
            {
                "id": "100083847287315",
                "count": 0
            },
            {
                "id": "61557359104731",
                "count": 0
            },
            {
                "id": "61575902955044",
                "count": 0
            },
            {
                "id": "61566455367478",
                "count": 0
            },
            {
                "id": "61566974704845",
                "count": 0
            },
            {
                "id": "100047118398973",
                "count": 0
            },
            {
                "id": "100090245835669",
                "count": 0
            },
            {
                "id": "61578943435877",
                "count": 0
            },
            {
                "id": "100041668103532",
                "count": 0
            },
            {
                "id": "61566910372185",
                "count": 0
            },
            {
                "id": "100077416684982",
                "count": 0
            },
            {
                "id": "100094472186640",
                "count": 0
            },
            {
                "id": "100085213902916",
                "count": 0
            },
            {
                "id": "61555831794379",
                "count": 0
            },
            {
                "id": "100073639420918",
                "count": 0
            },
            {
                "id": "61550030184394",
                "count": 0
            },
            {
                "id": "100078600432789",
                "count": 0
            },
            {
                "id": "100071421793549",
                "count": 0
            },
            {
                "id": "100000895922054",
                "count": 0
            },
            {
                "id": "100041450590302",
                "count": 0
            },
            {
                "id": "100023341505965",
                "count": 0
            },
            {
                "id": "100027436848041",
                "count": 0
            },
            {
                "id": "100093995733505",
                "count": 0
            },
            {
                "id": "100047609027693",
                "count": 0
            },
            {
                "id": "100091943024800",
                "count": 0
            },
            {
                "id": "100066802222129",
                "count": 0
            },
            {
                "id": "100044690963937",
                "count": 0
            },
            {
                "id": "61554548867057",
                "count": 0
            },
            {
                "id": "61564986123176",
                "count": 0
            },
            {
                "id": "100082122044553",
                "count": 0
            }
        ],
        "week": [
            {
                "id": "61564049045739",
                "count": 0
            },
            {
                "id": "100049978235309",
                "count": 0
            },
            {
                "id": "100081358054155",
                "count": 0
            },
            {
                "id": "61574113643199",
                "count": 0
            },
            {
                "id": "100027603054011",
                "count": 0
            },
            {
                "id": "100079117780138",
                "count": 0
            },
            {
                "id": "100030919176853",
                "count": 0
            },
            {
                "id": "100028222260504",
                "count": 0
            },
            {
                "id": "100059636687852",
                "count": 0
            },
            {
                "id": "100029225864426",
                "count": 0
            },
            {
                "id": "100078448026241",
                "count": 0
            },
            {
                "id": "61577802721077",
                "count": 0
            },
            {
                "id": "100028364312223",
                "count": 0
            },
            {
                "id": "61557617819240",
                "count": 0
            },
            {
                "id": "100041473551416",
                "count": 0
            },
            {
                "id": "100014328975063",
                "count": 0
            },
            {
                "id": "100010006237815",
                "count": 0
            },
            {
                "id": "100057861002998",
                "count": 0
            },
            {
                "id": "100078078846751",
                "count": 0
            },
            {
                "id": "100067364742990",
                "count": 0
            },
            {
                "id": "100024763665381",
                "count": 0
            },
            {
                "id": "100083847287315",
                "count": 0
            },
            {
                "id": "61557359104731",
                "count": 0
            },
            {
                "id": "61575902955044",
                "count": 0
            },
            {
                "id": "61566455367478",
                "count": 0
            },
            {
                "id": "61566974704845",
                "count": 0
            },
            {
                "id": "100047118398973",
                "count": 0
            },
            {
                "id": "100090245835669",
                "count": 0
            },
            {
                "id": "61578943435877",
                "count": 0
            },
            {
                "id": "100041668103532",
                "count": 0
            },
            {
                "id": "61566910372185",
                "count": 0
            },
            {
                "id": "100077416684982",
                "count": 0
            },
            {
                "id": "100094472186640",
                "count": 0
            },
            {
                "id": "100085213902916",
                "count": 0
            },
            {
                "id": "61555831794379",
                "count": 0
            },
            {
                "id": "100073639420918",
                "count": 0
            },
            {
                "id": "61550030184394",
                "count": 0
            },
            {
                "id": "100078600432789",
                "count": 0
            },
            {
                "id": "100071421793549",
                "count": 0
            },
            {
                "id": "100000895922054",
                "count": 0
            },
            {
                "id": "100041450590302",
                "count": 0
            },
            {
                "id": "100023341505965",
                "count": 0
            },
            {
                "id": "100027436848041",
                "count": 0
            },
            {
                "id": "100093995733505",
                "count": 0
            },
            {
                "id": "100047609027693",
                "count": 0
            },
            {
                "id": "100091943024800",
                "count": 0
            },
            {
                "id": "100066802222129",
                "count": 0
            },
            {
                "id": "100044690963937",
                "count": 0
            },
            {
                "id": "61554548867057",
                "count": 0
            },
            {
                "id": "61564986123176",
                "count": 0
            },
            {
                "id": "100082122044553",
                "count": 0
            }
        ]
    }
}