{
    "total": [
        {
            "id": "100084812280050",
            "count": 4,
            "lastActive": "23:52:31 || thứ ba"
        },
        {
            "id": "61567778320131",
            "count": 0
        },
        {
            "id": "100018199592606",
            "count": 0
        },
        {
            "id": "100069515305883",
            "count": 0
        },
        {
            "id": "100072251049478",
            "count": 0
        },
        {
            "id": "61574858875413",
            "count": 0
        },
        {
            "id": "100075647300439",
            "count": 98,
            "lastActive": "04:25:22 || thứ tư"
        },
        {
            "id": "100089159134527",
            "count": 0
        },
        {
            "id": "100089619116156",
            "count": 12,
            "lastActive": "23:01:38 || thứ ba"
        },
        {
            "id": "100073738131025",
            "count": 0
        },
        {
            "id": "61562984680775",
            "count": 46,
            "lastActive": "12:26:05 || thứ tư"
        },
        {
            "id": "100066480322509",
            "count": 2,
            "lastActive": "10:27:54 || thứ tư"
        },
        {
            "id": "100077366272669",
            "count": 0
        },
        {
            "id": "100084864073077",
            "count": 0
        },
        {
            "id": "100075392947587",
            "count": 0
        },
        {
            "id": "100078417823456",
            "count": 0
        },
        {
            "id": "61573795625473",
            "count": 8,
            "lastActive": "11:19:22 || thứ tư"
        },
        {
            "id": "100047164634073",
            "count": 0
        },
        {
            "id": "61565554877256",
            "count": 0
        },
        {
            "id": "100043728971095",
            "count": 0
        },
        {
            "id": "100030923050376",
            "count": 0
        },
        {
            "id": "61560494009519",
            "count": 0
        },
        {
            "id": "100023419989795",
            "count": 0
        },
        {
            "id": "100033627435865",
            "count": 262,
            "lastActive": "12:38:26 || thứ tư"
        },
        {
            "id": "61580444109284",
            "count": 0
        },
        {
            "id": "61572118093955",
            "count": 0
        },
        {
            "id": "61556131035355",
            "count": 0
        },
        {
            "id": "100052170952735",
            "count": 2,
            "lastActive": "10:26:49 || thứ tư"
        },
        {
            "id": "100073639420918",
            "count": 106,
            "lastActive": "11:57:21 || thứ tư"
        },
        {
            "id": "100019008492949",
            "count": 0
        },
        {
            "id": "100072717382753",
            "count": 0
        },
        {
            "id": "100090128816013",
            "count": 0
        },
        {
            "id": "100040703681132",
            "count": 0
        },
        {
            "id": "100082284301839",
            "count": 2,
            "lastActive": "03:48:24 || thứ tư"
        },
        {
            "id": "61565665891110",
            "count": 0
        },
        {
            "id": "100093857057114",
            "count": 0
        },
        {
            "id": "100053941543319",
            "count": 0
        },
        {
            "id": "61579709783245",
            "count": 0
        },
        {
            "id": "651647356",
            "count": 48,
            "lastActive": "07:10:51 || thứ tư"
        },
        {
            "id": "61583173438472",
            "count": 0
        },
        {
            "id": "100058586075292",
            "count": 170,
            "lastActive": "12:37:58 || thứ tư"
        },
        {
            "id": "100090879870630",
            "count": 0
        },
        {
            "id": "100031485361906",
            "count": 38,
            "lastActive": "03:32:07 || thứ tư"
        },
        {
            "id": "100090756384453",
            "count": 0
        },
        {
            "id": "61550030184394",
            "count": 24,
            "lastActive": "10:26:51 || thứ tư"
        }
    ],
    "week": [
        {
            "id": "100084812280050",
            "count": 8,
            "lastActive": "23:52:31 || thứ ba"
        },
        {
            "id": "61567778320131",
            "count": 0
        },
        {
            "id": "100018199592606",
            "count": 0
        },
        {
            "id": "100069515305883",
            "count": 0
        },
        {
            "id": "100072251049478",
            "count": 0
        },
        {
            "id": "61574858875413",
            "count": 0
        },
        {
            "id": "100075647300439",
            "count": 112,
            "lastActive": "04:25:22 || thứ tư"
        },
        {
            "id": "100089159134527",
            "count": 0
        },
        {
            "id": "100089619116156",
            "count": 24,
            "lastActive": "23:01:38 || thứ ba"
        },
        {
            "id": "100073738131025",
            "count": 0
        },
        {
            "id": "61562984680775",
            "count": 84,
            "lastActive": "12:26:05 || thứ tư"
        },
        {
            "id": "100066480322509",
            "count": 2,
            "lastActive": "10:27:54 || thứ tư"
        },
        {
            "id": "100077366272669",
            "count": 0
        },
        {
            "id": "100084864073077",
            "count": 0
        },
        {
            "id": "100075392947587",
            "count": 0
        },
        {
            "id": "100078417823456",
            "count": 0
        },
        {
            "id": "61573795625473",
            "count": 12,
            "lastActive": "11:19:22 || thứ tư"
        },
        {
            "id": "100047164634073",
            "count": 0
        },
        {
            "id": "61565554877256",
            "count": 0
        },
        {
            "id": "100043728971095",
            "count": 0
        },
        {
            "id": "100030923050376",
            "count": 0
        },
        {
            "id": "61560494009519",
            "count": 0
        },
        {
            "id": "100023419989795",
            "count": 0
        },
        {
            "id": "100033627435865",
            "count": 416,
            "lastActive": "12:38:26 || thứ tư"
        },
        {
            "id": "61580444109284",
            "count": 0
        },
        {
            "id": "61572118093955",
            "count": 0
        },
        {
            "id": "61556131035355",
            "count": 0
        },
        {
            "id": "100052170952735",
            "count": 2,
            "lastActive": "10:26:49 || thứ tư"
        },
        {
            "id": "100073639420918",
            "count": 112,
            "lastActive": "11:57:21 || thứ tư"
        },
        {
            "id": "100019008492949",
            "count": 0
        },
        {
            "id": "100072717382753",
            "count": 0
        },
        {
            "id": "100090128816013",
            "count": 0
        },
        {
            "id": "100040703681132",
            "count": 0
        },
        {
            "id": "100082284301839",
            "count": 2,
            "lastActive": "03:48:24 || thứ tư"
        },
        {
            "id": "61565665891110",
            "count": 0
        },
        {
            "id": "100093857057114",
            "count": 0
        },
        {
            "id": "100053941543319",
            "count": 0
        },
        {
            "id": "61579709783245",
            "count": 0
        },
        {
            "id": "651647356",
            "count": 78,
            "lastActive": "07:10:51 || thứ tư"
        },
        {
            "id": "61583173438472",
            "count": 0
        },
        {
            "id": "100058586075292",
            "count": 228,
            "lastActive": "12:37:58 || thứ tư"
        },
        {
            "id": "100090879870630",
            "count": 0
        },
        {
            "id": "100031485361906",
            "count": 38,
            "lastActive": "03:32:07 || thứ tư"
        },
        {
            "id": "100090756384453",
            "count": 0
        },
        {
            "id": "61550030184394",
            "count": 28,
            "lastActive": "10:26:51 || thứ tư"
        }
    ],
    "day": [
        {
            "id": "100084812280050",
            "count": 0
        },
        {
            "id": "61567778320131",
            "count": 0
        },
        {
            "id": "100018199592606",
            "count": 0
        },
        {
            "id": "100069515305883",
            "count": 0
        },
        {
            "id": "100072251049478",
            "count": 0
        },
        {
            "id": "61574858875413",
            "count": 0
        },
        {
            "id": "100075647300439",
            "count": 84,
            "lastActive": "04:25:22 || thứ tư"
        },
        {
            "id": "100089159134527",
            "count": 0
        },
        {
            "id": "100089619116156",
            "count": 0
        },
        {
            "id": "100073738131025",
            "count": 0
        },
        {
            "id": "61562984680775",
            "count": 8,
            "lastActive": "12:26:05 || thứ tư"
        },
        {
            "id": "100066480322509",
            "count": 2,
            "lastActive": "10:27:54 || thứ tư"
        },
        {
            "id": "100077366272669",
            "count": 0
        },
        {
            "id": "100084864073077",
            "count": 0
        },
        {
            "id": "100075392947587",
            "count": 0
        },
        {
            "id": "100078417823456",
            "count": 0
        },
        {
            "id": "61573795625473",
            "count": 2,
            "lastActive": "11:19:22 || thứ tư"
        },
        {
            "id": "100047164634073",
            "count": 0
        },
        {
            "id": "61565554877256",
            "count": 0
        },
        {
            "id": "100043728971095",
            "count": 0
        },
        {
            "id": "100030923050376",
            "count": 0
        },
        {
            "id": "61560494009519",
            "count": 0
        },
        {
            "id": "100023419989795",
            "count": 0
        },
        {
            "id": "100033627435865",
            "count": 108,
            "lastActive": "12:38:26 || thứ tư"
        },
        {
            "id": "61580444109284",
            "count": 0
        },
        {
            "id": "61572118093955",
            "count": 0
        },
        {
            "id": "61556131035355",
            "count": 0
        },
        {
            "id": "100052170952735",
            "count": 2,
            "lastActive": "10:26:49 || thứ tư"
        },
        {
            "id": "100073639420918",
            "count": 100,
            "lastActive": "11:57:21 || thứ tư"
        },
        {
            "id": "100019008492949",
            "count": 0
        },
        {
            "id": "100072717382753",
            "count": 0
        },
        {
            "id": "100090128816013",
            "count": 0
        },
        {
            "id": "100040703681132",
            "count": 0
        },
        {
            "id": "100082284301839",
            "count": 2,
            "lastActive": "03:48:24 || thứ tư"
        },
        {
            "id": "61565665891110",
            "count": 0
        },
        {
            "id": "100093857057114",
            "count": 0
        },
        {
            "id": "100053941543319",
            "count": 0
        },
        {
            "id": "61579709783245",
            "count": 0
        },
        {
            "id": "651647356",
            "count": 18,
            "lastActive": "07:10:51 || thứ tư"
        },
        {
            "id": "61583173438472",
            "count": 0
        },
        {
            "id": "100058586075292",
            "count": 112,
            "lastActive": "12:37:58 || thứ tư"
        },
        {
            "id": "100090879870630",
            "count": 0
        },
        {
            "id": "100031485361906",
            "count": 38,
            "lastActive": "03:32:07 || thứ tư"
        },
        {
            "id": "100090756384453",
            "count": 0
        },
        {
            "id": "61550030184394",
            "count": 20,
            "lastActive": "10:26:51 || thứ tư"
        }
    ],
    "time": 3,
    "last": {
        "time": 2,
        "day": [
            {
                "id": "100084812280050",
                "count": 4
            },
            {
                "id": "61567778320131",
                "count": 0
            },
            {
                "id": "100018199592606",
                "count": 0
            },
            {
                "id": "100069515305883",
                "count": 0
            },
            {
                "id": "100072251049478",
                "count": 0
            },
            {
                "id": "61574858875413",
                "count": 0
            },
            {
                "id": "100075647300439",
                "count": 14
            },
            {
                "id": "100089159134527",
                "count": 0
            },
            {
                "id": "100089619116156",
                "count": 12
            },
            {
                "id": "100073738131025",
                "count": 0
            },
            {
                "id": "61562984680775",
                "count": 38
            },
            {
                "id": "100066480322509",
                "count": 0
            },
            {
                "id": "100077366272669",
                "count": 0
            },
            {
                "id": "100084864073077",
                "count": 0
            },
            {
                "id": "100075392947587",
                "count": 0
            },
            {
                "id": "100078417823456",
                "count": 0
            },
            {
                "id": "61573795625473",
                "count": 4
            },
            {
                "id": "100047164634073",
                "count": 0
            },
            {
                "id": "61565554877256",
                "count": 0
            },
            {
                "id": "100043728971095",
                "count": 0
            },
            {
                "id": "100030923050376",
                "count": 0
            },
            {
                "id": "61560494009519",
                "count": 0
            },
            {
                "id": "100023419989795",
                "count": 0
            },
            {
                "id": "100033627435865",
                "count": 154
            },
            {
                "id": "61580444109284",
                "count": 0
            },
            {
                "id": "61572118093955",
                "count": 0
            },
            {
                "id": "61556131035355",
                "count": 0
            },
            {
                "id": "100052170952735",
                "count": 0
            },
            {
                "id": "100073639420918",
                "count": 6
            },
            {
                "id": "100019008492949",
                "count": 0
            },
            {
                "id": "100072717382753",
                "count": 0
            },
            {
                "id": "100090128816013",
                "count": 0
            },
            {
                "id": "100040703681132",
                "count": 0
            },
            {
                "id": "100082284301839",
                "count": 0
            },
            {
                "id": "61565665891110",
                "count": 0
            },
            {
                "id": "100093857057114",
                "count": 0
            },
            {
                "id": "100053941543319",
                "count": 0
            },
            {
                "id": "61579709783245",
                "count": 0
            },
            {
                "id": "651647356",
                "count": 30
            },
            {
                "id": "61583173438472",
                "count": 0
            },
            {
                "id": "100058586075292",
                "count": 58
            },
            {
                "id": "100090879870630",
                "count": 0
            },
            {
                "id": "100031485361906",
                "count": 0
            },
            {
                "id": "100090756384453",
                "count": 0
            },
            {
                "id": "61550030184394",
                "count": 4
            }
        ],
        "week": [
            {
                "id": "100084812280050",
                "count": 4
            },
            {
                "id": "61567778320131",
                "count": 0
            },
            {
                "id": "100018199592606",
                "count": 0
            },
            {
                "id": "100069515305883",
                "count": 0
            },
            {
                "id": "100072251049478",
                "count": 0
            },
            {
                "id": "61574858875413",
                "count": 0
            },
            {
                "id": "100075647300439",
                "count": 14
            },
            {
                "id": "100089159134527",
                "count": 0
            },
            {
                "id": "100089619116156",
                "count": 12
            },
            {
                "id": "100073738131025",
                "count": 0
            },
            {
                "id": "61562984680775",
                "count": 38
            },
            {
                "id": "100066480322509",
                "count": 0
            },
            {
                "id": "100077366272669",
                "count": 0
            },
            {
                "id": "100084864073077",
                "count": 0
            },
            {
                "id": "100075392947587",
                "count": 0
            },
            {
                "id": "100078417823456",
                "count": 0
            },
            {
                "id": "61573795625473",
                "count": 4
            },
            {
                "id": "100047164634073",
                "count": 0
            },
            {
                "id": "61565554877256",
                "count": 0
            },
            {
                "id": "100043728971095",
                "count": 0
            },
            {
                "id": "100030923050376",
                "count": 0
            },
            {
                "id": "61560494009519",
                "count": 0
            },
            {
                "id": "100023419989795",
                "count": 0
            },
            {
                "id": "100033627435865",
                "count": 154
            },
            {
                "id": "61580444109284",
                "count": 0
            },
            {
                "id": "61572118093955",
                "count": 0
            },
            {
                "id": "61556131035355",
                "count": 0
            },
            {
                "id": "100052170952735",
                "count": 0
            },
            {
                "id": "100073639420918",
                "count": 6
            },
            {
                "id": "100019008492949",
                "count": 0
            },
            {
                "id": "100072717382753",
                "count": 0
            },
            {
                "id": "100090128816013",
                "count": 0
            },
            {
                "id": "100040703681132",
                "count": 0
            },
            {
                "id": "100082284301839",
                "count": 0
            },
            {
                "id": "61565665891110",
                "count": 0
            },
            {
                "id": "100093857057114",
                "count": 0
            },
            {
                "id": "100053941543319",
                "count": 0
            },
            {
                "id": "61579709783245",
                "count": 0
            },
            {
                "id": "651647356",
                "count": 30
            },
            {
                "id": "61583173438472",
                "count": 0
            },
            {
                "id": "100058586075292",
                "count": 58
            },
            {
                "id": "100090879870630",
                "count": 0
            },
            {
                "id": "100031485361906",
                "count": 0
            },
            {
                "id": "100090756384453",
                "count": 0
            },
            {
                "id": "61550030184394",
                "count": 4
            }
        ]
    }
}