{
    "total": [
        {
            "id": "100074793253581",
            "count": 521,
            "lastActive": "09:38:13 || thứ tư"
        },
        {
            "id": "100083360793687",
            "count": 475
        },
        {
            "id": "100077578300783",
            "count": 30
        },
        {
            "id": "61566308827812",
            "count": 1180,
            "lastActive": "22:13:38 || thứ ba"
        },
        {
            "id": "61556675632109",
            "count": 2
        },
        {
            "id": "100012567100165",
            "count": 630,
            "lastActive": "11:35:12 || thứ tư"
        },
        {
            "id": "61577771002880",
            "count": 72,
            "lastActive": "11:00:04 || thứ tư"
        },
        {
            "id": "61554333460423",
            "count": 83,
            "lastActive": "12:10:08 || thứ tư"
        },
        {
            "id": "100006627135274",
            "count": 2
        },
        {
            "id": "100084273351735",
            "count": 22,
            "lastActive": "12:13:18 || thứ tư"
        },
        {
            "id": "100082690267302",
            "count": 206,
            "lastActive": "09:26:52 || thứ tư"
        },
        {
            "id": "100073639420918",
            "count": 47,
            "lastActive": "11:42:51 || thứ hai"
        },
        {
            "id": "100042562781411",
            "count": 6
        },
        {
            "id": "100093945367673",
            "count": 0
        },
        {
            "id": "100064569491461",
            "count": 65
        },
        {
            "id": "61558086952196",
            "count": 32,
            "lastActive": "12:15:19 || thứ tư"
        },
        {
            "id": "100000895922054",
            "count": 372
        },
        {
            "id": "100052675614361",
            "count": 0
        },
        {
            "id": "61573364614943",
            "count": 0
        },
        {
            "id": "61558836885346",
            "count": 0
        },
        {
            "id": "100032804160095",
            "count": 141,
            "lastActive": "00:11:25 || thứ tư"
        },
        {
            "id": "61579637983673",
            "count": 94
        },
        {
            "id": "61578637457388",
            "count": 0
        },
        {
            "id": "61556318980911",
            "count": 0
        },
        {
            "id": "61564337204930",
            "count": 31
        },
        {
            "id": "100074258280343",
            "count": 0
        },
        {
            "id": "100076398530832",
            "count": 31,
            "lastActive": "20:25:42 || thứ hai"
        },
        {
            "id": "100092577837276",
            "count": 5
        },
        {
            "id": "100084280966520",
            "count": 3
        },
        {
            "id": "61572845183357",
            "count": 21
        },
        {
            "id": "61565911637433",
            "count": 3
        },
        {
            "id": "100054938991483",
            "count": 0
        },
        {
            "id": "61569943750159",
            "count": 14
        },
        {
            "id": "61568704992723",
            "count": 21,
            "lastActive": "22:50:41 || thứ ba"
        },
        {
            "id": "61577020003565",
            "count": 0
        },
        {
            "id": "61565784304902",
            "count": 0
        },
        {
            "id": "100075852183101",
            "count": 7
        },
        {
            "id": "100080934447211",
            "count": 8
        },
        {
            "id": "61562557643788",
            "count": 1
        },
        {
            "id": "100080478573796",
            "count": 80,
            "lastActive": "12:08:46 || thứ tư"
        },
        {
            "id": "100065971290474",
            "count": 13
        },
        {
            "id": "61569176133290",
            "count": 11
        },
        {
            "id": "100085187695587",
            "count": 1
        },
        {
            "id": "61561035106245",
            "count": 5
        },
        {
            "id": "100055200804952",
            "count": 204,
            "lastActive": "12:24:53 || thứ tư"
        },
        {
            "id": "100076439942548",
            "count": 53,
            "lastActive": "21:07:08 || thứ hai"
        },
        {
            "id": "61550735367845",
            "count": 4,
            "lastActive": "06:03:34 || thứ ba"
        },
        {
            "id": "61550030184394",
            "count": 18,
            "lastActive": "12:27:56 || thứ tư"
        },
        {
            "id": "100090341207203",
            "count": 110,
            "lastActive": "11:33:26 || thứ tư"
        },
        {
            "id": "61572291822089",
            "count": 0
        },
        {
            "id": "61572573494255",
            "count": 6,
            "lastActive": "20:55:46 || thứ hai"
        },
        {
            "id": "100095089472936",
            "count": 0
        }
    ],
    "week": [
        {
            "id": "100074793253581",
            "count": 10,
            "name": "Mỹ Linh",
            "lastActive": "09:38:13 || thứ tư"
        },
        {
            "id": "100083360793687",
            "count": 0,
            "name": "Bảo Ngọc"
        },
        {
            "id": "100077578300783",
            "count": 0,
            "name": "Nguyễn Bảo Uyên"
        },
        {
            "id": "61566308827812",
            "count": 262,
            "name": "Quynh Anh",
            "lastActive": "22:13:38 || thứ ba"
        },
        {
            "id": "61556675632109",
            "count": 0,
            "name": "Hàa Linhh"
        },
        {
            "id": "100012567100165",
            "count": 202,
            "name": "鐘協龍",
            "lastActive": "11:35:12 || thứ tư"
        },
        {
            "id": "61577771002880",
            "count": 16,
            "name": "Twl",
            "lastActive": "11:00:04 || thứ tư"
        },
        {
            "id": "61554333460423",
            "count": 16,
            "name": "Văn Hiếu",
            "lastActive": "12:10:08 || thứ tư"
        },
        {
            "id": "100006627135274",
            "count": 0,
            "name": "Kiều Trinhh"
        },
        {
            "id": "100084273351735",
            "count": 2,
            "name": "Nhu Quynh",
            "lastActive": "12:13:18 || thứ tư"
        },
        {
            "id": "100082690267302",
            "count": 26,
            "name": "Quỳnh Như",
            "lastActive": "09:26:52 || thứ tư"
        },
        {
            "id": "100073639420918",
            "count": 2,
            "name": "Ng Van Hungg 💤",
            "lastActive": "11:42:51 || thứ hai"
        },
        {
            "id": "100042562781411",
            "count": 0,
            "name": "Hoàng Khắc Minh Đức"
        },
        {
            "id": "100093945367673",
            "count": 0,
            "name": "Huonggiang Pham"
        },
        {
            "id": "100064569491461",
            "count": 0,
            "name": "Linh Nguyễn"
        },
        {
            "id": "61558086952196",
            "count": 6,
            "name": "Thuy Duong",
            "lastActive": "12:15:19 || thứ tư"
        },
        {
            "id": "100000895922054",
            "count": 0,
            "name": "Ng Van Hungg 🌸"
        },
        {
            "id": "100052675614361",
            "count": 0,
            "name": "Lê Na"
        },
        {
            "id": "61573364614943",
            "count": 0,
            "name": "Minh Duc"
        },
        {
            "id": "61558836885346",
            "count": 0,
            "name": "Hồng Hạnh"
        },
        {
            "id": "100032804160095",
            "count": 20,
            "name": "Khánh Nhi",
            "lastActive": "00:11:25 || thứ tư"
        },
        {
            "id": "61579637983673",
            "count": 0,
            "name": "Trốn Trong Mây"
        },
        {
            "id": "61578637457388",
            "count": 0,
            "name": "Ng Thùy Trangg"
        },
        {
            "id": "61556318980911",
            "count": 0,
            "name": "Vũ Thảo"
        },
        {
            "id": "61564337204930",
            "count": 0,
            "name": "Quỳnh như"
        },
        {
            "id": "100074258280343",
            "count": 0,
            "name": "Nguyen Thi Nhat Anh"
        },
        {
            "id": "100076398530832",
            "count": 2,
            "name": "Khánh Vũ",
            "lastActive": "20:25:42 || thứ hai"
        },
        {
            "id": "100092577837276",
            "count": 0,
            "name": "Ahn Ngocc"
        },
        {
            "id": "100084280966520",
            "count": 0,
            "name": "Lee Bchau"
        },
        {
            "id": "61572845183357",
            "count": 0,
            "name": "Nhu Nhi"
        },
        {
            "id": "61565911637433",
            "count": 0,
            "name": "Ng Chau"
        },
        {
            "id": "100054938991483",
            "count": 0,
            "name": "Kim Hiền"
        },
        {
            "id": "61569943750159",
            "count": 0,
            "name": "M Trang "
        },
        {
            "id": "61568704992723",
            "count": 2,
            "name": "Phạm Anh Tho",
            "lastActive": "22:50:41 || thứ ba"
        },
        {
            "id": "61577020003565",
            "count": 0,
            "name": "Người dùng Facebook"
        },
        {
            "id": "61565784304902",
            "count": 0,
            "name": "Nguyễn Anh Qyn"
        },
        {
            "id": "100075852183101",
            "count": 0,
            "name": "Nhi Nhi"
        },
        {
            "id": "100080934447211",
            "count": 0,
            "name": "Luân Triệu"
        },
        {
            "id": "61562557643788",
            "count": 0,
            "name": "Trần Hải"
        },
        {
            "id": "100080478573796",
            "count": 24,
            "name": "Đta Thư",
            "lastActive": "12:08:46 || thứ tư"
        },
        {
            "id": "100065971290474",
            "count": 0,
            "name": "Đức Hải"
        },
        {
            "id": "61569176133290",
            "count": 0,
            "name": "Em Hann"
        },
        {
            "id": "100085187695587",
            "count": 0,
            "name": "Trần Hải"
        },
        {
            "id": "61561035106245",
            "count": 0,
            "name": "Duy Minh"
        },
        {
            "id": "100055200804952",
            "count": 100,
            "name": "Khánh Phưnn",
            "lastActive": "12:24:53 || thứ tư"
        },
        {
            "id": "100076439942548",
            "count": 8,
            "name": "Nguyen Mii",
            "lastActive": "21:07:08 || thứ hai"
        },
        {
            "id": "61550735367845",
            "count": 4,
            "lastActive": "06:03:34 || thứ ba"
        },
        {
            "id": "61550030184394",
            "count": 18,
            "lastActive": "12:27:56 || thứ tư"
        },
        {
            "id": "100090341207203",
            "count": 110,
            "lastActive": "11:33:26 || thứ tư"
        },
        {
            "id": "61572291822089",
            "count": 0
        },
        {
            "id": "61572573494255",
            "count": 6,
            "lastActive": "20:55:46 || thứ hai"
        },
        {
            "id": "100095089472936",
            "count": 0
        }
    ],
    "day": [
        {
            "id": "100074793253581",
            "count": 2,
            "name": "Mỹ Linh",
            "lastActive": "09:38:13 || thứ tư"
        },
        {
            "id": "100083360793687",
            "count": 0,
            "name": "Bảo Ngọc"
        },
        {
            "id": "100077578300783",
            "count": 0,
            "name": "Nguyễn Bảo Uyên"
        },
        {
            "id": "61566308827812",
            "count": 0,
            "name": "Quynh Anh",
            "lastActive": "22:13:38 || thứ ba"
        },
        {
            "id": "61556675632109",
            "count": 0,
            "name": "Hàa Linhh"
        },
        {
            "id": "100012567100165",
            "count": 10,
            "name": "鐘協龍",
            "lastActive": "11:35:12 || thứ tư"
        },
        {
            "id": "61577771002880",
            "count": 4,
            "name": "Twl",
            "lastActive": "11:00:04 || thứ tư"
        },
        {
            "id": "61554333460423",
            "count": 6,
            "name": "Văn Hiếu",
            "lastActive": "12:10:08 || thứ tư"
        },
        {
            "id": "100006627135274",
            "count": 0,
            "name": "Kiều Trinhh"
        },
        {
            "id": "100084273351735",
            "count": 2,
            "name": "Nhu Quynh",
            "lastActive": "12:13:18 || thứ tư"
        },
        {
            "id": "100082690267302",
            "count": 4,
            "name": "Quỳnh Như",
            "lastActive": "09:26:52 || thứ tư"
        },
        {
            "id": "100073639420918",
            "count": 0,
            "name": "Ng Van Hungg 💤",
            "lastActive": "11:42:51 || thứ hai"
        },
        {
            "id": "100042562781411",
            "count": 0,
            "name": "Hoàng Khắc Minh Đức"
        },
        {
            "id": "100093945367673",
            "count": 0,
            "name": "Huonggiang Pham"
        },
        {
            "id": "100064569491461",
            "count": 0,
            "name": "Linh Nguyễn"
        },
        {
            "id": "61558086952196",
            "count": 6,
            "name": "Thuy Duong",
            "lastActive": "12:15:19 || thứ tư"
        },
        {
            "id": "100000895922054",
            "count": 0,
            "name": "Ng Van Hungg 🌸"
        },
        {
            "id": "100052675614361",
            "count": 0,
            "name": "Lê Na"
        },
        {
            "id": "61573364614943",
            "count": 0,
            "name": "Minh Duc"
        },
        {
            "id": "61558836885346",
            "count": 0,
            "name": "Hồng Hạnh"
        },
        {
            "id": "100032804160095",
            "count": 2,
            "name": "Khánh Nhi",
            "lastActive": "00:11:25 || thứ tư"
        },
        {
            "id": "61579637983673",
            "count": 0,
            "name": "Trốn Trong Mây"
        },
        {
            "id": "61578637457388",
            "count": 0,
            "name": "Ng Thùy Trangg"
        },
        {
            "id": "61556318980911",
            "count": 0,
            "name": "Vũ Thảo"
        },
        {
            "id": "61564337204930",
            "count": 0,
            "name": "Quỳnh như"
        },
        {
            "id": "100074258280343",
            "count": 0,
            "name": "Nguyen Thi Nhat Anh"
        },
        {
            "id": "100076398530832",
            "count": 0,
            "name": "Khánh Vũ",
            "lastActive": "20:25:42 || thứ hai"
        },
        {
            "id": "100092577837276",
            "count": 0,
            "name": "Ahn Ngocc"
        },
        {
            "id": "100084280966520",
            "count": 0,
            "name": "Lee Bchau"
        },
        {
            "id": "61572845183357",
            "count": 0,
            "name": "Nhu Nhi"
        },
        {
            "id": "61565911637433",
            "count": 0,
            "name": "Ng Chau"
        },
        {
            "id": "100054938991483",
            "count": 0,
            "name": "Kim Hiền"
        },
        {
            "id": "61569943750159",
            "count": 0,
            "name": "M Trang "
        },
        {
            "id": "61568704992723",
            "count": 0,
            "name": "Phạm Anh Tho",
            "lastActive": "22:50:41 || thứ ba"
        },
        {
            "id": "61577020003565",
            "count": 0,
            "name": "Người dùng Facebook"
        },
        {
            "id": "61565784304902",
            "count": 0,
            "name": "Nguyễn Anh Qyn"
        },
        {
            "id": "100075852183101",
            "count": 0,
            "name": "Nhi Nhi"
        },
        {
            "id": "100080934447211",
            "count": 0,
            "name": "Luân Triệu"
        },
        {
            "id": "61562557643788",
            "count": 0,
            "name": "Trần Hải"
        },
        {
            "id": "100080478573796",
            "count": 4,
            "name": "Đta Thư",
            "lastActive": "12:08:46 || thứ tư"
        },
        {
            "id": "100065971290474",
            "count": 0,
            "name": "Đức Hải"
        },
        {
            "id": "61569176133290",
            "count": 0,
            "name": "Em Hann"
        },
        {
            "id": "100085187695587",
            "count": 0,
            "name": "Trần Hải"
        },
        {
            "id": "61561035106245",
            "count": 0,
            "name": "Duy Minh"
        },
        {
            "id": "100055200804952",
            "count": 10,
            "name": "Khánh Phưnn",
            "lastActive": "12:24:53 || thứ tư"
        },
        {
            "id": "100076439942548",
            "count": 0,
            "name": "Nguyen Mii",
            "lastActive": "21:07:08 || thứ hai"
        },
        {
            "id": "61550735367845",
            "count": 0,
            "lastActive": "06:03:34 || thứ ba"
        },
        {
            "id": "61550030184394",
            "count": 10,
            "lastActive": "12:27:56 || thứ tư"
        },
        {
            "id": "100090341207203",
            "count": 6,
            "lastActive": "11:33:26 || thứ tư"
        },
        {
            "id": "61572291822089",
            "count": 0
        },
        {
            "id": "61572573494255",
            "count": 0,
            "lastActive": "20:55:46 || thứ hai"
        },
        {
            "id": "100095089472936",
            "count": 0
        }
    ],
    "time": 3,
    "last": {
        "time": 0,
        "day": [
            {
                "id": "100074793253581",
                "count": 0
            },
            {
                "id": "100083360793687",
                "count": 0
            },
            {
                "id": "100077578300783",
                "count": 0
            },
            {
                "id": "61566308827812",
                "count": 0
            },
            {
                "id": "100076439942548",
                "count": 0
            },
            {
                "id": "61556675632109",
                "count": 0
            },
            {
                "id": "100012567100165",
                "count": 0
            },
            {
                "id": "61577771002880",
                "count": 0
            },
            {
                "id": "61554333460423",
                "count": 0
            },
            {
                "id": "100006627135274",
                "count": 0
            },
            {
                "id": "100084273351735",
                "count": 0
            },
            {
                "id": "100082690267302",
                "count": 0
            },
            {
                "id": "100073639420918",
                "count": 0
            },
            {
                "id": "100042562781411",
                "count": 0
            },
            {
                "id": "100093945367673",
                "count": 0
            },
            {
                "id": "100064569491461",
                "count": 0
            },
            {
                "id": "61558086952196",
                "count": 0
            },
            {
                "id": "100000895922054",
                "count": 0
            },
            {
                "id": "100052675614361",
                "count": 0
            },
            {
                "id": "100080478573796",
                "count": 0
            },
            {
                "id": "61573364614943",
                "count": 0
            },
            {
                "id": "61558836885346",
                "count": 0
            },
            {
                "id": "100032804160095",
                "count": 0
            },
            {
                "id": "61579637983673",
                "count": 0
            },
            {
                "id": "61578637457388",
                "count": 0
            },
            {
                "id": "61556318980911",
                "count": 0
            },
            {
                "id": "61564337204930",
                "count": 0
            },
            {
                "id": "100074258280343",
                "count": 0
            },
            {
                "id": "100055200804952",
                "count": 0
            },
            {
                "id": "100076398530832",
                "count": 0
            },
            {
                "id": "100092577837276",
                "count": 0
            },
            {
                "id": "100084280966520",
                "count": 0
            },
            {
                "id": "61572845183357",
                "count": 0
            },
            {
                "id": "61565911637433",
                "count": 0
            },
            {
                "id": "100054938991483",
                "count": 0
            },
            {
                "id": "61569943750159",
                "count": 0
            },
            {
                "id": "61568704992723",
                "count": 0
            },
            {
                "id": "61577020003565",
                "count": 0
            },
            {
                "id": "61565784304902",
                "count": 0
            },
            {
                "id": "100075852183101",
                "count": 0
            },
            {
                "id": "100080934447211",
                "count": 0
            },
            {
                "id": "100085187695587",
                "count": 0
            },
            {
                "id": "61562557643788",
                "count": 0
            },
            {
                "id": "100065971290474",
                "count": 0
            },
            {
                "id": "61569176133290",
                "count": 0
            },
            {
                "id": "61561035106245",
                "count": 0
            },
            {
                "id": "61550735367845",
                "count": 0
            },
            {
                "id": "61550030184394",
                "count": 0
            },
            {
                "id": "100090341207203",
                "count": 0
            },
            {
                "id": "61572291822089",
                "count": 0
            },
            {
                "id": "61572573494255",
                "count": 0
            },
            {
                "id": "100095089472936",
                "count": 0
            }
        ],
        "week": [
            {
                "id": "100074793253581",
                "count": 0
            },
            {
                "id": "100083360793687",
                "count": 0
            },
            {
                "id": "100077578300783",
                "count": 0
            },
            {
                "id": "61566308827812",
                "count": 0
            },
            {
                "id": "100076439942548",
                "count": 0
            },
            {
                "id": "61556675632109",
                "count": 0
            },
            {
                "id": "100012567100165",
                "count": 0
            },
            {
                "id": "61577771002880",
                "count": 0
            },
            {
                "id": "61554333460423",
                "count": 0
            },
            {
                "id": "100006627135274",
                "count": 0
            },
            {
                "id": "100084273351735",
                "count": 0
            },
            {
                "id": "100082690267302",
                "count": 0
            },
            {
                "id": "100073639420918",
                "count": 0
            },
            {
                "id": "100042562781411",
                "count": 0
            },
            {
                "id": "100093945367673",
                "count": 0
            },
            {
                "id": "100064569491461",
                "count": 0
            },
            {
                "id": "61558086952196",
                "count": 0
            },
            {
                "id": "100000895922054",
                "count": 0
            },
            {
                "id": "100052675614361",
                "count": 0
            },
            {
                "id": "100080478573796",
                "count": 0
            },
            {
                "id": "61573364614943",
                "count": 0
            },
            {
                "id": "61558836885346",
                "count": 0
            },
            {
                "id": "100032804160095",
                "count": 0
            },
            {
                "id": "61579637983673",
                "count": 0
            },
            {
                "id": "61578637457388",
                "count": 0
            },
            {
                "id": "61556318980911",
                "count": 0
            },
            {
                "id": "61564337204930",
                "count": 0
            },
            {
                "id": "100074258280343",
                "count": 0
            },
            {
                "id": "100055200804952",
                "count": 0
            },
            {
                "id": "100076398530832",
                "count": 0
            },
            {
                "id": "100092577837276",
                "count": 0
            },
            {
                "id": "100084280966520",
                "count": 0
            },
            {
                "id": "61572845183357",
                "count": 0
            },
            {
                "id": "61565911637433",
                "count": 0
            },
            {
                "id": "100054938991483",
                "count": 0
            },
            {
                "id": "61569943750159",
                "count": 0
            },
            {
                "id": "61568704992723",
                "count": 0
            },
            {
                "id": "61577020003565",
                "count": 0
            },
            {
                "id": "61565784304902",
                "count": 0
            },
            {
                "id": "100075852183101",
                "count": 0
            },
            {
                "id": "100080934447211",
                "count": 0
            },
            {
                "id": "100085187695587",
                "count": 0
            },
            {
                "id": "61562557643788",
                "count": 0
            },
            {
                "id": "100065971290474",
                "count": 0
            },
            {
                "id": "61569176133290",
                "count": 0
            },
            {
                "id": "61561035106245",
                "count": 0
            },
            {
                "id": "61550735367845",
                "count": 0
            },
            {
                "id": "61550030184394",
                "count": 0
            },
            {
                "id": "100090341207203",
                "count": 0
            },
            {
                "id": "61572291822089",
                "count": 0
            },
            {
                "id": "61572573494255",
                "count": 0
            },
            {
                "id": "100095089472936",
                "count": 0
            }
        ]
    }
}