{
    "total": [
        {
            "id": "61576384171555",
            "count": 0
        },
        {
            "id": "61577782566454",
            "count": 0
        },
        {
            "id": "100093852656737",
            "count": 65
        },
        {
            "id": "100048286966787",
            "count": 23
        },
        {
            "id": "61561400514605",
            "count": 12,
            "lastActive": "13:04:38 || thứ hai"
        },
        {
            "id": "100080011106438",
            "count": 0
        },
        {
            "id": "100083289184042",
            "count": 2
        },
        {
            "id": "100085252792809",
            "count": 1
        },
        {
            "id": "61571461285821",
            "count": 0
        },
        {
            "id": "100089270177370",
            "count": 3
        },
        {
            "id": "61559900873302",
            "count": 0
        },
        {
            "id": "61578381119154",
            "count": 0
        },
        {
            "id": "100077523790065",
            "count": 0
        },
        {
            "id": "100052437024366",
            "count": 0
        },
        {
            "id": "100058713797294",
            "count": 9
        },
        {
            "id": "100086789418495",
            "count": 0
        },
        {
            "id": "61579081555224",
            "count": 3
        },
        {
            "id": "100000493975005",
            "count": 9
        },
        {
            "id": "61574544987224",
            "count": 1136
        },
        {
            "id": "100072439105441",
            "count": 13
        },
        {
            "id": "61563827483680",
            "count": 0
        },
        {
            "id": "61579857868247",
            "count": 0
        },
        {
            "id": "61554742588210",
            "count": 0
        },
        {
            "id": "61577911347388",
            "count": 0
        },
        {
            "id": "100009368602729",
            "count": 0
        },
        {
            "id": "61562861708341",
            "count": 0
        },
        {
            "id": "100003179552683",
            "count": 0
        },
        {
            "id": "100003686904007",
            "count": 0
        },
        {
            "id": "61570832400446",
            "count": 1
        },
        {
            "id": "61551199829543",
            "count": 0
        },
        {
            "id": "61577297211008",
            "count": 0
        },
        {
            "id": "61563507274891",
            "count": 3
        },
        {
            "id": "100079200672035",
            "count": 0
        },
        {
            "id": "61571378600447",
            "count": 0
        },
        {
            "id": "61567177603180",
            "count": 0
        },
        {
            "id": "61551723887551",
            "count": 0
        },
        {
            "id": "100073043586491",
            "count": 0
        },
        {
            "id": "100086381191724",
            "count": 0
        },
        {
            "id": "61571886846094",
            "count": 0
        },
        {
            "id": "100085073240621",
            "count": 0
        },
        {
            "id": "61579008396512",
            "count": 0
        },
        {
            "id": "61558041606011",
            "count": 0
        },
        {
            "id": "61576926660973",
            "count": 0
        },
        {
            "id": "100072362141812",
            "count": 0
        },
        {
            "id": "100079152924560",
            "count": 0
        },
        {
            "id": "61559745582924",
            "count": 0
        },
        {
            "id": "61576247410565",
            "count": 0
        },
        {
            "id": "100024871212620",
            "count": 0
        },
        {
            "id": "100094571413433",
            "count": 0
        },
        {
            "id": "61572301727230",
            "count": 0
        },
        {
            "id": "61557563756172",
            "count": 0
        },
        {
            "id": "61572477063045",
            "count": 1
        },
        {
            "id": "100008656354405",
            "count": 0
        },
        {
            "id": "100078167808760",
            "count": 0
        },
        {
            "id": "100088931276394",
            "count": 0
        },
        {
            "id": "100056061186026",
            "count": 8
        },
        {
            "id": "61565745886029",
            "count": 0
        },
        {
            "id": "100090482555028",
            "count": 0
        },
        {
            "id": "100090957081158",
            "count": 494
        },
        {
            "id": "100034338409552",
            "count": 0
        },
        {
            "id": "61555631702173",
            "count": 0
        },
        {
            "id": "61576963715189",
            "count": 0
        },
        {
            "id": "61551842823184",
            "count": 0
        },
        {
            "id": "61576997679033",
            "count": 0
        },
        {
            "id": "100065648044202",
            "count": 0
        },
        {
            "id": "100078810589997",
            "count": 4
        },
        {
            "id": "61556712443542",
            "count": 0
        },
        {
            "id": "100067508386723",
            "count": 68
        },
        {
            "id": "100079027159606",
            "count": 0
        },
        {
            "id": "61550030184394",
            "count": 213,
            "lastActive": "13:53:21 || thứ tư"
        },
        {
            "id": "61570721316285",
            "count": 0
        },
        {
            "id": "100079543967576",
            "count": 1058,
            "lastActive": "16:37:18 || thứ tư"
        },
        {
            "id": "61575364336313",
            "count": 0
        },
        {
            "id": "100078770213270",
            "count": 0
        },
        {
            "id": "100006757690336",
            "count": 0
        },
        {
            "id": "61574133693968",
            "count": 1057,
            "lastActive": "16:50:47 || thứ tư"
        },
        {
            "id": "100067021488939",
            "count": 0
        },
        {
            "id": "61576759707113",
            "count": 0
        },
        {
            "id": "100093360293015",
            "count": 0
        },
        {
            "id": "100013107251488",
            "count": 0
        },
        {
            "id": "61577983187575",
            "count": 236,
            "lastActive": "05:10:30 || thứ tư"
        },
        {
            "id": "61551428605061",
            "count": 0
        },
        {
            "id": "61578764402802",
            "count": 0
        },
        {
            "id": "61561969032755",
            "count": 0
        },
        {
            "id": "100078395919861",
            "count": 2
        },
        {
            "id": "61573189019864",
            "count": 67
        },
        {
            "id": "61577111710509",
            "count": 0
        },
        {
            "id": "61557858792372",
            "count": 0
        },
        {
            "id": "100078236916057",
            "count": 1
        },
        {
            "id": "61580565842947",
            "count": 0
        },
        {
            "id": "61559873662942",
            "count": 0
        },
        {
            "id": "61573739606002",
            "count": 0
        },
        {
            "id": "61577177926779",
            "count": 0
        },
        {
            "id": "100084500059986",
            "count": 0
        },
        {
            "id": "61567210261644",
            "count": 0
        },
        {
            "id": "100079577807941",
            "count": 0
        },
        {
            "id": "100010564806503",
            "count": 0
        },
        {
            "id": "61552988348166",
            "count": 0
        },
        {
            "id": "100079237066364",
            "count": 0
        },
        {
            "id": "61577161121479",
            "count": 2
        },
        {
            "id": "61565481006787",
            "count": 4
        },
        {
            "id": "100005270628973",
            "count": 0
        },
        {
            "id": "100087795897335",
            "count": 0
        },
        {
            "id": "100051092415393",
            "count": 22
        },
        {
            "id": "100092364073953",
            "count": 534,
            "lastActive": "09:51:53 || thứ ba"
        },
        {
            "id": "61577110173356",
            "count": 0
        },
        {
            "id": "61571553836887",
            "count": 0
        },
        {
            "id": "61578558907113",
            "count": 61,
            "lastActive": "13:55:17 || thứ tư"
        },
        {
            "id": "61573430986568",
            "count": 0
        },
        {
            "id": "61557169302756",
            "count": 0
        },
        {
            "id": "100049942751935",
            "count": 0
        },
        {
            "id": "100080761982297",
            "count": 5
        },
        {
            "id": "100088375077496",
            "count": 0
        },
        {
            "id": "100031898887769",
            "count": 0
        },
        {
            "id": "100084979833402",
            "count": 0
        },
        {
            "id": "61578402993739",
            "count": 0
        },
        {
            "id": "61579645134072",
            "count": 0
        },
        {
            "id": "61577423091245",
            "count": 0
        },
        {
            "id": "1048863846",
            "count": 5
        },
        {
            "id": "61567629426307",
            "count": 0
        },
        {
            "id": "61570415288447",
            "count": 146,
            "lastActive": "15:52:15 || thứ tư"
        },
        {
            "id": "100055431176533",
            "count": 0
        },
        {
            "id": "61562023350472",
            "count": 0
        },
        {
            "id": "61571615160914",
            "count": 0
        },
        {
            "id": "100083186363436",
            "count": 0
        },
        {
            "id": "100088351907178",
            "count": 0
        },
        {
            "id": "100069969279032",
            "count": 0
        },
        {
            "id": "61558642103751",
            "count": 0
        },
        {
            "id": "61567360564496",
            "count": 0
        },
        {
            "id": "61578334643999",
            "count": 0
        },
        {
            "id": "61580823390065",
            "count": 12
        },
        {
            "id": "61573434260369",
            "count": 0
        },
        {
            "id": "100000895922054",
            "count": 743
        },
        {
            "id": "61576912454012",
            "count": 0
        },
        {
            "id": "100093542521882",
            "count": 0
        },
        {
            "id": "61576724159050",
            "count": 0
        },
        {
            "id": "100001322102207",
            "count": 92
        },
        {
            "id": "61582356713887",
            "count": 31
        },
        {
            "id": "61581815902288",
            "count": 18
        },
        {
            "id": "100033476377058",
            "count": 989
        },
        {
            "id": "61580782596177",
            "count": 1114,
            "lastActive": "16:35:47 || thứ tư"
        },
        {
            "id": "61563558407053",
            "count": 420
        },
        {
            "id": "61571283794301",
            "count": 22
        },
        {
            "id": "61570823791353",
            "count": 157
        },
        {
            "id": "61579702520039",
            "count": 0
        },
        {
            "id": "100024581123409",
            "count": 109
        },
        {
            "id": "100084609375411",
            "count": 0
        },
        {
            "id": "61555188660933",
            "count": 0
        },
        {
            "id": "100077366272669",
            "count": 0
        },
        {
            "id": "757649544",
            "count": 69
        },
        {
            "id": "61581847531687",
            "count": 1
        },
        {
            "id": "100075966696918",
            "count": 0
        },
        {
            "id": "100090613794892",
            "count": 0
        },
        {
            "id": "100086947127312",
            "count": 0
        },
        {
            "id": "61574998082468",
            "count": 0
        },
        {
            "id": "61578346343573",
            "count": 320
        },
        {
            "id": "100021965358651",
            "count": 0
        },
        {
            "id": "100083620530593",
            "count": 5
        },
        {
            "id": "100040172692713",
            "count": 0
        },
        {
            "id": "100088735854296",
            "count": 0
        },
        {
            "id": "100079110468896",
            "count": 0
        },
        {
            "id": "61550511686379",
            "count": 0
        },
        {
            "id": "100088218764370",
            "count": 1
        },
        {
            "id": "100073639420918",
            "count": 112,
            "lastActive": "02:01:46 || thứ tư"
        },
        {
            "id": "61576904223443",
            "count": 0
        },
        {
            "id": "100074764201829",
            "count": 434,
            "lastActive": "13:53:21 || thứ tư"
        },
        {
            "id": "61582133821146",
            "count": 0
        },
        {
            "id": "61579898692010",
            "count": 0
        },
        {
            "id": "100026893564782",
            "count": 0
        },
        {
            "id": "61582075866708",
            "count": 20,
            "lastActive": "11:48:28 || thứ tư"
        },
        {
            "id": "61571905018381",
            "count": 0
        },
        {
            "id": "61577947693571",
            "count": 50
        },
        {
            "id": "100072013716641",
            "count": 124
        },
        {
            "id": "100086036372647",
            "count": 0
        },
        {
            "id": "100090458979503",
            "count": 124,
            "lastActive": "23:49:32 || thứ ba"
        },
        {
            "id": "61572095566149",
            "count": 11
        },
        {
            "id": "100015708247902",
            "count": 47,
            "lastActive": "13:19:04 || thứ tư"
        },
        {
            "id": "61582273912090",
            "count": 524,
            "lastActive": "16:50:44 || thứ tư"
        },
        {
            "id": "100068367664395",
            "count": 4
        },
        {
            "id": "100083411540341",
            "count": 12,
            "lastActive": "21:20:51 || thứ ba"
        },
        {
            "id": "100067827494573",
            "count": 44,
            "lastActive": "15:53:26 || thứ tư"
        },
        {
            "id": "61577920241161",
            "count": 0
        },
        {
            "id": "100085636317402",
            "count": 133,
            "lastActive": "14:53:49 || thứ tư"
        },
        {
            "id": "61572960869645",
            "count": 0
        },
        {
            "id": "100008616252417",
            "count": 0
        },
        {
            "id": "61576970284281",
            "count": 0
        },
        {
            "id": "100091266824680",
            "count": 0
        },
        {
            "id": "100090737894483",
            "count": 20,
            "lastActive": "12:19:34 || thứ tư"
        },
        {
            "id": "61582621723311",
            "count": 0
        },
        {
            "id": "100086707824754",
            "count": 0
        },
        {
            "id": "100091066406054",
            "count": 0
        },
        {
            "id": "61576774539910",
            "count": 9
        },
        {
            "id": "61583420608426",
            "count": 34,
            "lastActive": "07:12:05 || thứ tư"
        }
    ],
    "week": [
        {
            "id": "61576384171555",
            "count": 0,
            "name": "Phạm Việt"
        },
        {
            "id": "61577782566454",
            "count": 0,
            "name": "Hoàn Lê"
        },
        {
            "id": "100093852656737",
            "count": 0,
            "name": "Đỗ Quốc Anh"
        },
        {
            "id": "100048286966787",
            "count": 0,
            "name": "Ng Van Chien 🧸 💤"
        },
        {
            "id": "61561400514605",
            "count": 4,
            "name": "👑 Thành Đạt 🐻✨",
            "lastActive": "13:04:38 || thứ hai"
        },
        {
            "id": "100080011106438",
            "count": 0,
            "name": "Nguyễn Thị Ngà"
        },
        {
            "id": "100083289184042",
            "count": 0,
            "name": "Lê Quí Hoàn"
        },
        {
            "id": "100085252792809",
            "count": 0,
            "name": "T. Mạnh"
        },
        {
            "id": "61571461285821",
            "count": 0,
            "name": "Xuân Hương"
        },
        {
            "id": "100089270177370",
            "count": 0,
            "name": "Yến Nhi"
        },
        {
            "id": "61559900873302",
            "count": 0,
            "name": "Người dùng Facebook"
        },
        {
            "id": "61578381119154",
            "count": 0,
            "name": "XDThuỳ Vietnam "
        },
        {
            "id": "100077523790065",
            "count": 0,
            "name": "Vgb Tk Số Hai"
        },
        {
            "id": "100052437024366",
            "count": 0,
            "name": "Phạm Văn Đệ"
        },
        {
            "id": "100058713797294",
            "count": 0,
            "name": "Trịnh Trần Phương Tuấn"
        },
        {
            "id": "100086789418495",
            "count": 0,
            "name": "Khang nguyen ☆"
        },
        {
            "id": "61579081555224",
            "count": 0,
            "name": "Trương Tuấn Đức"
        },
        {
            "id": "100000493975005",
            "count": 0,
            "name": "Nguyễn Đinh Tiến Dũng"
        },
        {
            "id": "61574544987224",
            "count": 0,
            "name": "Dang Gia Khanh"
        },
        {
            "id": "100072439105441",
            "count": 0,
            "name": "˖Lê Chí ✧˖°"
        },
        {
            "id": "61563827483680",
            "count": 0,
            "name": "Khang Nguyen"
        },
        {
            "id": "61579857868247",
            "count": 0,
            "name": "Người dùng Facebook"
        },
        {
            "id": "61554742588210",
            "count": 0,
            "name": "Minh Thành"
        },
        {
            "id": "61577911347388",
            "count": 0,
            "name": "Người dùng Facebook"
        },
        {
            "id": "100009368602729",
            "count": 0,
            "name": "Xuân Hương Mai"
        },
        {
            "id": "61562861708341",
            "count": 0,
            "name": "Tong Anh"
        },
        {
            "id": "100003179552683",
            "count": 0,
            "name": "Người dùng Facebook"
        },
        {
            "id": "100003686904007",
            "count": 0,
            "name": "Người dùng Facebook"
        },
        {
            "id": "61570832400446",
            "count": 0,
            "name": "Nq Ngọc Hải"
        },
        {
            "id": "61551199829543",
            "count": 0,
            "name": "Nguyễn Quốc Thịnh"
        },
        {
            "id": "61577297211008",
            "count": 0,
            "name": "Người dùng Facebook"
        },
        {
            "id": "61563507274891",
            "count": 0,
            "name": "Ng Yến Nhi"
        },
        {
            "id": "100079200672035",
            "count": 0,
            "name": "Luan Bao"
        },
        {
            "id": "61571378600447",
            "count": 0,
            "name": "Người dùng Facebook"
        },
        {
            "id": "61567177603180",
            "count": 0,
            "name": "Minh Khánh"
        },
        {
            "id": "61551723887551",
            "count": 0,
            "name": "Người dùng Facebook"
        },
        {
            "id": "100073043586491",
            "count": 0,
            "name": "Tr Hà My"
        },
        {
            "id": "100086381191724",
            "count": 0,
            "name": "Người dùng Facebook"
        },
        {
            "id": "61571886846094",
            "count": 0,
            "name": "⚜️🦖🪐Ng Duc Anh💥☄️💫🄷🄰🄲🄺🄴🅁 🄱🄰🅃 🅃🅄 🅂🄰🄽 🅃🅁🄴🄾 🪐👑🐋"
        },
        {
            "id": "100085073240621",
            "count": 0,
            "name": "Người dùng Facebook"
        },
        {
            "id": "61579008396512",
            "count": 0,
            "name": "Người dùng Facebook"
        },
        {
            "id": "61558041606011",
            "count": 0,
            "name": "Bon Cte"
        },
        {
            "id": "61576926660973",
            "count": 0,
            "name": "Linh Ngoc"
        },
        {
            "id": "100072362141812",
            "count": 0,
            "name": "Người dùng Facebook"
        },
        {
            "id": "100079152924560",
            "count": 0,
            "name": "Hân Nhã"
        },
        {
            "id": "61559745582924",
            "count": 0,
            "name": "Đàm Khang"
        },
        {
            "id": "61576247410565",
            "count": 0,
            "name": "Play TogeTherVNG"
        },
        {
            "id": "100024871212620",
            "count": 0,
            "name": "✅ Nguyễn Đinh Tiến Dũng ✅☠️️🏹🔰️🎱👑️🎧💔️🥊️🎳️🎖️️🏅️🥇️🥈️🥉️🏆"
        },
        {
            "id": "100094571413433",
            "count": 0,
            "name": "Rudeus Greyrat"
        },
        {
            "id": "61572301727230",
            "count": 0,
            "name": "Long Đo"
        },
        {
            "id": "61557563756172",
            "count": 0,
            "name": "Người dùng Facebook"
        },
        {
            "id": "61572477063045",
            "count": 0,
            "name": "Nguyễn Kiên"
        },
        {
            "id": "100008656354405",
            "count": 0,
            "name": "Min"
        },
        {
            "id": "100078167808760",
            "count": 0,
            "name": "Haa Vyy"
        },
        {
            "id": "100088931276394",
            "count": 0,
            "name": "Người dùng Facebook"
        },
        {
            "id": "100056061186026",
            "count": 0,
            "name": "Bun Boaa"
        },
        {
            "id": "61565745886029",
            "count": 0,
            "name": "Người dùng Facebook"
        },
        {
            "id": "100090482555028",
            "count": 0,
            "name": "Nguyễn Văn Tin"
        },
        {
            "id": "100090957081158",
            "count": 0,
            "name": "Quốc Lord"
        },
        {
            "id": "100034338409552",
            "count": 0,
            "name": "Đỗ Quốc Huy"
        },
        {
            "id": "61555631702173",
            "count": 0,
            "name": "Người dùng Facebook"
        },
        {
            "id": "61576963715189",
            "count": 0,
            "name": "Trịnh Đô"
        },
        {
            "id": "61551842823184",
            "count": 0,
            "name": "Hoàng Duy"
        },
        {
            "id": "61576997679033",
            "count": 0,
            "name": "Play Together VNG ZACK TIKTOK"
        },
        {
            "id": "100065648044202",
            "count": 0,
            "name": "Thiên Thạch"
        },
        {
            "id": "100078810589997",
            "count": 0,
            "name": "Kum Harry"
        },
        {
            "id": "61556712443542",
            "count": 0,
            "name": "Khánh Ly"
        },
        {
            "id": "100067508386723",
            "count": 0,
            "name": "Người dùng Facebook"
        },
        {
            "id": "100079027159606",
            "count": 0,
            "name": "Nguyễn Trung"
        },
        {
            "id": "61550030184394",
            "count": 48,
            "name": "️️️️️️️️️️️️️️️️️️️️️️️️️️️️️️️️️️️️️️️️️️️️️️️️️️️️️️️️️️️️️️️️️️️️️️️️️️️️️️️️️️️️️️️️️️️️️️️️️️️️️️️️️️️️️️️️️️️️️️️️️️️️️️️️️️️️️️️️️️️️️️️️️️️️️️️️️️️️️️️️️️️️️️️️️️ ",
            "lastActive": "13:53:21 || thứ tư"
        },
        {
            "id": "61570721316285",
            "count": 0,
            "name": "Người dùng Facebook"
        },
        {
            "id": "100079543967576",
            "count": 303,
            "name": "Le Ngoc Duy",
            "lastActive": "16:37:18 || thứ tư"
        },
        {
            "id": "61575364336313",
            "count": 0,
            "name": "Trần Hải"
        },
        {
            "id": "100078770213270",
            "count": 0,
            "name": "Hoa Nguyen"
        },
        {
            "id": "100006757690336",
            "count": 0,
            "name": "Trần Quốc Huy"
        },
        {
            "id": "61574133693968",
            "count": 176,
            "name": "はただ いづみ",
            "lastActive": "16:50:47 || thứ tư"
        },
        {
            "id": "100067021488939",
            "count": 0,
            "name": "Hồng Sơn"
        },
        {
            "id": "61576759707113",
            "count": 0,
            "name": "Gàa Con"
        },
        {
            "id": "100093360293015",
            "count": 0,
            "name": "Lê Thảo"
        },
        {
            "id": "100013107251488",
            "count": 0,
            "name": "Lle Ril"
        },
        {
            "id": "61577983187575",
            "count": 12,
            "name": "Xuân Hương Mai",
            "lastActive": "05:10:30 || thứ tư"
        },
        {
            "id": "61551428605061",
            "count": 0,
            "name": "Cuộc Sống"
        },
        {
            "id": "61578764402802",
            "count": 0,
            "name": "Le Yen Ngoc"
        },
        {
            "id": "61561969032755",
            "count": 0,
            "name": "Đức Khang"
        },
        {
            "id": "100078395919861",
            "count": 0,
            "name": "Gia Huyy"
        },
        {
            "id": "61573189019864",
            "count": 0,
            "name": "Lezus Ryuji"
        },
        {
            "id": "61577111710509",
            "count": 0,
            "name": "Mia Lê"
        },
        {
            "id": "61557858792372",
            "count": 0,
            "name": "Da Toku"
        },
        {
            "id": "100078236916057",
            "count": 0,
            "name": "Lezus Toi Dayy"
        },
        {
            "id": "61580565842947",
            "count": 0,
            "name": "Thiên Thanh"
        },
        {
            "id": "61559873662942",
            "count": 0,
            "name": "Người dùng Facebook"
        },
        {
            "id": "61573739606002",
            "count": 0,
            "name": "Vo Yeu Anh"
        },
        {
            "id": "61577177926779",
            "count": 0,
            "name": "Kẻ Tìm Bình Yên"
        },
        {
            "id": "100084500059986",
            "count": 0,
            "name": "Tuấn Seoul"
        },
        {
            "id": "61567210261644",
            "count": 0,
            "name": "Người dùng Facebook"
        },
        {
            "id": "100079577807941",
            "count": 0,
            "name": "Người dùng Facebook"
        },
        {
            "id": "100010564806503",
            "count": 0,
            "name": "Đạt Lê"
        },
        {
            "id": "61552988348166",
            "count": 0,
            "name": "Nguyễn Phạm Linh Chi"
        },
        {
            "id": "100079237066364",
            "count": 0,
            "name": "Thanh Mai"
        },
        {
            "id": "61577161121479",
            "count": 0,
            "name": "🌀🦖🩶Ank La Kiet🦖🌀🩶"
        },
        {
            "id": "61565481006787",
            "count": 0,
            "name": "Nguyễn Hải Vân"
        },
        {
            "id": "100005270628973",
            "count": 0,
            "name": "Huệ Tây"
        },
        {
            "id": "100087795897335",
            "count": 0,
            "name": "Trieu Thuy Tien"
        },
        {
            "id": "100051092415393",
            "count": 0,
            "name": "Mạnh’s Chiến’s"
        },
        {
            "id": "100092364073953",
            "count": 20,
            "name": "️️️️️️️️️️️️️️️️️️️️️️️️️️️️️️️️️️️️️️️️️️️️️️️️️️️️️️️️️️️️️️️️️️️️️️️️️️️️️️️️️️️️️️️️️️️️️️️️️️️️️️️️️️️️️️️️️️️️️️️️️️️️️️️️️️️️️️️️️️️️️️️️️️️️️️️️️️️️️️️️️️️️️️️️️️",
            "lastActive": "09:51:53 || thứ ba"
        },
        {
            "id": "61577110173356",
            "count": 0,
            "name": "Bé Tường Vy"
        },
        {
            "id": "61571553836887",
            "count": 0,
            "name": "Đỗ Mạnh Cường"
        },
        {
            "id": "61578558907113",
            "count": 54,
            "name": "Giaa Hann",
            "lastActive": "13:55:17 || thứ tư"
        },
        {
            "id": "61573430986568",
            "count": 0,
            "name": "Bò Tôi Tuôi"
        },
        {
            "id": "61557169302756",
            "count": 0,
            "name": "Uyển Nhi Ng"
        },
        {
            "id": "100049942751935",
            "count": 0,
            "name": "Dương So Sad"
        },
        {
            "id": "100080761982297",
            "count": 0,
            "name": "Vũ Việt"
        },
        {
            "id": "100088375077496",
            "count": 0,
            "name": "Ngọc Linh"
        },
        {
            "id": "100031898887769",
            "count": 0,
            "name": "Người dùng Facebook"
        },
        {
            "id": "100084979833402",
            "count": 0,
            "name": "Hải Nhỏ"
        },
        {
            "id": "61578402993739",
            "count": 0,
            "name": "Vthii Anhhduongg"
        },
        {
            "id": "61579645134072",
            "count": 0,
            "name": "Trần Hoàng Minh Anh"
        },
        {
            "id": "61577423091245",
            "count": 0,
            "name": "Hn Bao Han"
        },
        {
            "id": "1048863846",
            "count": 0,
            "name": "Suy Bốn Mùa"
        },
        {
            "id": "61567629426307",
            "count": 0,
            "name": "Vi Nguyên"
        },
        {
            "id": "61570415288447",
            "count": 4,
            "name": "Huỳnh Thuỵ Dương Trúc",
            "lastActive": "15:52:15 || thứ tư"
        },
        {
            "id": "100055431176533",
            "count": 0,
            "name": "Louis Là Mình"
        },
        {
            "id": "61562023350472",
            "count": 0,
            "name": "Thuận Phát"
        },
        {
            "id": "61571615160914",
            "count": 0,
            "name": "Như Cày Sập Web"
        },
        {
            "id": "100083186363436",
            "count": 0,
            "name": "Đinh Quang Anh"
        },
        {
            "id": "100088351907178",
            "count": 0,
            "name": "Thanhh Thao"
        },
        {
            "id": "100069969279032",
            "count": 0,
            "name": "Meo Yeu"
        },
        {
            "id": "61558642103751",
            "count": 0,
            "name": "Vũ Thị Nhung"
        },
        {
            "id": "61567360564496",
            "count": 0,
            "name": "Người dùng Facebook"
        },
        {
            "id": "61578334643999",
            "count": 0,
            "name": "Bé Thơ"
        },
        {
            "id": "61580823390065",
            "count": 0,
            "name": "Thu Trang"
        },
        {
            "id": "61573434260369",
            "count": 0,
            "name": "Hoang Yen"
        },
        {
            "id": "100000895922054",
            "count": 0,
            "name": "Ng Van Hungg 🌸"
        },
        {
            "id": "61576912454012",
            "count": 0,
            "name": "Adu Em Cam"
        },
        {
            "id": "100093542521882",
            "count": 0,
            "name": "Người dùng Facebook"
        },
        {
            "id": "61576724159050",
            "count": 0,
            "name": "Nguyễn Kim"
        },
        {
            "id": "100001322102207",
            "count": 0,
            "name": "Người dùng Facebook"
        },
        {
            "id": "61582356713887",
            "count": 0,
            "name": "Người dùng Facebook"
        },
        {
            "id": "61581815902288",
            "count": 0,
            "name": "Phuongw Anhh"
        },
        {
            "id": "100033476377058",
            "count": 0,
            "name": "Đặng Ngọc Thắng"
        },
        {
            "id": "61580782596177",
            "count": 121,
            "name": "Le Ngoc Duy",
            "lastActive": "16:35:47 || thứ tư"
        },
        {
            "id": "61563558407053",
            "count": 0,
            "name": "Nguyễn Viet Anh"
        },
        {
            "id": "61571283794301",
            "count": 0,
            "name": "Nguyễn Ngọc"
        },
        {
            "id": "61570823791353",
            "count": 0,
            "name": "Người dùng Facebook"
        },
        {
            "id": "61579702520039",
            "count": 0,
            "name": "Thu Hằng"
        },
        {
            "id": "100024581123409",
            "count": 0,
            "name": "Người dùng Facebook"
        },
        {
            "id": "100084609375411",
            "count": 0,
            "name": "Xuân Bách"
        },
        {
            "id": "61555188660933",
            "count": 0,
            "name": "Aduu Iem Zitt"
        },
        {
            "id": "100077366272669",
            "count": 0,
            "name": "Phạm Thanh Tùng"
        },
        {
            "id": "757649544",
            "count": 0,
            "name": "Hoàn Lê"
        },
        {
            "id": "61581847531687",
            "count": 0,
            "name": "Vũ Đăng"
        },
        {
            "id": "100075966696918",
            "count": 0,
            "name": "Lê Tuấn"
        },
        {
            "id": "100090613794892",
            "count": 0,
            "name": "Thùy Dương"
        },
        {
            "id": "100086947127312",
            "count": 0,
            "name": "Nguyễn Hoàng Hải"
        },
        {
            "id": "61574998082468",
            "count": 0,
            "name": "Nguyễn Văn Trung 🧸❤️‍🩹"
        },
        {
            "id": "61578346343573",
            "count": 0,
            "name": "Người dùng Facebook"
        },
        {
            "id": "100021965358651",
            "count": 0,
            "name": "Người dùng Facebook"
        },
        {
            "id": "100083620530593",
            "count": 0,
            "name": "Người dùng Facebook"
        },
        {
            "id": "100040172692713",
            "count": 0,
            "name": "Hoang Thi Thuy Hangg"
        },
        {
            "id": "100088735854296",
            "count": 0,
            "name": "Văn Nghĩaa"
        },
        {
            "id": "100079110468896",
            "count": 0,
            "name": "Ngoc Lan"
        },
        {
            "id": "61550511686379",
            "count": 0,
            "name": "Nhi Nhi"
        },
        {
            "id": "100088218764370",
            "count": 0,
            "name": "Ng Thảo"
        },
        {
            "id": "100073639420918",
            "count": 46,
            "name": "Ng Van Hungg 💤",
            "lastActive": "02:01:46 || thứ tư"
        },
        {
            "id": "61576904223443",
            "count": 0,
            "name": "Phu Quy"
        },
        {
            "id": "100074764201829",
            "count": 74,
            "name": "Nguyễn Việt Anh",
            "lastActive": "13:53:21 || thứ tư"
        },
        {
            "id": "61582133821146",
            "count": 0,
            "name": "Trườngg Thịnhh"
        },
        {
            "id": "61579898692010",
            "count": 0,
            "name": "Le Hoang Vi"
        },
        {
            "id": "100026893564782",
            "count": 0,
            "name": "Người dùng Facebook"
        },
        {
            "id": "61582075866708",
            "count": 19,
            "name": "Pun Pun",
            "lastActive": "11:48:28 || thứ tư"
        },
        {
            "id": "61571905018381",
            "count": 0,
            "name": "ha van minh."
        },
        {
            "id": "61577947693571",
            "count": 0,
            "name": "Bốngg Yeuuu Anhh"
        },
        {
            "id": "100072013716641",
            "count": 0,
            "name": "Lam Anh"
        },
        {
            "id": "100086036372647",
            "count": 0,
            "name": "Mất Niềm Tin"
        },
        {
            "id": "100090458979503",
            "count": 9,
            "name": "🌸🎧💙👾 Tuan Khanh 🎶🌙✨💤",
            "lastActive": "23:49:32 || thứ ba"
        },
        {
            "id": "61572095566149",
            "count": 0,
            "name": "Gia Vĩ"
        },
        {
            "id": "100015708247902",
            "count": 20,
            "name": "Lê Tuấn Vỹ",
            "lastActive": "13:19:04 || thứ tư"
        },
        {
            "id": "61582273912090",
            "count": 210,
            "lastActive": "16:50:44 || thứ tư",
            "name": "Khanh Dang"
        },
        {
            "id": "100068367664395",
            "count": 0,
            "name": "সাগর মিয়া"
        },
        {
            "id": "100083411540341",
            "count": 10,
            "lastActive": "21:20:51 || thứ ba",
            "name": "Quang Huy"
        },
        {
            "id": "100067827494573",
            "count": 32,
            "name": "Minh Truong",
            "lastActive": "15:53:26 || thứ tư"
        },
        {
            "id": "61577920241161",
            "count": 0,
            "name": "Sùng A Kì"
        },
        {
            "id": "100085636317402",
            "count": 79,
            "lastActive": "14:53:49 || thứ tư",
            "name": "Nguyễn Ngọc Linh"
        },
        {
            "id": "61572960869645",
            "count": 0,
            "name": "Nguyễn Đăng Dương"
        },
        {
            "id": "100008616252417",
            "count": 0,
            "name": "️️️️️️️️️️️️️️️️️️️️️️️️️️️️️️️️️️️️️️️️️️️️️️️️️️️️️️️️️️️️️️️️️️️️️️️️️️️️️️️️️️️️️️️️️️️️️️️️️️️️️️️️️️️️️️️️️️️️️️️️️️️️️️️️️️️️️️️️️️️️️️️️️️️️️️️️️️️️️️️️️️️️️️️️️️"
        },
        {
            "id": "61576970284281",
            "count": 0,
            "name": "Mai Hồng Nguyên"
        },
        {
            "id": "100091266824680",
            "count": 0,
            "name": "Lê Mai"
        },
        {
            "id": "100090737894483",
            "count": 25,
            "lastActive": "12:19:34 || thứ tư",
            "name": "Duc Chinh"
        },
        {
            "id": "61582621723311",
            "count": 0,
            "name": "Eimi Fukada"
        },
        {
            "id": "100086707824754",
            "count": 0,
            "name": "Huỳnh Ánh Nhật"
        },
        {
            "id": "100091066406054",
            "count": 0,
            "name": "Nguyễn Tuấn.Anh"
        },
        {
            "id": "61576774539910",
            "count": 0,
            "name": "Lee Anh Sơn"
        },
        {
            "id": "61583420608426",
            "count": 34,
            "lastActive": "07:12:05 || thứ tư"
        }
    ],
    "day": [
        {
            "id": "61576384171555",
            "count": 0
        },
        {
            "id": "61577782566454",
            "count": 0
        },
        {
            "id": "100093852656737",
            "count": 0
        },
        {
            "id": "100048286966787",
            "count": 0
        },
        {
            "id": "61561400514605",
            "count": 0
        },
        {
            "id": "100080011106438",
            "count": 0
        },
        {
            "id": "100083289184042",
            "count": 0
        },
        {
            "id": "100085252792809",
            "count": 0
        },
        {
            "id": "61571461285821",
            "count": 0
        },
        {
            "id": "100089270177370",
            "count": 0
        },
        {
            "id": "61559900873302",
            "count": 0
        },
        {
            "id": "61578381119154",
            "count": 0
        },
        {
            "id": "100077523790065",
            "count": 0
        },
        {
            "id": "100052437024366",
            "count": 0
        },
        {
            "id": "100058713797294",
            "count": 0
        },
        {
            "id": "100086789418495",
            "count": 0
        },
        {
            "id": "61579081555224",
            "count": 0
        },
        {
            "id": "100000493975005",
            "count": 0
        },
        {
            "id": "61574544987224",
            "count": 0
        },
        {
            "id": "100072439105441",
            "count": 0
        },
        {
            "id": "61563827483680",
            "count": 0
        },
        {
            "id": "61579857868247",
            "count": 0
        },
        {
            "id": "61554742588210",
            "count": 0
        },
        {
            "id": "61577911347388",
            "count": 0
        },
        {
            "id": "100009368602729",
            "count": 0
        },
        {
            "id": "61562861708341",
            "count": 0
        },
        {
            "id": "100003179552683",
            "count": 0
        },
        {
            "id": "100003686904007",
            "count": 0
        },
        {
            "id": "61570832400446",
            "count": 0
        },
        {
            "id": "61551199829543",
            "count": 0
        },
        {
            "id": "61577297211008",
            "count": 0
        },
        {
            "id": "61563507274891",
            "count": 0
        },
        {
            "id": "100079200672035",
            "count": 0
        },
        {
            "id": "61571378600447",
            "count": 0
        },
        {
            "id": "61567177603180",
            "count": 0
        },
        {
            "id": "61551723887551",
            "count": 0
        },
        {
            "id": "100073043586491",
            "count": 0
        },
        {
            "id": "100086381191724",
            "count": 0
        },
        {
            "id": "61571886846094",
            "count": 0
        },
        {
            "id": "100085073240621",
            "count": 0
        },
        {
            "id": "61579008396512",
            "count": 0
        },
        {
            "id": "61558041606011",
            "count": 0
        },
        {
            "id": "61576926660973",
            "count": 0
        },
        {
            "id": "100072362141812",
            "count": 0
        },
        {
            "id": "100079152924560",
            "count": 0
        },
        {
            "id": "61559745582924",
            "count": 0
        },
        {
            "id": "61576247410565",
            "count": 0
        },
        {
            "id": "100024871212620",
            "count": 0
        },
        {
            "id": "100094571413433",
            "count": 0
        },
        {
            "id": "61572301727230",
            "count": 0
        },
        {
            "id": "61557563756172",
            "count": 0
        },
        {
            "id": "61572477063045",
            "count": 0
        },
        {
            "id": "100008656354405",
            "count": 0
        },
        {
            "id": "100078167808760",
            "count": 0
        },
        {
            "id": "100088931276394",
            "count": 0
        },
        {
            "id": "100056061186026",
            "count": 0
        },
        {
            "id": "61565745886029",
            "count": 0
        },
        {
            "id": "100090482555028",
            "count": 0
        },
        {
            "id": "100090957081158",
            "count": 0
        },
        {
            "id": "100034338409552",
            "count": 0
        },
        {
            "id": "61555631702173",
            "count": 0
        },
        {
            "id": "61576963715189",
            "count": 0
        },
        {
            "id": "61551842823184",
            "count": 0
        },
        {
            "id": "61576997679033",
            "count": 0
        },
        {
            "id": "100065648044202",
            "count": 0
        },
        {
            "id": "100078810589997",
            "count": 0
        },
        {
            "id": "61556712443542",
            "count": 0
        },
        {
            "id": "100067508386723",
            "count": 0
        },
        {
            "id": "100079027159606",
            "count": 0
        },
        {
            "id": "61550030184394",
            "count": 10,
            "lastActive": "13:53:21 || thứ tư"
        },
        {
            "id": "61570721316285",
            "count": 0
        },
        {
            "id": "100079543967576",
            "count": 214,
            "lastActive": "16:37:18 || thứ tư"
        },
        {
            "id": "61575364336313",
            "count": 0
        },
        {
            "id": "100078770213270",
            "count": 0
        },
        {
            "id": "100006757690336",
            "count": 0
        },
        {
            "id": "61574133693968",
            "count": 56,
            "lastActive": "16:50:47 || thứ tư"
        },
        {
            "id": "100067021488939",
            "count": 0
        },
        {
            "id": "61576759707113",
            "count": 0
        },
        {
            "id": "100093360293015",
            "count": 0
        },
        {
            "id": "100013107251488",
            "count": 0
        },
        {
            "id": "61577983187575",
            "count": 6,
            "lastActive": "05:10:30 || thứ tư"
        },
        {
            "id": "61551428605061",
            "count": 0
        },
        {
            "id": "61578764402802",
            "count": 0
        },
        {
            "id": "61561969032755",
            "count": 0
        },
        {
            "id": "100078395919861",
            "count": 0
        },
        {
            "id": "61573189019864",
            "count": 0
        },
        {
            "id": "61577111710509",
            "count": 0
        },
        {
            "id": "61557858792372",
            "count": 0
        },
        {
            "id": "100078236916057",
            "count": 0
        },
        {
            "id": "61580565842947",
            "count": 0
        },
        {
            "id": "61559873662942",
            "count": 0
        },
        {
            "id": "61573739606002",
            "count": 0
        },
        {
            "id": "61577177926779",
            "count": 0
        },
        {
            "id": "100084500059986",
            "count": 0
        },
        {
            "id": "61567210261644",
            "count": 0
        },
        {
            "id": "100079577807941",
            "count": 0
        },
        {
            "id": "100010564806503",
            "count": 0
        },
        {
            "id": "61552988348166",
            "count": 0
        },
        {
            "id": "100079237066364",
            "count": 0
        },
        {
            "id": "61577161121479",
            "count": 0
        },
        {
            "id": "61565481006787",
            "count": 0
        },
        {
            "id": "100005270628973",
            "count": 0
        },
        {
            "id": "100087795897335",
            "count": 0
        },
        {
            "id": "100051092415393",
            "count": 0
        },
        {
            "id": "100092364073953",
            "count": 0,
            "lastActive": "09:51:53 || thứ ba"
        },
        {
            "id": "61577110173356",
            "count": 0
        },
        {
            "id": "61571553836887",
            "count": 0
        },
        {
            "id": "61578558907113",
            "count": 46,
            "lastActive": "13:55:17 || thứ tư"
        },
        {
            "id": "61573430986568",
            "count": 0
        },
        {
            "id": "61557169302756",
            "count": 0
        },
        {
            "id": "100049942751935",
            "count": 0
        },
        {
            "id": "100080761982297",
            "count": 0
        },
        {
            "id": "100088375077496",
            "count": 0
        },
        {
            "id": "100031898887769",
            "count": 0
        },
        {
            "id": "100084979833402",
            "count": 0
        },
        {
            "id": "61578402993739",
            "count": 0
        },
        {
            "id": "61579645134072",
            "count": 0
        },
        {
            "id": "61577423091245",
            "count": 0
        },
        {
            "id": "1048863846",
            "count": 0
        },
        {
            "id": "61567629426307",
            "count": 0
        },
        {
            "id": "61570415288447",
            "count": 2,
            "lastActive": "15:52:15 || thứ tư"
        },
        {
            "id": "100055431176533",
            "count": 0
        },
        {
            "id": "61562023350472",
            "count": 0
        },
        {
            "id": "61571615160914",
            "count": 0
        },
        {
            "id": "100083186363436",
            "count": 0
        },
        {
            "id": "100088351907178",
            "count": 0
        },
        {
            "id": "100069969279032",
            "count": 0
        },
        {
            "id": "61558642103751",
            "count": 0
        },
        {
            "id": "61567360564496",
            "count": 0
        },
        {
            "id": "61578334643999",
            "count": 0
        },
        {
            "id": "61580823390065",
            "count": 0
        },
        {
            "id": "61573434260369",
            "count": 0
        },
        {
            "id": "100000895922054",
            "count": 0
        },
        {
            "id": "61576912454012",
            "count": 0
        },
        {
            "id": "100093542521882",
            "count": 0
        },
        {
            "id": "61576724159050",
            "count": 0
        },
        {
            "id": "100001322102207",
            "count": 0
        },
        {
            "id": "61582356713887",
            "count": 0
        },
        {
            "id": "61581815902288",
            "count": 0
        },
        {
            "id": "100033476377058",
            "count": 0
        },
        {
            "id": "61580782596177",
            "count": 96,
            "lastActive": "16:35:47 || thứ tư"
        },
        {
            "id": "61563558407053",
            "count": 0
        },
        {
            "id": "61571283794301",
            "count": 0
        },
        {
            "id": "61570823791353",
            "count": 0
        },
        {
            "id": "61579702520039",
            "count": 0
        },
        {
            "id": "100024581123409",
            "count": 0
        },
        {
            "id": "100084609375411",
            "count": 0
        },
        {
            "id": "61555188660933",
            "count": 0
        },
        {
            "id": "100077366272669",
            "count": 0
        },
        {
            "id": "757649544",
            "count": 0
        },
        {
            "id": "61581847531687",
            "count": 0
        },
        {
            "id": "100075966696918",
            "count": 0
        },
        {
            "id": "100090613794892",
            "count": 0
        },
        {
            "id": "100086947127312",
            "count": 0
        },
        {
            "id": "61574998082468",
            "count": 0
        },
        {
            "id": "61578346343573",
            "count": 0
        },
        {
            "id": "100021965358651",
            "count": 0
        },
        {
            "id": "100083620530593",
            "count": 0
        },
        {
            "id": "100040172692713",
            "count": 0
        },
        {
            "id": "100088735854296",
            "count": 0
        },
        {
            "id": "100079110468896",
            "count": 0
        },
        {
            "id": "61550511686379",
            "count": 0
        },
        {
            "id": "100088218764370",
            "count": 0
        },
        {
            "id": "100073639420918",
            "count": 10,
            "lastActive": "02:01:46 || thứ tư"
        },
        {
            "id": "61576904223443",
            "count": 0
        },
        {
            "id": "100074764201829",
            "count": 50,
            "lastActive": "13:53:21 || thứ tư"
        },
        {
            "id": "61582133821146",
            "count": 0
        },
        {
            "id": "61579898692010",
            "count": 0
        },
        {
            "id": "100026893564782",
            "count": 0
        },
        {
            "id": "61582075866708",
            "count": 18,
            "lastActive": "11:48:28 || thứ tư"
        },
        {
            "id": "61571905018381",
            "count": 0
        },
        {
            "id": "61577947693571",
            "count": 0
        },
        {
            "id": "100072013716641",
            "count": 0
        },
        {
            "id": "100086036372647",
            "count": 0
        },
        {
            "id": "100090458979503",
            "count": 0,
            "lastActive": "23:49:32 || thứ ba"
        },
        {
            "id": "61572095566149",
            "count": 0
        },
        {
            "id": "100015708247902",
            "count": 20,
            "lastActive": "13:19:04 || thứ tư"
        },
        {
            "id": "61582273912090",
            "count": 118,
            "lastActive": "16:50:44 || thứ tư"
        },
        {
            "id": "100068367664395",
            "count": 0
        },
        {
            "id": "100083411540341",
            "count": 0,
            "lastActive": "21:20:51 || thứ ba"
        },
        {
            "id": "100067827494573",
            "count": 4,
            "lastActive": "15:53:26 || thứ tư"
        },
        {
            "id": "61577920241161",
            "count": 0
        },
        {
            "id": "100085636317402",
            "count": 42,
            "lastActive": "14:53:49 || thứ tư"
        },
        {
            "id": "61572960869645",
            "count": 0
        },
        {
            "id": "100008616252417",
            "count": 0
        },
        {
            "id": "61576970284281",
            "count": 0
        },
        {
            "id": "100091266824680",
            "count": 0
        },
        {
            "id": "100090737894483",
            "count": 2,
            "lastActive": "12:19:34 || thứ tư"
        },
        {
            "id": "61582621723311",
            "count": 0
        },
        {
            "id": "100086707824754",
            "count": 0
        },
        {
            "id": "100091066406054",
            "count": 0
        },
        {
            "id": "61576774539910",
            "count": 0
        },
        {
            "id": "61583420608426",
            "count": 34,
            "lastActive": "07:12:05 || thứ tư"
        }
    ],
    "time": 3,
    "last": {
        "time": 1,
        "day": [
            {
                "id": "61576384171555",
                "count": 0
            },
            {
                "id": "61577782566454",
                "count": 0
            },
            {
                "id": "100093852656737",
                "count": 0
            },
            {
                "id": "100048286966787",
                "count": 0
            },
            {
                "id": "61561400514605",
                "count": 2
            },
            {
                "id": "100080011106438",
                "count": 0
            },
            {
                "id": "100083289184042",
                "count": 0
            },
            {
                "id": "100085252792809",
                "count": 0
            },
            {
                "id": "61571461285821",
                "count": 0
            },
            {
                "id": "100089270177370",
                "count": 0
            },
            {
                "id": "61559900873302",
                "count": 0
            },
            {
                "id": "61578381119154",
                "count": 0
            },
            {
                "id": "100077523790065",
                "count": 0
            },
            {
                "id": "100052437024366",
                "count": 0
            },
            {
                "id": "100058713797294",
                "count": 0
            },
            {
                "id": "100086789418495",
                "count": 0
            },
            {
                "id": "61579081555224",
                "count": 0
            },
            {
                "id": "100000493975005",
                "count": 0
            },
            {
                "id": "61574544987224",
                "count": 0
            },
            {
                "id": "100072439105441",
                "count": 0
            },
            {
                "id": "61563827483680",
                "count": 0
            },
            {
                "id": "61579857868247",
                "count": 0
            },
            {
                "id": "61554742588210",
                "count": 0
            },
            {
                "id": "61577911347388",
                "count": 0
            },
            {
                "id": "100009368602729",
                "count": 0
            },
            {
                "id": "61562861708341",
                "count": 0
            },
            {
                "id": "100003179552683",
                "count": 0
            },
            {
                "id": "100003686904007",
                "count": 0
            },
            {
                "id": "61570832400446",
                "count": 0
            },
            {
                "id": "61551199829543",
                "count": 0
            },
            {
                "id": "61577297211008",
                "count": 0
            },
            {
                "id": "61563507274891",
                "count": 0
            },
            {
                "id": "100079200672035",
                "count": 0
            },
            {
                "id": "61571378600447",
                "count": 0
            },
            {
                "id": "61567177603180",
                "count": 0
            },
            {
                "id": "61551723887551",
                "count": 0
            },
            {
                "id": "100073043586491",
                "count": 0
            },
            {
                "id": "100086381191724",
                "count": 0
            },
            {
                "id": "61571886846094",
                "count": 0
            },
            {
                "id": "100085073240621",
                "count": 0
            },
            {
                "id": "61579008396512",
                "count": 0
            },
            {
                "id": "61558041606011",
                "count": 0
            },
            {
                "id": "61576926660973",
                "count": 0
            },
            {
                "id": "100072362141812",
                "count": 0
            },
            {
                "id": "100079152924560",
                "count": 0
            },
            {
                "id": "61559745582924",
                "count": 0
            },
            {
                "id": "61576247410565",
                "count": 0
            },
            {
                "id": "100024871212620",
                "count": 0
            },
            {
                "id": "100094571413433",
                "count": 0
            },
            {
                "id": "61572301727230",
                "count": 0
            },
            {
                "id": "61557563756172",
                "count": 0
            },
            {
                "id": "61572477063045",
                "count": 0
            },
            {
                "id": "100008656354405",
                "count": 0
            },
            {
                "id": "100078167808760",
                "count": 0
            },
            {
                "id": "100088931276394",
                "count": 0
            },
            {
                "id": "100056061186026",
                "count": 0
            },
            {
                "id": "61565745886029",
                "count": 0
            },
            {
                "id": "100090482555028",
                "count": 0
            },
            {
                "id": "100090957081158",
                "count": 0
            },
            {
                "id": "100034338409552",
                "count": 0
            },
            {
                "id": "61555631702173",
                "count": 0
            },
            {
                "id": "61576963715189",
                "count": 0
            },
            {
                "id": "61551842823184",
                "count": 0
            },
            {
                "id": "61576997679033",
                "count": 0
            },
            {
                "id": "100065648044202",
                "count": 0
            },
            {
                "id": "100078810589997",
                "count": 0
            },
            {
                "id": "61556712443542",
                "count": 0
            },
            {
                "id": "100067508386723",
                "count": 0
            },
            {
                "id": "100079027159606",
                "count": 0
            },
            {
                "id": "61550030184394",
                "count": 8
            },
            {
                "id": "61570721316285",
                "count": 0
            },
            {
                "id": "100079543967576",
                "count": 29
            },
            {
                "id": "61575364336313",
                "count": 0
            },
            {
                "id": "100078770213270",
                "count": 0
            },
            {
                "id": "100006757690336",
                "count": 0
            },
            {
                "id": "61574133693968",
                "count": 50
            },
            {
                "id": "100067021488939",
                "count": 0
            },
            {
                "id": "61576759707113",
                "count": 0
            },
            {
                "id": "100093360293015",
                "count": 0
            },
            {
                "id": "100013107251488",
                "count": 0
            },
            {
                "id": "61577983187575",
                "count": 4
            },
            {
                "id": "61551428605061",
                "count": 0
            },
            {
                "id": "61578764402802",
                "count": 0
            },
            {
                "id": "61561969032755",
                "count": 0
            },
            {
                "id": "100078395919861",
                "count": 0
            },
            {
                "id": "61573189019864",
                "count": 0
            },
            {
                "id": "61577111710509",
                "count": 0
            },
            {
                "id": "61557858792372",
                "count": 0
            },
            {
                "id": "100078236916057",
                "count": 0
            },
            {
                "id": "61580565842947",
                "count": 0
            },
            {
                "id": "61559873662942",
                "count": 0
            },
            {
                "id": "61573739606002",
                "count": 0
            },
            {
                "id": "61577177926779",
                "count": 0
            },
            {
                "id": "100084500059986",
                "count": 0
            },
            {
                "id": "61567210261644",
                "count": 0
            },
            {
                "id": "100079577807941",
                "count": 0
            },
            {
                "id": "100010564806503",
                "count": 0
            },
            {
                "id": "61552988348166",
                "count": 0
            },
            {
                "id": "100079237066364",
                "count": 0
            },
            {
                "id": "61577161121479",
                "count": 0
            },
            {
                "id": "61565481006787",
                "count": 0
            },
            {
                "id": "100005270628973",
                "count": 0
            },
            {
                "id": "100087795897335",
                "count": 0
            },
            {
                "id": "100051092415393",
                "count": 0
            },
            {
                "id": "100092364073953",
                "count": 8
            },
            {
                "id": "61577110173356",
                "count": 0
            },
            {
                "id": "61571553836887",
                "count": 0
            },
            {
                "id": "61578558907113",
                "count": 2
            },
            {
                "id": "61573430986568",
                "count": 0
            },
            {
                "id": "61557169302756",
                "count": 0
            },
            {
                "id": "100049942751935",
                "count": 0
            },
            {
                "id": "100080761982297",
                "count": 0
            },
            {
                "id": "100088375077496",
                "count": 0
            },
            {
                "id": "100031898887769",
                "count": 0
            },
            {
                "id": "100084979833402",
                "count": 0
            },
            {
                "id": "61578402993739",
                "count": 0
            },
            {
                "id": "61579645134072",
                "count": 0
            },
            {
                "id": "61577423091245",
                "count": 0
            },
            {
                "id": "1048863846",
                "count": 0
            },
            {
                "id": "61567629426307",
                "count": 0
            },
            {
                "id": "61570415288447",
                "count": 0
            },
            {
                "id": "100055431176533",
                "count": 0
            },
            {
                "id": "61562023350472",
                "count": 0
            },
            {
                "id": "61571615160914",
                "count": 0
            },
            {
                "id": "100083186363436",
                "count": 0
            },
            {
                "id": "100088351907178",
                "count": 0
            },
            {
                "id": "100069969279032",
                "count": 0
            },
            {
                "id": "61558642103751",
                "count": 0
            },
            {
                "id": "61567360564496",
                "count": 0
            },
            {
                "id": "61578334643999",
                "count": 0
            },
            {
                "id": "61580823390065",
                "count": 0
            },
            {
                "id": "61573434260369",
                "count": 0
            },
            {
                "id": "100000895922054",
                "count": 0
            },
            {
                "id": "61576912454012",
                "count": 0
            },
            {
                "id": "100093542521882",
                "count": 0
            },
            {
                "id": "61576724159050",
                "count": 0
            },
            {
                "id": "100001322102207",
                "count": 0
            },
            {
                "id": "61582356713887",
                "count": 0
            },
            {
                "id": "61581815902288",
                "count": 0
            },
            {
                "id": "100033476377058",
                "count": 0
            },
            {
                "id": "61580782596177",
                "count": 17
            },
            {
                "id": "61563558407053",
                "count": 0
            },
            {
                "id": "61571283794301",
                "count": 0
            },
            {
                "id": "61570823791353",
                "count": 0
            },
            {
                "id": "61579702520039",
                "count": 0
            },
            {
                "id": "100024581123409",
                "count": 0
            },
            {
                "id": "100084609375411",
                "count": 0
            },
            {
                "id": "61555188660933",
                "count": 0
            },
            {
                "id": "100077366272669",
                "count": 0
            },
            {
                "id": "757649544",
                "count": 0
            },
            {
                "id": "61581847531687",
                "count": 0
            },
            {
                "id": "100075966696918",
                "count": 0
            },
            {
                "id": "100090613794892",
                "count": 0
            },
            {
                "id": "100086947127312",
                "count": 0
            },
            {
                "id": "61574998082468",
                "count": 0
            },
            {
                "id": "61578346343573",
                "count": 0
            },
            {
                "id": "100021965358651",
                "count": 0
            },
            {
                "id": "100083620530593",
                "count": 0
            },
            {
                "id": "100040172692713",
                "count": 0
            },
            {
                "id": "100088735854296",
                "count": 0
            },
            {
                "id": "100079110468896",
                "count": 0
            },
            {
                "id": "61550511686379",
                "count": 0
            },
            {
                "id": "100088218764370",
                "count": 0
            },
            {
                "id": "100073639420918",
                "count": 2
            },
            {
                "id": "61576904223443",
                "count": 0
            },
            {
                "id": "100074764201829",
                "count": 6
            },
            {
                "id": "61582133821146",
                "count": 0
            },
            {
                "id": "61579898692010",
                "count": 0
            },
            {
                "id": "100026893564782",
                "count": 0
            },
            {
                "id": "61582075866708",
                "count": 1
            },
            {
                "id": "61571905018381",
                "count": 0
            },
            {
                "id": "61577947693571",
                "count": 0
            },
            {
                "id": "100072013716641",
                "count": 0
            },
            {
                "id": "100086036372647",
                "count": 0
            },
            {
                "id": "100090458979503",
                "count": 3
            },
            {
                "id": "61572095566149",
                "count": 0
            },
            {
                "id": "100015708247902",
                "count": 0
            },
            {
                "id": "61582273912090",
                "count": 40
            },
            {
                "id": "100068367664395",
                "count": 0
            },
            {
                "id": "100083411540341",
                "count": 8
            },
            {
                "id": "100067827494573",
                "count": 8
            },
            {
                "id": "61577920241161",
                "count": 0
            },
            {
                "id": "100085636317402",
                "count": 19
            },
            {
                "id": "61572960869645",
                "count": 0
            },
            {
                "id": "100008616252417",
                "count": 0
            },
            {
                "id": "61576970284281",
                "count": 0
            },
            {
                "id": "100091266824680",
                "count": 0
            },
            {
                "id": "100090737894483",
                "count": 11
            },
            {
                "id": "61582621723311",
                "count": 0
            },
            {
                "id": "100086707824754",
                "count": 0
            },
            {
                "id": "100091066406054",
                "count": 0
            },
            {
                "id": "61576774539910",
                "count": 0
            },
            {
                "id": "61583420608426",
                "count": 0
            }
        ],
        "week": [
            {
                "id": "61576384171555",
                "count": 0
            },
            {
                "id": "61577782566454",
                "count": 0
            },
            {
                "id": "100093852656737",
                "count": 0
            },
            {
                "id": "100048286966787",
                "count": 0
            },
            {
                "id": "61561400514605",
                "count": 2
            },
            {
                "id": "100080011106438",
                "count": 0
            },
            {
                "id": "100083289184042",
                "count": 0
            },
            {
                "id": "100085252792809",
                "count": 0
            },
            {
                "id": "61571461285821",
                "count": 0
            },
            {
                "id": "100089270177370",
                "count": 0
            },
            {
                "id": "61559900873302",
                "count": 0
            },
            {
                "id": "61578381119154",
                "count": 0
            },
            {
                "id": "100077523790065",
                "count": 0
            },
            {
                "id": "100052437024366",
                "count": 0
            },
            {
                "id": "100058713797294",
                "count": 0
            },
            {
                "id": "100086789418495",
                "count": 0
            },
            {
                "id": "61579081555224",
                "count": 0
            },
            {
                "id": "100000493975005",
                "count": 0
            },
            {
                "id": "61574544987224",
                "count": 0
            },
            {
                "id": "100072439105441",
                "count": 0
            },
            {
                "id": "61563827483680",
                "count": 0
            },
            {
                "id": "61579857868247",
                "count": 0
            },
            {
                "id": "61554742588210",
                "count": 0
            },
            {
                "id": "61577911347388",
                "count": 0
            },
            {
                "id": "100009368602729",
                "count": 0
            },
            {
                "id": "61562861708341",
                "count": 0
            },
            {
                "id": "100003179552683",
                "count": 0
            },
            {
                "id": "100003686904007",
                "count": 0
            },
            {
                "id": "61570832400446",
                "count": 0
            },
            {
                "id": "61551199829543",
                "count": 0
            },
            {
                "id": "61577297211008",
                "count": 0
            },
            {
                "id": "61563507274891",
                "count": 0
            },
            {
                "id": "100079200672035",
                "count": 0
            },
            {
                "id": "61571378600447",
                "count": 0
            },
            {
                "id": "61567177603180",
                "count": 0
            },
            {
                "id": "61551723887551",
                "count": 0
            },
            {
                "id": "100073043586491",
                "count": 0
            },
            {
                "id": "100086381191724",
                "count": 0
            },
            {
                "id": "61571886846094",
                "count": 0
            },
            {
                "id": "100085073240621",
                "count": 0
            },
            {
                "id": "61579008396512",
                "count": 0
            },
            {
                "id": "61558041606011",
                "count": 0
            },
            {
                "id": "61576926660973",
                "count": 0
            },
            {
                "id": "100072362141812",
                "count": 0
            },
            {
                "id": "100079152924560",
                "count": 0
            },
            {
                "id": "61559745582924",
                "count": 0
            },
            {
                "id": "61576247410565",
                "count": 0
            },
            {
                "id": "100024871212620",
                "count": 0
            },
            {
                "id": "100094571413433",
                "count": 0
            },
            {
                "id": "61572301727230",
                "count": 0
            },
            {
                "id": "61557563756172",
                "count": 0
            },
            {
                "id": "61572477063045",
                "count": 0
            },
            {
                "id": "100008656354405",
                "count": 0
            },
            {
                "id": "100078167808760",
                "count": 0
            },
            {
                "id": "100088931276394",
                "count": 0
            },
            {
                "id": "100056061186026",
                "count": 0
            },
            {
                "id": "61565745886029",
                "count": 0
            },
            {
                "id": "100090482555028",
                "count": 0
            },
            {
                "id": "100090957081158",
                "count": 0
            },
            {
                "id": "100034338409552",
                "count": 0
            },
            {
                "id": "61555631702173",
                "count": 0
            },
            {
                "id": "61576963715189",
                "count": 0
            },
            {
                "id": "61551842823184",
                "count": 0
            },
            {
                "id": "61576997679033",
                "count": 0
            },
            {
                "id": "100065648044202",
                "count": 0
            },
            {
                "id": "100078810589997",
                "count": 0
            },
            {
                "id": "61556712443542",
                "count": 0
            },
            {
                "id": "100067508386723",
                "count": 0
            },
            {
                "id": "100079027159606",
                "count": 0
            },
            {
                "id": "61550030184394",
                "count": 2
            },
            {
                "id": "61570721316285",
                "count": 0
            },
            {
                "id": "100079543967576",
                "count": 14
            },
            {
                "id": "61575364336313",
                "count": 0
            },
            {
                "id": "100078770213270",
                "count": 0
            },
            {
                "id": "100006757690336",
                "count": 0
            },
            {
                "id": "61574133693968",
                "count": 26
            },
            {
                "id": "100067021488939",
                "count": 0
            },
            {
                "id": "61576759707113",
                "count": 0
            },
            {
                "id": "100093360293015",
                "count": 0
            },
            {
                "id": "100013107251488",
                "count": 0
            },
            {
                "id": "61577983187575",
                "count": 2
            },
            {
                "id": "61551428605061",
                "count": 0
            },
            {
                "id": "61578764402802",
                "count": 0
            },
            {
                "id": "61561969032755",
                "count": 0
            },
            {
                "id": "100078395919861",
                "count": 0
            },
            {
                "id": "61573189019864",
                "count": 0
            },
            {
                "id": "61577111710509",
                "count": 0
            },
            {
                "id": "61557858792372",
                "count": 0
            },
            {
                "id": "100078236916057",
                "count": 0
            },
            {
                "id": "61580565842947",
                "count": 0
            },
            {
                "id": "61559873662942",
                "count": 0
            },
            {
                "id": "61573739606002",
                "count": 0
            },
            {
                "id": "61577177926779",
                "count": 0
            },
            {
                "id": "100084500059986",
                "count": 0
            },
            {
                "id": "61567210261644",
                "count": 0
            },
            {
                "id": "100079577807941",
                "count": 0
            },
            {
                "id": "100010564806503",
                "count": 0
            },
            {
                "id": "61552988348166",
                "count": 0
            },
            {
                "id": "100079237066364",
                "count": 0
            },
            {
                "id": "61577161121479",
                "count": 0
            },
            {
                "id": "61565481006787",
                "count": 0
            },
            {
                "id": "100005270628973",
                "count": 0
            },
            {
                "id": "100087795897335",
                "count": 0
            },
            {
                "id": "100051092415393",
                "count": 0
            },
            {
                "id": "100092364073953",
                "count": 8
            },
            {
                "id": "61577110173356",
                "count": 0
            },
            {
                "id": "61571553836887",
                "count": 0
            },
            {
                "id": "61578558907113",
                "count": 0
            },
            {
                "id": "61573430986568",
                "count": 0
            },
            {
                "id": "61557169302756",
                "count": 0
            },
            {
                "id": "100049942751935",
                "count": 0
            },
            {
                "id": "100080761982297",
                "count": 0
            },
            {
                "id": "100088375077496",
                "count": 0
            },
            {
                "id": "100031898887769",
                "count": 0
            },
            {
                "id": "100084979833402",
                "count": 0
            },
            {
                "id": "61578402993739",
                "count": 0
            },
            {
                "id": "61579645134072",
                "count": 0
            },
            {
                "id": "61577423091245",
                "count": 0
            },
            {
                "id": "1048863846",
                "count": 0
            },
            {
                "id": "61567629426307",
                "count": 0
            },
            {
                "id": "61570415288447",
                "count": 0
            },
            {
                "id": "100055431176533",
                "count": 0
            },
            {
                "id": "61562023350472",
                "count": 0
            },
            {
                "id": "61571615160914",
                "count": 0
            },
            {
                "id": "100083186363436",
                "count": 0
            },
            {
                "id": "100088351907178",
                "count": 0
            },
            {
                "id": "100069969279032",
                "count": 0
            },
            {
                "id": "61558642103751",
                "count": 0
            },
            {
                "id": "61567360564496",
                "count": 0
            },
            {
                "id": "61578334643999",
                "count": 0
            },
            {
                "id": "61580823390065",
                "count": 0
            },
            {
                "id": "61573434260369",
                "count": 0
            },
            {
                "id": "100000895922054",
                "count": 0
            },
            {
                "id": "61576912454012",
                "count": 0
            },
            {
                "id": "100093542521882",
                "count": 0
            },
            {
                "id": "61576724159050",
                "count": 0
            },
            {
                "id": "100001322102207",
                "count": 0
            },
            {
                "id": "61582356713887",
                "count": 0
            },
            {
                "id": "61581815902288",
                "count": 0
            },
            {
                "id": "100033476377058",
                "count": 0
            },
            {
                "id": "61580782596177",
                "count": 2
            },
            {
                "id": "61563558407053",
                "count": 0
            },
            {
                "id": "61571283794301",
                "count": 0
            },
            {
                "id": "61570823791353",
                "count": 0
            },
            {
                "id": "61579702520039",
                "count": 0
            },
            {
                "id": "100024581123409",
                "count": 0
            },
            {
                "id": "100084609375411",
                "count": 0
            },
            {
                "id": "61555188660933",
                "count": 0
            },
            {
                "id": "100077366272669",
                "count": 0
            },
            {
                "id": "757649544",
                "count": 0
            },
            {
                "id": "61581847531687",
                "count": 0
            },
            {
                "id": "100075966696918",
                "count": 0
            },
            {
                "id": "100090613794892",
                "count": 0
            },
            {
                "id": "100086947127312",
                "count": 0
            },
            {
                "id": "61574998082468",
                "count": 0
            },
            {
                "id": "61578346343573",
                "count": 0
            },
            {
                "id": "100021965358651",
                "count": 0
            },
            {
                "id": "100083620530593",
                "count": 0
            },
            {
                "id": "100040172692713",
                "count": 0
            },
            {
                "id": "100088735854296",
                "count": 0
            },
            {
                "id": "100079110468896",
                "count": 0
            },
            {
                "id": "61550511686379",
                "count": 0
            },
            {
                "id": "100088218764370",
                "count": 0
            },
            {
                "id": "100073639420918",
                "count": 0
            },
            {
                "id": "61576904223443",
                "count": 0
            },
            {
                "id": "100074764201829",
                "count": 6
            },
            {
                "id": "61582133821146",
                "count": 0
            },
            {
                "id": "61579898692010",
                "count": 0
            },
            {
                "id": "100026893564782",
                "count": 0
            },
            {
                "id": "61582075866708",
                "count": 0
            },
            {
                "id": "61571905018381",
                "count": 0
            },
            {
                "id": "61577947693571",
                "count": 0
            },
            {
                "id": "100072013716641",
                "count": 0
            },
            {
                "id": "100086036372647",
                "count": 0
            },
            {
                "id": "100090458979503",
                "count": 0
            },
            {
                "id": "61572095566149",
                "count": 0
            },
            {
                "id": "100015708247902",
                "count": 0
            },
            {
                "id": "61582273912090",
                "count": 20
            },
            {
                "id": "100068367664395",
                "count": 0
            },
            {
                "id": "100083411540341",
                "count": 0
            },
            {
                "id": "100067827494573",
                "count": 8
            },
            {
                "id": "61577920241161",
                "count": 0
            },
            {
                "id": "100085636317402",
                "count": 0
            },
            {
                "id": "61572960869645",
                "count": 0
            },
            {
                "id": "100008616252417",
                "count": 0
            },
            {
                "id": "61576970284281",
                "count": 0
            },
            {
                "id": "100091266824680",
                "count": 0
            },
            {
                "id": "100090737894483",
                "count": 6
            },
            {
                "id": "61582621723311",
                "count": 0
            },
            {
                "id": "100086707824754",
                "count": 0
            },
            {
                "id": "100091066406054",
                "count": 0
            },
            {
                "id": "61576774539910",
                "count": 0
            },
            {
                "id": "61583420608426",
                "count": 0
            }
        ]
    }
}