{
    "total": [
        {
            "id": "100040472494187",
            "count": 50,
            "lastActive": "10:33:48 || thứ tư"
        },
        {
            "id": "61560650057424",
            "count": 0
        },
        {
            "id": "100090578113686",
            "count": 0
        },
        {
            "id": "100067848937650",
            "count": 0
        },
        {
            "id": "100053978073680",
            "count": 29,
            "lastActive": "10:01:27 || thứ tư"
        },
        {
            "id": "61577053059271",
            "count": 0
        },
        {
            "id": "100000549203334",
            "count": 8,
            "lastActive": "10:24:47 || thứ tư"
        },
        {
            "id": "61566249524867",
            "count": 0
        },
        {
            "id": "100015151637257",
            "count": 0
        },
        {
            "id": "61575034471403",
            "count": 4,
            "lastActive": "17:42:56 || chủ nhật"
        },
        {
            "id": "100012965707151",
            "count": 0
        },
        {
            "id": "61568176484099",
            "count": 6,
            "lastActive": "17:14:47 || thứ hai"
        },
        {
            "id": "61555809030974",
            "count": 0
        },
        {
            "id": "100015708247902",
            "count": 0
        },
        {
            "id": "100073639420918",
            "count": 0
        },
        {
            "id": "100067827494573",
            "count": 4,
            "lastActive": "09:49:27 || thứ tư"
        },
        {
            "id": "61550030184394",
            "count": 18,
            "lastActive": "10:25:00 || thứ tư"
        },
        {
            "id": "100071768980176",
            "count": 0
        },
        {
            "id": "61577714247816",
            "count": 0
        },
        {
            "id": "100004446542236",
            "count": 0
        },
        {
            "id": "61575203132001",
            "count": 6,
            "lastActive": "09:52:15 || thứ tư"
        },
        {
            "id": "100072439105441",
            "count": 0
        },
        {
            "id": "100071132537313",
            "count": 0
        },
        {
            "id": "100074278195157",
            "count": 0
        },
        {
            "id": "61555389591442",
            "count": 0
        },
        {
            "id": "100076027984181",
            "count": 1
        },
        {
            "id": "100040761302134",
            "count": 4,
            "lastActive": "19:27:03 || thứ hai"
        },
        {
            "id": "100001624277957",
            "count": 0
        },
        {
            "id": "100007318625150",
            "count": 0
        },
        {
            "id": "61557456665126",
            "count": 0
        },
        {
            "id": "61563899065241",
            "count": 0
        },
        {
            "id": "100072900513635",
            "count": 3,
            "lastActive": "18:27:02 || chủ nhật"
        },
        {
            "id": "61572135665820",
            "count": 0
        },
        {
            "id": "100090458979503",
            "count": 16,
            "lastActive": "19:11:47 || thứ hai"
        },
        {
            "id": "210900760",
            "count": 0
        },
        {
            "id": "61556655984912",
            "count": 4,
            "lastActive": "13:06:00 || thứ hai"
        },
        {
            "id": "100075514174338",
            "count": 11,
            "lastActive": "10:01:09 || thứ tư"
        },
        {
            "id": "61552053302073",
            "count": 2,
            "lastActive": "17:42:35 || thứ hai"
        },
        {
            "id": "61583362472917",
            "count": 13,
            "lastActive": "10:01:11 || thứ tư"
        },
        {
            "id": "100047222953427",
            "count": 38,
            "lastActive": "19:15:00 || thứ hai"
        },
        {
            "id": "61550604504909",
            "count": 2,
            "lastActive": "17:42:12 || thứ hai"
        }
    ],
    "week": [
        {
            "id": "100040472494187",
            "count": 30,
            "lastActive": "10:33:48 || thứ tư",
            "name": "Nguyễn Tuấn Ninh"
        },
        {
            "id": "61560650057424",
            "count": 0,
            "name": "TatsuYTB"
        },
        {
            "id": "100090578113686",
            "count": 0,
            "name": "Ngọc Quân"
        },
        {
            "id": "100067848937650",
            "count": 0,
            "name": "Đùakhôngvui Taođãcăng"
        },
        {
            "id": "100053978073680",
            "count": 20,
            "lastActive": "10:01:27 || thứ tư",
            "name": "Hajime Sama"
        },
        {
            "id": "61577053059271",
            "count": 0,
            "name": "Trọng Phước"
        },
        {
            "id": "100000549203334",
            "count": 6,
            "lastActive": "10:24:47 || thứ tư",
            "name": "Ngô Mai Nguyên Dương"
        },
        {
            "id": "61566249524867",
            "count": 0,
            "name": "Thiên Lý Ơi"
        },
        {
            "id": "100015151637257",
            "count": 0,
            "name": "Nguyên Phấn Đông"
        },
        {
            "id": "61575034471403",
            "count": 0,
            "lastActive": "17:42:56 || chủ nhật",
            "name": "👑  Ng Huy  🐙🧸💤"
        },
        {
            "id": "100012965707151",
            "count": 0,
            "name": "Nguyễn Mậu Minh"
        },
        {
            "id": "61568176484099",
            "count": 2,
            "lastActive": "17:14:47 || thứ hai",
            "name": "Nguyễn Việt Hoàng"
        },
        {
            "id": "61555809030974",
            "count": 0,
            "name": "Hoàng Quyết Tiến"
        },
        {
            "id": "100015708247902",
            "count": 0,
            "name": "Lê Tuấn Vỹ"
        },
        {
            "id": "100073639420918",
            "count": 0,
            "name": "Ng Van Hungg 💤"
        },
        {
            "id": "100067827494573",
            "count": 4,
            "name": "Minh Truong",
            "lastActive": "09:49:27 || thứ tư"
        },
        {
            "id": "61550030184394",
            "count": 14,
            "lastActive": "10:25:00 || thứ tư",
            "name": "️️️️️️️️️️️️️️️️️️️️️️️️️️️️️️️️️️️️️️️️️️️️️️️️️️️️️️️️️️️️️️️️️️️️️️️️️️️️️️️️️️️️️️️️️️️️️️️️️️️️️️️️️️️️️️️️️️️️️️️️️️️️️️️️️️️️️️️️️️️️️️️️️️️️️️️️️️️️️️️️️️️️️️️️️️ "
        },
        {
            "id": "100071768980176",
            "count": 0,
            "name": "Hoàng Xuân Thành ✓"
        },
        {
            "id": "61577714247816",
            "count": 0,
            "name": "Tr Minh Hoàng"
        },
        {
            "id": "100004446542236",
            "count": 0,
            "name": "Người dùng Facebook"
        },
        {
            "id": "61575203132001",
            "count": 6,
            "name": "Bảo Satoru",
            "lastActive": "09:52:15 || thứ tư"
        },
        {
            "id": "100072439105441",
            "count": 0,
            "name": "˖Lê Chí ✧˖°"
        },
        {
            "id": "100071132537313",
            "count": 0,
            "name": "Trần Thanh Dương"
        },
        {
            "id": "100074278195157",
            "count": 0,
            "name": "Quoc Duy"
        },
        {
            "id": "61555389591442",
            "count": 0,
            "name": "Tran Anh Duc"
        },
        {
            "id": "100076027984181",
            "count": 0,
            "name": "Tan Phatt"
        },
        {
            "id": "100040761302134",
            "count": 4,
            "name": "Minh  Đức 󱢏",
            "lastActive": "19:27:03 || thứ hai"
        },
        {
            "id": "100001624277957",
            "count": 0,
            "name": "Chú Bé Đần"
        },
        {
            "id": "100007318625150",
            "count": 0,
            "name": "Người dùng Facebook"
        },
        {
            "id": "61557456665126",
            "count": 0,
            "name": "Vedora Tempest"
        },
        {
            "id": "61563899065241",
            "count": 0,
            "name": "Sói Băng"
        },
        {
            "id": "100072900513635",
            "count": 0,
            "lastActive": "18:27:02 || chủ nhật",
            "name": "Huy Hoàng"
        },
        {
            "id": "61572135665820",
            "count": 0,
            "name": "Anh Kiet"
        },
        {
            "id": "100090458979503",
            "count": 10,
            "lastActive": "19:11:47 || thứ hai",
            "name": "🌸🎧💙👾 Tuan Khanh 🎶🌙✨💤"
        },
        {
            "id": "210900760",
            "count": 0,
            "name": "Nguyễn Hiếu"
        },
        {
            "id": "61556655984912",
            "count": 4,
            "name": "Lưu Hồng",
            "lastActive": "13:06:00 || thứ hai"
        },
        {
            "id": "100075514174338",
            "count": 8,
            "lastActive": "10:01:09 || thứ tư",
            "name": "Le Ngoc Han"
        },
        {
            "id": "61552053302073",
            "count": 2,
            "name": "Nguyễn Đăng Khoa",
            "lastActive": "17:42:35 || thứ hai"
        },
        {
            "id": "61583362472917",
            "count": 10,
            "lastActive": "10:01:11 || thứ tư",
            "name": "Dang Khoa Bot"
        },
        {
            "id": "100047222953427",
            "count": 26,
            "lastActive": "19:15:00 || thứ hai",
            "name": "Nhật Duy"
        },
        {
            "id": "61550604504909",
            "count": 2,
            "lastActive": "17:42:12 || thứ hai"
        }
    ],
    "day": [
        {
            "id": "100040472494187",
            "count": 10,
            "lastActive": "10:33:48 || thứ tư"
        },
        {
            "id": "61560650057424",
            "count": 0
        },
        {
            "id": "100090578113686",
            "count": 0
        },
        {
            "id": "100067848937650",
            "count": 0
        },
        {
            "id": "100053978073680",
            "count": 14,
            "lastActive": "10:01:27 || thứ tư"
        },
        {
            "id": "61577053059271",
            "count": 0
        },
        {
            "id": "100000549203334",
            "count": 4,
            "lastActive": "10:24:47 || thứ tư"
        },
        {
            "id": "61566249524867",
            "count": 0
        },
        {
            "id": "100015151637257",
            "count": 0
        },
        {
            "id": "61575034471403",
            "count": 0,
            "lastActive": "17:42:56 || chủ nhật"
        },
        {
            "id": "100012965707151",
            "count": 0
        },
        {
            "id": "61568176484099",
            "count": 0,
            "lastActive": "17:14:47 || thứ hai"
        },
        {
            "id": "61555809030974",
            "count": 0
        },
        {
            "id": "100015708247902",
            "count": 0
        },
        {
            "id": "100073639420918",
            "count": 0
        },
        {
            "id": "100067827494573",
            "count": 2,
            "lastActive": "09:49:27 || thứ tư"
        },
        {
            "id": "61550030184394",
            "count": 12,
            "lastActive": "10:25:00 || thứ tư"
        },
        {
            "id": "100071768980176",
            "count": 0
        },
        {
            "id": "61577714247816",
            "count": 0
        },
        {
            "id": "100004446542236",
            "count": 0
        },
        {
            "id": "61575203132001",
            "count": 6,
            "lastActive": "09:52:15 || thứ tư"
        },
        {
            "id": "100072439105441",
            "count": 0
        },
        {
            "id": "100071132537313",
            "count": 0
        },
        {
            "id": "100074278195157",
            "count": 0
        },
        {
            "id": "61555389591442",
            "count": 0
        },
        {
            "id": "100076027984181",
            "count": 0
        },
        {
            "id": "100040761302134",
            "count": 0,
            "lastActive": "19:27:03 || thứ hai"
        },
        {
            "id": "100001624277957",
            "count": 0
        },
        {
            "id": "100007318625150",
            "count": 0
        },
        {
            "id": "61557456665126",
            "count": 0
        },
        {
            "id": "61563899065241",
            "count": 0
        },
        {
            "id": "100072900513635",
            "count": 0,
            "lastActive": "18:27:02 || chủ nhật"
        },
        {
            "id": "61572135665820",
            "count": 0
        },
        {
            "id": "100090458979503",
            "count": 0,
            "lastActive": "19:11:47 || thứ hai"
        },
        {
            "id": "210900760",
            "count": 0
        },
        {
            "id": "61556655984912",
            "count": 0,
            "lastActive": "13:06:00 || thứ hai"
        },
        {
            "id": "100075514174338",
            "count": 4,
            "lastActive": "10:01:09 || thứ tư"
        },
        {
            "id": "61552053302073",
            "count": 0,
            "lastActive": "17:42:35 || thứ hai"
        },
        {
            "id": "61583362472917",
            "count": 8,
            "lastActive": "10:01:11 || thứ tư"
        },
        {
            "id": "100047222953427",
            "count": 0,
            "lastActive": "19:15:00 || thứ hai"
        },
        {
            "id": "61550604504909",
            "count": 0,
            "lastActive": "17:42:12 || thứ hai"
        }
    ],
    "time": 3,
    "last": {
        "time": 0,
        "day": [
            {
                "id": "100040472494187",
                "count": 0
            },
            {
                "id": "61560650057424",
                "count": 0
            },
            {
                "id": "100090578113686",
                "count": 0
            },
            {
                "id": "100067848937650",
                "count": 0
            },
            {
                "id": "100053978073680",
                "count": 0
            },
            {
                "id": "61577053059271",
                "count": 0
            },
            {
                "id": "100000549203334",
                "count": 0
            },
            {
                "id": "61566249524867",
                "count": 0
            },
            {
                "id": "100015151637257",
                "count": 0
            },
            {
                "id": "61575034471403",
                "count": 0
            },
            {
                "id": "100012965707151",
                "count": 0
            },
            {
                "id": "61568176484099",
                "count": 0
            },
            {
                "id": "61555809030974",
                "count": 0
            },
            {
                "id": "100015708247902",
                "count": 0
            },
            {
                "id": "100073639420918",
                "count": 0
            },
            {
                "id": "100067827494573",
                "count": 0
            },
            {
                "id": "61550030184394",
                "count": 0
            },
            {
                "id": "100071768980176",
                "count": 0
            },
            {
                "id": "61577714247816",
                "count": 0
            },
            {
                "id": "100004446542236",
                "count": 0
            },
            {
                "id": "61575203132001",
                "count": 0
            },
            {
                "id": "100072439105441",
                "count": 0
            },
            {
                "id": "100071132537313",
                "count": 0
            },
            {
                "id": "100074278195157",
                "count": 0
            },
            {
                "id": "61555389591442",
                "count": 0
            },
            {
                "id": "100076027984181",
                "count": 0
            },
            {
                "id": "100040761302134",
                "count": 0
            },
            {
                "id": "100001624277957",
                "count": 0
            },
            {
                "id": "100007318625150",
                "count": 0
            },
            {
                "id": "61557456665126",
                "count": 0
            },
            {
                "id": "61563899065241",
                "count": 0
            },
            {
                "id": "100072900513635",
                "count": 0
            },
            {
                "id": "61572135665820",
                "count": 0
            },
            {
                "id": "100090458979503",
                "count": 0
            },
            {
                "id": "210900760",
                "count": 0
            },
            {
                "id": "61556655984912",
                "count": 0
            },
            {
                "id": "100075514174338",
                "count": 0
            },
            {
                "id": "61552053302073",
                "count": 0
            },
            {
                "id": "61583362472917",
                "count": 0
            },
            {
                "id": "100047222953427",
                "count": 0
            },
            {
                "id": "61550604504909",
                "count": 0
            }
        ],
        "week": [
            {
                "id": "100040472494187",
                "count": 0
            },
            {
                "id": "61560650057424",
                "count": 0
            },
            {
                "id": "100090578113686",
                "count": 0
            },
            {
                "id": "100067848937650",
                "count": 0
            },
            {
                "id": "100053978073680",
                "count": 0
            },
            {
                "id": "61577053059271",
                "count": 0
            },
            {
                "id": "100000549203334",
                "count": 0
            },
            {
                "id": "61566249524867",
                "count": 0
            },
            {
                "id": "100015151637257",
                "count": 0
            },
            {
                "id": "61575034471403",
                "count": 0
            },
            {
                "id": "100012965707151",
                "count": 0
            },
            {
                "id": "61568176484099",
                "count": 0
            },
            {
                "id": "61555809030974",
                "count": 0
            },
            {
                "id": "100015708247902",
                "count": 0
            },
            {
                "id": "100073639420918",
                "count": 0
            },
            {
                "id": "100067827494573",
                "count": 0
            },
            {
                "id": "61550030184394",
                "count": 0
            },
            {
                "id": "100071768980176",
                "count": 0
            },
            {
                "id": "61577714247816",
                "count": 0
            },
            {
                "id": "100004446542236",
                "count": 0
            },
            {
                "id": "61575203132001",
                "count": 0
            },
            {
                "id": "100072439105441",
                "count": 0
            },
            {
                "id": "100071132537313",
                "count": 0
            },
            {
                "id": "100074278195157",
                "count": 0
            },
            {
                "id": "61555389591442",
                "count": 0
            },
            {
                "id": "100076027984181",
                "count": 0
            },
            {
                "id": "100040761302134",
                "count": 0
            },
            {
                "id": "100001624277957",
                "count": 0
            },
            {
                "id": "100007318625150",
                "count": 0
            },
            {
                "id": "61557456665126",
                "count": 0
            },
            {
                "id": "61563899065241",
                "count": 0
            },
            {
                "id": "100072900513635",
                "count": 0
            },
            {
                "id": "61572135665820",
                "count": 0
            },
            {
                "id": "100090458979503",
                "count": 0
            },
            {
                "id": "210900760",
                "count": 0
            },
            {
                "id": "61556655984912",
                "count": 0
            },
            {
                "id": "100075514174338",
                "count": 0
            },
            {
                "id": "61552053302073",
                "count": 0
            },
            {
                "id": "61583362472917",
                "count": 0
            },
            {
                "id": "100047222953427",
                "count": 0
            },
            {
                "id": "61550604504909",
                "count": 0
            }
        ]
    }
}