{
    "total": [
        {
            "id": "100073639420918",
            "count": 4190,
            "lastActive": "16:36:24 || thứ tư"
        },
        {
            "id": "100000895922054",
            "count": 6603
        },
        {
            "id": "61550030184394",
            "count": 1042,
            "lastActive": "16:32:21 || thứ tư"
        },
        {
            "id": "61581815902288",
            "count": 42
        },
        {
            "id": "61581632767123",
            "count": 59
        },
        {
            "id": "100088963990118",
            "count": 32,
            "lastActive": "16:36:16 || thứ tư"
        }
    ],
    "week": [
        {
            "id": "100073639420918",
            "count": 450,
            "name": "Ng Van Hungg 💤",
            "lastActive": "16:36:24 || thứ tư"
        },
        {
            "id": "100000895922054",
            "count": 0,
            "name": "Ng Van Hungg 🌸"
        },
        {
            "id": "61550030184394",
            "count": 454,
            "name": "️️️️️️️️️️️️️️️️️️️️️️️️️️️️️️️️️️️️️️️️️️️️️️️️️️️️️️️️️️️️️️️️️️️️️️️️️️️️️️️️️️️️️️️️️️️️️️️️️️️️️️️️️️️️️️️️️️️️️️️️️️️️️️️️️️️️️️️️️️️️️️️️️️️️️️️️️️️️️️️️️️️️️️️️️️ ",
            "lastActive": "16:32:21 || thứ tư"
        },
        {
            "id": "61581815902288",
            "count": 0,
            "name": "Phuongw Anhh"
        },
        {
            "id": "61581632767123",
            "count": 0,
            "name": "Thi Quoc"
        },
        {
            "id": "100088963990118",
            "count": 32,
            "lastActive": "16:36:16 || thứ tư"
        }
    ],
    "day": [
        {
            "id": "100073639420918",
            "count": 176,
            "name": "Ng Van Hungg 💤",
            "lastActive": "16:36:24 || thứ tư"
        },
        {
            "id": "100000895922054",
            "count": 0,
            "name": "Ng Van Hungg 🌸"
        },
        {
            "id": "61550030184394",
            "count": 214,
            "name": "️️️️️️️️️️️️️️️️️️️️️️️️️️️️️️️️️️️️️️️️️️️️️️️️️️️️️️️️️️️️️️️️️️️️️️️️️️️️️️️️️️️️️️️️️️️️️️️️️️️️️️️️️️️️️️️️️️️️️️️️️️️️️️️️️️️️️️️️️️️️️️️️️️️️️️️️️️️️️️️️️️️️️️️️️️ ",
            "lastActive": "16:32:21 || thứ tư"
        },
        {
            "id": "61581815902288",
            "count": 0,
            "name": "Phuongw Anhh"
        },
        {
            "id": "61581632767123",
            "count": 0,
            "name": "Thi Quoc"
        },
        {
            "id": "100088963990118",
            "count": 32,
            "lastActive": "16:36:16 || thứ tư"
        }
    ],
    "time": 3,
    "last": {
        "time": 6,
        "day": [
            {
                "id": "100073639420918",
                "count": 0
            },
            {
                "id": "100000895922054",
                "count": 0
            },
            {
                "id": "61550030184394",
                "count": 0
            },
            {
                "id": "61581815902288",
                "count": 0
            },
            {
                "id": "61581632767123",
                "count": 0
            },
            {
                "id": "100088963990118",
                "count": 0
            }
        ],
        "week": [
            {
                "id": "100073639420918",
                "count": 0
            },
            {
                "id": "100000895922054",
                "count": 0
            },
            {
                "id": "61550030184394",
                "count": 0
            },
            {
                "id": "61581815902288",
                "count": 0
            },
            {
                "id": "61581632767123",
                "count": 0
            },
            {
                "id": "100088963990118",
                "count": 0
            }
        ]
    }
}