{
    "total": [
        {
            "id": "100077701390678",
            "count": 38,
            "lastActive": "12:17:59 || thứ tư"
        },
        {
            "id": "100054892668998",
            "count": 97,
            "lastActive": "00:03:18 || thứ tư"
        },
        {
            "id": "100055602692785",
            "count": 18,
            "lastActive": "15:49:49 || thứ tư"
        },
        {
            "id": "61555926660299",
            "count": 694,
            "lastActive": "13:52:50 || thứ tư"
        },
        {
            "id": "61556028683492",
            "count": 127
        },
        {
            "id": "100073028635438",
            "count": 7
        },
        {
            "id": "61575831998363",
            "count": 0
        },
        {
            "id": "100074996724205",
            "count": 47
        },
        {
            "id": "100091546088288",
            "count": 192,
            "lastActive": "20:16:49 || thứ hai"
        },
        {
            "id": "61559338050391",
            "count": 0
        },
        {
            "id": "100080433596001",
            "count": 2
        },
        {
            "id": "100070453785735",
            "count": 10,
            "lastActive": "20:05:15 || thứ hai"
        },
        {
            "id": "100069192865733",
            "count": 0
        },
        {
            "id": "100094108891405",
            "count": 0
        },
        {
            "id": "61554275437352",
            "count": 0
        },
        {
            "id": "100070177794236",
            "count": 0
        },
        {
            "id": "100035502945235",
            "count": 20,
            "lastActive": "23:31:18 || thứ ba"
        },
        {
            "id": "100029272009196",
            "count": 0
        },
        {
            "id": "100086990914006",
            "count": 12,
            "lastActive": "22:11:32 || chủ nhật"
        },
        {
            "id": "100093676201814",
            "count": 42,
            "lastActive": "14:27:54 || thứ tư"
        },
        {
            "id": "61569351983232",
            "count": 4
        },
        {
            "id": "100009257272790",
            "count": 6
        },
        {
            "id": "100051902295111",
            "count": 0
        },
        {
            "id": "61566710015596",
            "count": 0
        },
        {
            "id": "100006797793655",
            "count": 0
        },
        {
            "id": "100063808450518",
            "count": 0
        },
        {
            "id": "100088187880993",
            "count": 0
        },
        {
            "id": "61556350305589",
            "count": 7
        },
        {
            "id": "100011722042795",
            "count": 0
        },
        {
            "id": "100089789326899",
            "count": 0
        },
        {
            "id": "100078790841902",
            "count": 0
        },
        {
            "id": "61578233610455",
            "count": 0
        },
        {
            "id": "100092281672229",
            "count": 0
        },
        {
            "id": "100089835308292",
            "count": 0
        },
        {
            "id": "61563134635162",
            "count": 0
        },
        {
            "id": "61575307161401",
            "count": 0
        },
        {
            "id": "100090928616984",
            "count": 0
        },
        {
            "id": "61578762688350",
            "count": 0
        },
        {
            "id": "61561314154950",
            "count": 0
        },
        {
            "id": "100081150492159",
            "count": 722,
            "lastActive": "10:26:45 || thứ tư"
        },
        {
            "id": "100068542088592",
            "count": 0
        },
        {
            "id": "61550068763649",
            "count": 0
        },
        {
            "id": "61574902344728",
            "count": 0
        },
        {
            "id": "61572736733440",
            "count": 5,
            "lastActive": "17:39:42 || chủ nhật"
        },
        {
            "id": "100030675454669",
            "count": 0
        },
        {
            "id": "100076813301293",
            "count": 46
        },
        {
            "id": "100047211960571",
            "count": 0
        },
        {
            "id": "100089307623009",
            "count": 0
        },
        {
            "id": "61560702898399",
            "count": 56,
            "lastActive": "13:21:13 || thứ hai"
        },
        {
            "id": "100092531755007",
            "count": 0
        },
        {
            "id": "100081187390723",
            "count": 0
        },
        {
            "id": "61575564242392",
            "count": 0
        },
        {
            "id": "100074746410249",
            "count": 0
        },
        {
            "id": "61555434658392",
            "count": 0
        },
        {
            "id": "61576593843418",
            "count": 0
        },
        {
            "id": "61555610172055",
            "count": 0
        },
        {
            "id": "61557157391070",
            "count": 23
        },
        {
            "id": "61567180276887",
            "count": 0
        },
        {
            "id": "100081453823776",
            "count": 0
        },
        {
            "id": "100080794983247",
            "count": 0
        },
        {
            "id": "100091808543916",
            "count": 1
        },
        {
            "id": "100075396121822",
            "count": 11
        },
        {
            "id": "100076336219496",
            "count": 5
        },
        {
            "id": "61577578027491",
            "count": 0
        },
        {
            "id": "61553996375570",
            "count": 0
        },
        {
            "id": "100071013824030",
            "count": 0
        },
        {
            "id": "100041461514501",
            "count": 24,
            "lastActive": "23:20:45 || thứ ba"
        },
        {
            "id": "100067561442436",
            "count": 0
        },
        {
            "id": "61561358686006",
            "count": 2,
            "lastActive": "15:28:43 || thứ tư"
        },
        {
            "id": "61559184275165",
            "count": 0
        },
        {
            "id": "61557289101400",
            "count": 4
        },
        {
            "id": "100067453815952",
            "count": 0
        },
        {
            "id": "61577960844686",
            "count": 1
        },
        {
            "id": "61578971607160",
            "count": 0
        },
        {
            "id": "61577541839767",
            "count": 0
        },
        {
            "id": "100095215464809",
            "count": 59
        },
        {
            "id": "100086334228525",
            "count": 0
        },
        {
            "id": "61555858696005",
            "count": 2
        },
        {
            "id": "61566432345238",
            "count": 124,
            "lastActive": "15:30:01 || thứ tư"
        },
        {
            "id": "61555918583506",
            "count": 3
        },
        {
            "id": "61580020967593",
            "count": 3
        },
        {
            "id": "100041436674329",
            "count": 0
        },
        {
            "id": "61554840782389",
            "count": 41
        },
        {
            "id": "61570151165872",
            "count": 17
        },
        {
            "id": "61572103866639",
            "count": 29
        },
        {
            "id": "61552295636500",
            "count": 42
        },
        {
            "id": "100085607483096",
            "count": 453,
            "lastActive": "23:31:46 || thứ ba"
        },
        {
            "id": "61561456492255",
            "count": 0
        },
        {
            "id": "61550030184394",
            "count": 50,
            "lastActive": "15:29:01 || thứ tư"
        },
        {
            "id": "100000895922054",
            "count": 49
        },
        {
            "id": "61560299280947",
            "count": 107
        }
    ],
    "week": [
        {
            "id": "100077701390678",
            "count": 2,
            "name": "Yeii Nhie",
            "lastActive": "12:17:59 || thứ tư"
        },
        {
            "id": "100054892668998",
            "count": 6,
            "name": "Khanh Phuong",
            "lastActive": "00:03:18 || thứ tư"
        },
        {
            "id": "100055602692785",
            "count": 2,
            "name": "Lâm Tâm Như",
            "lastActive": "15:49:49 || thứ tư"
        },
        {
            "id": "61555926660299",
            "count": 78,
            "name": "Thịnh Nguyễn",
            "lastActive": "13:52:50 || thứ tư"
        },
        {
            "id": "61556028683492",
            "count": 0,
            "name": "Đoàn Thị thư"
        },
        {
            "id": "100073028635438",
            "count": 0,
            "name": "Lth Hằng"
        },
        {
            "id": "61575831998363",
            "count": 0,
            "name": "Giai Kỳ"
        },
        {
            "id": "100074996724205",
            "count": 0,
            "name": "Hưng Trần"
        },
        {
            "id": "100091546088288",
            "count": 2,
            "name": "Nguyễn Vũ Minh Anh",
            "lastActive": "20:16:49 || thứ hai"
        },
        {
            "id": "61559338050391",
            "count": 0,
            "name": "Haii Yenn"
        },
        {
            "id": "100080433596001",
            "count": 0,
            "name": "TThi Tuong Vyy"
        },
        {
            "id": "100070453785735",
            "count": 6,
            "name": "Phát Nguyễn",
            "lastActive": "20:05:15 || thứ hai"
        },
        {
            "id": "100069192865733",
            "count": 0,
            "name": "Tuyết Nhi"
        },
        {
            "id": "100094108891405",
            "count": 0,
            "name": "Võ Pham Tuyet Ngọcc"
        },
        {
            "id": "61554275437352",
            "count": 0,
            "name": "Thanh Vy"
        },
        {
            "id": "100070177794236",
            "count": 0,
            "name": "Nguyễn Khôi"
        },
        {
            "id": "100035502945235",
            "count": 12,
            "name": "Gino Trí",
            "lastActive": "23:31:18 || thứ ba"
        },
        {
            "id": "100029272009196",
            "count": 0,
            "name": "Duy Duy"
        },
        {
            "id": "100086990914006",
            "count": 0,
            "name": "Diễm My",
            "lastActive": "22:11:32 || chủ nhật"
        },
        {
            "id": "100093676201814",
            "count": 10,
            "name": "Ph Ngoc Trang",
            "lastActive": "14:27:54 || thứ tư"
        },
        {
            "id": "61569351983232",
            "count": 0,
            "name": "Quynhh Nhuu"
        },
        {
            "id": "100009257272790",
            "count": 0,
            "name": "Nguyễn Ngân"
        },
        {
            "id": "100051902295111",
            "count": 0,
            "name": "Nguyễn Duy Thuần"
        },
        {
            "id": "61566710015596",
            "count": 0,
            "name": "Trần Thiên Long"
        },
        {
            "id": "100006797793655",
            "count": 0,
            "name": "Thanh Phong"
        },
        {
            "id": "100063808450518",
            "count": 0,
            "name": "Na Na"
        },
        {
            "id": "100088187880993",
            "count": 0,
            "name": "Kim Xuyến"
        },
        {
            "id": "61556350305589",
            "count": 0,
            "name": "Lâm Thảo"
        },
        {
            "id": "100011722042795",
            "count": 0,
            "name": "Lương Thành Tân"
        },
        {
            "id": "100089789326899",
            "count": 0,
            "name": "Huyy Bảo"
        },
        {
            "id": "100078790841902",
            "count": 0,
            "name": "Phuong Ahn"
        },
        {
            "id": "61578233610455",
            "count": 0,
            "name": "Long Phạm"
        },
        {
            "id": "100092281672229",
            "count": 0,
            "name": "Ng Thị Kim Anh"
        },
        {
            "id": "100089835308292",
            "count": 0,
            "name": "Công Danh"
        },
        {
            "id": "61563134635162",
            "count": 0,
            "name": "Người dùng Facebook"
        },
        {
            "id": "61575307161401",
            "count": 0,
            "name": "Mai Lê"
        },
        {
            "id": "100090928616984",
            "count": 0,
            "name": "Sói Xám"
        },
        {
            "id": "61578762688350",
            "count": 0,
            "name": "他的初恋"
        },
        {
            "id": "61561314154950",
            "count": 0,
            "name": "Uýnh Lộn Không"
        },
        {
            "id": "100081150492159",
            "count": 30,
            "name": "Tuyết Tuyết Trinh",
            "lastActive": "10:26:45 || thứ tư"
        },
        {
            "id": "100068542088592",
            "count": 0,
            "name": "Thanh Như"
        },
        {
            "id": "61550068763649",
            "count": 0,
            "name": "Hg Ynhi"
        },
        {
            "id": "61574902344728",
            "count": 0,
            "name": "Ngg Trọngg"
        },
        {
            "id": "61572736733440",
            "count": 0,
            "name": "Guen Miyuki",
            "lastActive": "17:39:42 || chủ nhật"
        },
        {
            "id": "100030675454669",
            "count": 0,
            "name": "Thanh Mai"
        },
        {
            "id": "100076813301293",
            "count": 0,
            "name": "Ng An Khuê"
        },
        {
            "id": "100047211960571",
            "count": 0,
            "name": "Minh Nguyen"
        },
        {
            "id": "100089307623009",
            "count": 0,
            "name": "Mai Baee"
        },
        {
            "id": "61560702898399",
            "count": 6,
            "name": "Ngọc Quỳnh",
            "lastActive": "13:21:13 || thứ hai"
        },
        {
            "id": "100092531755007",
            "count": 0,
            "name": "Huỳnh Vy"
        },
        {
            "id": "100081187390723",
            "count": 0,
            "name": "Thuật"
        },
        {
            "id": "61575564242392",
            "count": 0,
            "name": "Nguyễn Hoàng Phó Thư"
        },
        {
            "id": "100074746410249",
            "count": 0,
            "name": "Ng Thị Như Ýy"
        },
        {
            "id": "61555434658392",
            "count": 0,
            "name": "Ng Tinh Mua Ha"
        },
        {
            "id": "61576593843418",
            "count": 0,
            "name": "Diễm My"
        },
        {
            "id": "61555610172055",
            "count": 0,
            "name": "Gia Huyy"
        },
        {
            "id": "61557157391070",
            "count": 0,
            "name": "Ph Hai Anh"
        },
        {
            "id": "61567180276887",
            "count": 0,
            "name": "Như Hoàng"
        },
        {
            "id": "100081453823776",
            "count": 0,
            "name": "Bảo Nam"
        },
        {
            "id": "100080794983247",
            "count": 0,
            "name": "Lụctungthùngrác Tìmxácanhyêu"
        },
        {
            "id": "100091808543916",
            "count": 0,
            "name": "Người Tình Em"
        },
        {
            "id": "100075396121822",
            "count": 0,
            "name": "Trần Ngọc Khánh Vy"
        },
        {
            "id": "100076336219496",
            "count": 0,
            "name": "Wei Wei"
        },
        {
            "id": "61577578027491",
            "count": 0,
            "name": "Minh Khang"
        },
        {
            "id": "61553996375570",
            "count": 0,
            "name": "Quynh Anhh"
        },
        {
            "id": "100071013824030",
            "count": 0,
            "name": "Van Anh"
        },
        {
            "id": "100041461514501",
            "count": 20,
            "name": "Tô Bảo Châu",
            "lastActive": "23:20:45 || thứ ba"
        },
        {
            "id": "100067561442436",
            "count": 0,
            "name": "Huỳnh Trân"
        },
        {
            "id": "61561358686006",
            "count": 2,
            "name": "BHongg Nhung",
            "lastActive": "15:28:43 || thứ tư"
        },
        {
            "id": "61559184275165",
            "count": 0,
            "name": "Mie Mie"
        },
        {
            "id": "61557289101400",
            "count": 0,
            "name": "Nq Hoài Chu"
        },
        {
            "id": "100067453815952",
            "count": 0,
            "name": "Ngọc Linh"
        },
        {
            "id": "61577960844686",
            "count": 0,
            "name": "An Hoàng"
        },
        {
            "id": "61578971607160",
            "count": 0,
            "name": "Quynh Anh Le"
        },
        {
            "id": "61577541839767",
            "count": 0,
            "name": "Nguyễn Kim Ngọc"
        },
        {
            "id": "100095215464809",
            "count": 0,
            "name": "Dương Bảo"
        },
        {
            "id": "100086334228525",
            "count": 0,
            "name": "Huỳnh Nghĩa"
        },
        {
            "id": "61555858696005",
            "count": 0,
            "name": "Chào Bạn Nha"
        },
        {
            "id": "61566432345238",
            "count": 4,
            "name": "Minh Trọng",
            "lastActive": "15:30:01 || thứ tư"
        },
        {
            "id": "61555918583506",
            "count": 0,
            "name": "Minh Hà"
        },
        {
            "id": "61580020967593",
            "count": 0,
            "name": "Uyên Lê"
        },
        {
            "id": "100041436674329",
            "count": 0,
            "name": "👾🫧Hoàng Hải Nam🍭✨💫"
        },
        {
            "id": "61554840782389",
            "count": 0,
            "name": "Hoàng Nam"
        },
        {
            "id": "61570151165872",
            "count": 0,
            "name": "Ng Thành Trung"
        },
        {
            "id": "61572103866639",
            "count": 0,
            "name": "Nguyễn Ngọc Ánh"
        },
        {
            "id": "61552295636500",
            "count": 0,
            "name": "Huy Trần"
        },
        {
            "id": "100085607483096",
            "count": 22,
            "name": "Mai Anh",
            "lastActive": "23:31:46 || thứ ba"
        },
        {
            "id": "61561456492255",
            "count": 0,
            "name": "Bùi Thiện"
        },
        {
            "id": "61550030184394",
            "count": 12,
            "name": "️️️️️️️️️️️️️️️️️️️️️️️️️️️️️️️️️️️️️️️️️️️️️️️️️️️️️️️️️️️️️️️️️️️️️️️️️️️️️️️️️️️️️️️️️️️️️️️️️️️️️️️️️️️️️️️️️️️️️️️️️️️️️️️️️️️️️️️️️️️️️️️️️️️️️️️️️️️️️️️️️️️️️️️️️️ ",
            "lastActive": "15:29:01 || thứ tư"
        },
        {
            "id": "100000895922054",
            "count": 0,
            "name": "Ng Van Hungg 🌸"
        },
        {
            "id": "61560299280947",
            "count": 0,
            "name": "Minh Nh"
        }
    ],
    "day": [
        {
            "id": "100077701390678",
            "count": 2,
            "name": "Yeii Nhie",
            "lastActive": "12:17:59 || thứ tư"
        },
        {
            "id": "100054892668998",
            "count": 6,
            "name": "Khanh Phuong",
            "lastActive": "00:03:18 || thứ tư"
        },
        {
            "id": "100055602692785",
            "count": 2,
            "name": "Lâm Tâm Như",
            "lastActive": "15:49:49 || thứ tư"
        },
        {
            "id": "61555926660299",
            "count": 8,
            "name": "Thịnh Nguyễn",
            "lastActive": "13:52:50 || thứ tư"
        },
        {
            "id": "61556028683492",
            "count": 0,
            "name": "Đoàn Thị thư"
        },
        {
            "id": "100073028635438",
            "count": 0,
            "name": "Lth Hằng"
        },
        {
            "id": "61575831998363",
            "count": 0,
            "name": "Giai Kỳ"
        },
        {
            "id": "100074996724205",
            "count": 0,
            "name": "Hưng Trần"
        },
        {
            "id": "100091546088288",
            "count": 0,
            "name": "Nguyễn Vũ Minh Anh",
            "lastActive": "20:16:49 || thứ hai"
        },
        {
            "id": "61559338050391",
            "count": 0,
            "name": "Haii Yenn"
        },
        {
            "id": "100080433596001",
            "count": 0,
            "name": "TThi Tuong Vyy"
        },
        {
            "id": "100070453785735",
            "count": 0,
            "name": "Phát Nguyễn",
            "lastActive": "20:05:15 || thứ hai"
        },
        {
            "id": "100069192865733",
            "count": 0,
            "name": "Tuyết Nhi"
        },
        {
            "id": "100094108891405",
            "count": 0,
            "name": "Võ Pham Tuyet Ngọcc"
        },
        {
            "id": "61554275437352",
            "count": 0,
            "name": "Thanh Vy"
        },
        {
            "id": "100070177794236",
            "count": 0,
            "name": "Nguyễn Khôi"
        },
        {
            "id": "100035502945235",
            "count": 0,
            "name": "Gino Trí",
            "lastActive": "23:31:18 || thứ ba"
        },
        {
            "id": "100029272009196",
            "count": 0,
            "name": "Duy Duy"
        },
        {
            "id": "100086990914006",
            "count": 0,
            "name": "Diễm My",
            "lastActive": "22:11:32 || chủ nhật"
        },
        {
            "id": "100093676201814",
            "count": 4,
            "name": "Ph Ngoc Trang",
            "lastActive": "14:27:54 || thứ tư"
        },
        {
            "id": "61569351983232",
            "count": 0,
            "name": "Quynhh Nhuu"
        },
        {
            "id": "100009257272790",
            "count": 0,
            "name": "Nguyễn Ngân"
        },
        {
            "id": "100051902295111",
            "count": 0,
            "name": "Nguyễn Duy Thuần"
        },
        {
            "id": "61566710015596",
            "count": 0,
            "name": "Trần Thiên Long"
        },
        {
            "id": "100006797793655",
            "count": 0,
            "name": "Thanh Phong"
        },
        {
            "id": "100063808450518",
            "count": 0,
            "name": "Na Na"
        },
        {
            "id": "100088187880993",
            "count": 0,
            "name": "Kim Xuyến"
        },
        {
            "id": "61556350305589",
            "count": 0,
            "name": "Lâm Thảo"
        },
        {
            "id": "100011722042795",
            "count": 0,
            "name": "Lương Thành Tân"
        },
        {
            "id": "100089789326899",
            "count": 0,
            "name": "Huyy Bảo"
        },
        {
            "id": "100078790841902",
            "count": 0,
            "name": "Phuong Ahn"
        },
        {
            "id": "61578233610455",
            "count": 0,
            "name": "Long Phạm"
        },
        {
            "id": "100092281672229",
            "count": 0,
            "name": "Ng Thị Kim Anh"
        },
        {
            "id": "100089835308292",
            "count": 0,
            "name": "Công Danh"
        },
        {
            "id": "61563134635162",
            "count": 0,
            "name": "Người dùng Facebook"
        },
        {
            "id": "61575307161401",
            "count": 0,
            "name": "Mai Lê"
        },
        {
            "id": "100090928616984",
            "count": 0,
            "name": "Sói Xám"
        },
        {
            "id": "61578762688350",
            "count": 0,
            "name": "他的初恋"
        },
        {
            "id": "61561314154950",
            "count": 0,
            "name": "Uýnh Lộn Không"
        },
        {
            "id": "100081150492159",
            "count": 10,
            "name": "Tuyết Tuyết Trinh",
            "lastActive": "10:26:45 || thứ tư"
        },
        {
            "id": "100068542088592",
            "count": 0,
            "name": "Thanh Như"
        },
        {
            "id": "61550068763649",
            "count": 0,
            "name": "Hg Ynhi"
        },
        {
            "id": "61574902344728",
            "count": 0,
            "name": "Ngg Trọngg"
        },
        {
            "id": "61572736733440",
            "count": 0,
            "name": "Guen Miyuki",
            "lastActive": "17:39:42 || chủ nhật"
        },
        {
            "id": "100030675454669",
            "count": 0,
            "name": "Thanh Mai"
        },
        {
            "id": "100076813301293",
            "count": 0,
            "name": "Ng An Khuê"
        },
        {
            "id": "100047211960571",
            "count": 0,
            "name": "Minh Nguyen"
        },
        {
            "id": "100089307623009",
            "count": 0,
            "name": "Mai Baee"
        },
        {
            "id": "61560702898399",
            "count": 0,
            "name": "Ngọc Quỳnh",
            "lastActive": "13:21:13 || thứ hai"
        },
        {
            "id": "100092531755007",
            "count": 0,
            "name": "Huỳnh Vy"
        },
        {
            "id": "100081187390723",
            "count": 0,
            "name": "Thuật"
        },
        {
            "id": "61575564242392",
            "count": 0,
            "name": "Nguyễn Hoàng Phó Thư"
        },
        {
            "id": "100074746410249",
            "count": 0,
            "name": "Ng Thị Như Ýy"
        },
        {
            "id": "61555434658392",
            "count": 0,
            "name": "Ng Tinh Mua Ha"
        },
        {
            "id": "61576593843418",
            "count": 0,
            "name": "Diễm My"
        },
        {
            "id": "61555610172055",
            "count": 0,
            "name": "Gia Huyy"
        },
        {
            "id": "61557157391070",
            "count": 0,
            "name": "Ph Hai Anh"
        },
        {
            "id": "61567180276887",
            "count": 0,
            "name": "Như Hoàng"
        },
        {
            "id": "100081453823776",
            "count": 0,
            "name": "Bảo Nam"
        },
        {
            "id": "100080794983247",
            "count": 0,
            "name": "Lụctungthùngrác Tìmxácanhyêu"
        },
        {
            "id": "100091808543916",
            "count": 0,
            "name": "Người Tình Em"
        },
        {
            "id": "100075396121822",
            "count": 0,
            "name": "Trần Ngọc Khánh Vy"
        },
        {
            "id": "100076336219496",
            "count": 0,
            "name": "Wei Wei"
        },
        {
            "id": "61577578027491",
            "count": 0,
            "name": "Minh Khang"
        },
        {
            "id": "61553996375570",
            "count": 0,
            "name": "Quynh Anhh"
        },
        {
            "id": "100071013824030",
            "count": 0,
            "name": "Van Anh"
        },
        {
            "id": "100041461514501",
            "count": 0,
            "name": "Tô Bảo Châu",
            "lastActive": "23:20:45 || thứ ba"
        },
        {
            "id": "100067561442436",
            "count": 0,
            "name": "Huỳnh Trân"
        },
        {
            "id": "61561358686006",
            "count": 2,
            "name": "BHongg Nhung",
            "lastActive": "15:28:43 || thứ tư"
        },
        {
            "id": "61559184275165",
            "count": 0,
            "name": "Mie Mie"
        },
        {
            "id": "61557289101400",
            "count": 0,
            "name": "Nq Hoài Chu"
        },
        {
            "id": "100067453815952",
            "count": 0,
            "name": "Ngọc Linh"
        },
        {
            "id": "61577960844686",
            "count": 0,
            "name": "An Hoàng"
        },
        {
            "id": "61578971607160",
            "count": 0,
            "name": "Quynh Anh Le"
        },
        {
            "id": "61577541839767",
            "count": 0,
            "name": "Nguyễn Kim Ngọc"
        },
        {
            "id": "100095215464809",
            "count": 0,
            "name": "Dương Bảo"
        },
        {
            "id": "100086334228525",
            "count": 0,
            "name": "Huỳnh Nghĩa"
        },
        {
            "id": "61555858696005",
            "count": 0,
            "name": "Chào Bạn Nha"
        },
        {
            "id": "61566432345238",
            "count": 2,
            "name": "Minh Trọng",
            "lastActive": "15:30:01 || thứ tư"
        },
        {
            "id": "61555918583506",
            "count": 0,
            "name": "Minh Hà"
        },
        {
            "id": "61580020967593",
            "count": 0,
            "name": "Uyên Lê"
        },
        {
            "id": "100041436674329",
            "count": 0,
            "name": "👾🫧Hoàng Hải Nam🍭✨💫"
        },
        {
            "id": "61554840782389",
            "count": 0,
            "name": "Hoàng Nam"
        },
        {
            "id": "61570151165872",
            "count": 0,
            "name": "Ng Thành Trung"
        },
        {
            "id": "61572103866639",
            "count": 0,
            "name": "Nguyễn Ngọc Ánh"
        },
        {
            "id": "61552295636500",
            "count": 0,
            "name": "Huy Trần"
        },
        {
            "id": "100085607483096",
            "count": 0,
            "name": "Mai Anh",
            "lastActive": "23:31:46 || thứ ba"
        },
        {
            "id": "61561456492255",
            "count": 0,
            "name": "Bùi Thiện"
        },
        {
            "id": "61550030184394",
            "count": 10,
            "name": "️️️️️️️️️️️️️️️️️️️️️️️️️️️️️️️️️️️️️️️️️️️️️️️️️️️️️️️️️️️️️️️️️️️️️️️️️️️️️️️️️️️️️️️️️️️️️️️️️️️️️️️️️️️️️️️️️️️️️️️️️️️️️️️️️️️️️️️️️️️️️️️️️️️️️️️️️️️️️️️️️️️️️️️️️️ ",
            "lastActive": "15:29:01 || thứ tư"
        },
        {
            "id": "100000895922054",
            "count": 0,
            "name": "Ng Van Hungg 🌸"
        },
        {
            "id": "61560299280947",
            "count": 0,
            "name": "Minh Nh"
        }
    ],
    "time": 3,
    "last": {
        "time": 5,
        "day": [
            {
                "id": "100077701390678",
                "count": 0
            },
            {
                "id": "100054892668998",
                "count": 0
            },
            {
                "id": "100055602692785",
                "count": 0
            },
            {
                "id": "61560299280947",
                "count": 0
            },
            {
                "id": "61555926660299",
                "count": 0
            },
            {
                "id": "61556028683492",
                "count": 0
            },
            {
                "id": "100073028635438",
                "count": 0
            },
            {
                "id": "61575831998363",
                "count": 0
            },
            {
                "id": "100074996724205",
                "count": 0
            },
            {
                "id": "100091546088288",
                "count": 0
            },
            {
                "id": "61559338050391",
                "count": 0
            },
            {
                "id": "100080433596001",
                "count": 0
            },
            {
                "id": "100070453785735",
                "count": 0
            },
            {
                "id": "100069192865733",
                "count": 0
            },
            {
                "id": "100094108891405",
                "count": 0
            },
            {
                "id": "61554275437352",
                "count": 0
            },
            {
                "id": "100070177794236",
                "count": 0
            },
            {
                "id": "100035502945235",
                "count": 0
            },
            {
                "id": "100029272009196",
                "count": 0
            },
            {
                "id": "100086990914006",
                "count": 0
            },
            {
                "id": "100093676201814",
                "count": 0
            },
            {
                "id": "61569351983232",
                "count": 0
            },
            {
                "id": "100009257272790",
                "count": 0
            },
            {
                "id": "100051902295111",
                "count": 0
            },
            {
                "id": "61566710015596",
                "count": 0
            },
            {
                "id": "100006797793655",
                "count": 0
            },
            {
                "id": "100063808450518",
                "count": 0
            },
            {
                "id": "100088187880993",
                "count": 0
            },
            {
                "id": "61556350305589",
                "count": 0
            },
            {
                "id": "100011722042795",
                "count": 0
            },
            {
                "id": "100089789326899",
                "count": 0
            },
            {
                "id": "100078790841902",
                "count": 0
            },
            {
                "id": "61578233610455",
                "count": 0
            },
            {
                "id": "100092281672229",
                "count": 0
            },
            {
                "id": "100089835308292",
                "count": 0
            },
            {
                "id": "61563134635162",
                "count": 0
            },
            {
                "id": "61575307161401",
                "count": 0
            },
            {
                "id": "100090928616984",
                "count": 0
            },
            {
                "id": "61578762688350",
                "count": 0
            },
            {
                "id": "61561314154950",
                "count": 0
            },
            {
                "id": "100081150492159",
                "count": 0
            },
            {
                "id": "100068542088592",
                "count": 0
            },
            {
                "id": "61550068763649",
                "count": 0
            },
            {
                "id": "61574902344728",
                "count": 0
            },
            {
                "id": "61572736733440",
                "count": 0
            },
            {
                "id": "100030675454669",
                "count": 0
            },
            {
                "id": "100076813301293",
                "count": 0
            },
            {
                "id": "100047211960571",
                "count": 0
            },
            {
                "id": "100089307623009",
                "count": 0
            },
            {
                "id": "61560702898399",
                "count": 0
            },
            {
                "id": "100092531755007",
                "count": 0
            },
            {
                "id": "100081187390723",
                "count": 0
            },
            {
                "id": "61575564242392",
                "count": 0
            },
            {
                "id": "100074746410249",
                "count": 0
            },
            {
                "id": "61555434658392",
                "count": 0
            },
            {
                "id": "61576593843418",
                "count": 0
            },
            {
                "id": "61555610172055",
                "count": 0
            },
            {
                "id": "61557157391070",
                "count": 0
            },
            {
                "id": "61567180276887",
                "count": 0
            },
            {
                "id": "100081453823776",
                "count": 0
            },
            {
                "id": "100080794983247",
                "count": 0
            },
            {
                "id": "100091808543916",
                "count": 0
            },
            {
                "id": "100075396121822",
                "count": 0
            },
            {
                "id": "100076336219496",
                "count": 0
            },
            {
                "id": "61577578027491",
                "count": 0
            },
            {
                "id": "61553996375570",
                "count": 0
            },
            {
                "id": "100071013824030",
                "count": 0
            },
            {
                "id": "100041461514501",
                "count": 0
            },
            {
                "id": "100067561442436",
                "count": 0
            },
            {
                "id": "61561358686006",
                "count": 0
            },
            {
                "id": "61559184275165",
                "count": 0
            },
            {
                "id": "61557289101400",
                "count": 0
            },
            {
                "id": "100067453815952",
                "count": 0
            },
            {
                "id": "61577960844686",
                "count": 0
            },
            {
                "id": "61578971607160",
                "count": 0
            },
            {
                "id": "61577541839767",
                "count": 0
            },
            {
                "id": "100095215464809",
                "count": 0
            },
            {
                "id": "100086334228525",
                "count": 0
            },
            {
                "id": "61555858696005",
                "count": 0
            },
            {
                "id": "61566432345238",
                "count": 0
            },
            {
                "id": "61555918583506",
                "count": 0
            },
            {
                "id": "61580020967593",
                "count": 0
            },
            {
                "id": "100041436674329",
                "count": 0
            },
            {
                "id": "61554840782389",
                "count": 0
            },
            {
                "id": "61570151165872",
                "count": 0
            },
            {
                "id": "61572103866639",
                "count": 0
            },
            {
                "id": "61552295636500",
                "count": 0
            },
            {
                "id": "100085607483096",
                "count": 0
            },
            {
                "id": "61561456492255",
                "count": 0
            },
            {
                "id": "61550030184394",
                "count": 0
            },
            {
                "id": "100000895922054",
                "count": 0
            }
        ],
        "week": [
            {
                "id": "100077701390678",
                "count": 0
            },
            {
                "id": "100054892668998",
                "count": 0
            },
            {
                "id": "100055602692785",
                "count": 0
            },
            {
                "id": "61560299280947",
                "count": 0
            },
            {
                "id": "61555926660299",
                "count": 0
            },
            {
                "id": "61556028683492",
                "count": 0
            },
            {
                "id": "100073028635438",
                "count": 0
            },
            {
                "id": "61575831998363",
                "count": 0
            },
            {
                "id": "100074996724205",
                "count": 0
            },
            {
                "id": "100091546088288",
                "count": 0
            },
            {
                "id": "61559338050391",
                "count": 0
            },
            {
                "id": "100080433596001",
                "count": 0
            },
            {
                "id": "100070453785735",
                "count": 0
            },
            {
                "id": "100069192865733",
                "count": 0
            },
            {
                "id": "100094108891405",
                "count": 0
            },
            {
                "id": "61554275437352",
                "count": 0
            },
            {
                "id": "100070177794236",
                "count": 0
            },
            {
                "id": "100035502945235",
                "count": 0
            },
            {
                "id": "100029272009196",
                "count": 0
            },
            {
                "id": "100086990914006",
                "count": 0
            },
            {
                "id": "100093676201814",
                "count": 0
            },
            {
                "id": "61569351983232",
                "count": 0
            },
            {
                "id": "100009257272790",
                "count": 0
            },
            {
                "id": "100051902295111",
                "count": 0
            },
            {
                "id": "61566710015596",
                "count": 0
            },
            {
                "id": "100006797793655",
                "count": 0
            },
            {
                "id": "100063808450518",
                "count": 0
            },
            {
                "id": "100088187880993",
                "count": 0
            },
            {
                "id": "61556350305589",
                "count": 0
            },
            {
                "id": "100011722042795",
                "count": 0
            },
            {
                "id": "100089789326899",
                "count": 0
            },
            {
                "id": "100078790841902",
                "count": 0
            },
            {
                "id": "61578233610455",
                "count": 0
            },
            {
                "id": "100092281672229",
                "count": 0
            },
            {
                "id": "100089835308292",
                "count": 0
            },
            {
                "id": "61563134635162",
                "count": 0
            },
            {
                "id": "61575307161401",
                "count": 0
            },
            {
                "id": "100090928616984",
                "count": 0
            },
            {
                "id": "61578762688350",
                "count": 0
            },
            {
                "id": "61561314154950",
                "count": 0
            },
            {
                "id": "100081150492159",
                "count": 0
            },
            {
                "id": "100068542088592",
                "count": 0
            },
            {
                "id": "61550068763649",
                "count": 0
            },
            {
                "id": "61574902344728",
                "count": 0
            },
            {
                "id": "61572736733440",
                "count": 0
            },
            {
                "id": "100030675454669",
                "count": 0
            },
            {
                "id": "100076813301293",
                "count": 0
            },
            {
                "id": "100047211960571",
                "count": 0
            },
            {
                "id": "100089307623009",
                "count": 0
            },
            {
                "id": "61560702898399",
                "count": 0
            },
            {
                "id": "100092531755007",
                "count": 0
            },
            {
                "id": "100081187390723",
                "count": 0
            },
            {
                "id": "61575564242392",
                "count": 0
            },
            {
                "id": "100074746410249",
                "count": 0
            },
            {
                "id": "61555434658392",
                "count": 0
            },
            {
                "id": "61576593843418",
                "count": 0
            },
            {
                "id": "61555610172055",
                "count": 0
            },
            {
                "id": "61557157391070",
                "count": 0
            },
            {
                "id": "61567180276887",
                "count": 0
            },
            {
                "id": "100081453823776",
                "count": 0
            },
            {
                "id": "100080794983247",
                "count": 0
            },
            {
                "id": "100091808543916",
                "count": 0
            },
            {
                "id": "100075396121822",
                "count": 0
            },
            {
                "id": "100076336219496",
                "count": 0
            },
            {
                "id": "61577578027491",
                "count": 0
            },
            {
                "id": "61553996375570",
                "count": 0
            },
            {
                "id": "100071013824030",
                "count": 0
            },
            {
                "id": "100041461514501",
                "count": 0
            },
            {
                "id": "100067561442436",
                "count": 0
            },
            {
                "id": "61561358686006",
                "count": 0
            },
            {
                "id": "61559184275165",
                "count": 0
            },
            {
                "id": "61557289101400",
                "count": 0
            },
            {
                "id": "100067453815952",
                "count": 0
            },
            {
                "id": "61577960844686",
                "count": 0
            },
            {
                "id": "61578971607160",
                "count": 0
            },
            {
                "id": "61577541839767",
                "count": 0
            },
            {
                "id": "100095215464809",
                "count": 0
            },
            {
                "id": "100086334228525",
                "count": 0
            },
            {
                "id": "61555858696005",
                "count": 0
            },
            {
                "id": "61566432345238",
                "count": 0
            },
            {
                "id": "61555918583506",
                "count": 0
            },
            {
                "id": "61580020967593",
                "count": 0
            },
            {
                "id": "100041436674329",
                "count": 0
            },
            {
                "id": "61554840782389",
                "count": 0
            },
            {
                "id": "61570151165872",
                "count": 0
            },
            {
                "id": "61572103866639",
                "count": 0
            },
            {
                "id": "61552295636500",
                "count": 0
            },
            {
                "id": "100085607483096",
                "count": 0
            },
            {
                "id": "61561456492255",
                "count": 0
            },
            {
                "id": "61550030184394",
                "count": 0
            },
            {
                "id": "100000895922054",
                "count": 0
            }
        ]
    }
}