{
    "total": [
        {
            "id": "100041801200217",
            "count": 137
        },
        {
            "id": "61568907093110",
            "count": 67
        },
        {
            "id": "61574072843240",
            "count": 145
        },
        {
            "id": "100016384872636",
            "count": 93
        },
        {
            "id": "100063426204951",
            "count": 6
        },
        {
            "id": "61565581941355",
            "count": 4
        },
        {
            "id": "100093927786636",
            "count": 195
        },
        {
            "id": "61555214753630",
            "count": 4
        },
        {
            "id": "100095330057562",
            "count": 8
        },
        {
            "id": "100075568822942",
            "count": 24
        },
        {
            "id": "61579080461095",
            "count": 71
        },
        {
            "id": "100025195905454",
            "count": 157
        },
        {
            "id": "61555413490805",
            "count": 848
        },
        {
            "id": "61552122485479",
            "count": 6
        },
        {
            "id": "100095269021776",
            "count": 175
        },
        {
            "id": "61555610172055",
            "count": 4
        },
        {
            "id": "100090793293082",
            "count": 110
        },
        {
            "id": "61567081392601",
            "count": 843
        },
        {
            "id": "100011171796162",
            "count": 151
        },
        {
            "id": "100073639420918",
            "count": 91
        },
        {
            "id": "61573129517794",
            "count": 2981
        },
        {
            "id": "100092679447130",
            "count": 857
        },
        {
            "id": "100049246124868",
            "count": 116
        },
        {
            "id": "61550030184394",
            "count": 136
        },
        {
            "id": "61576174404028",
            "count": 112
        },
        {
            "id": "61581815902288",
            "count": 15
        },
        {
            "id": "61574946986243",
            "count": 32
        },
        {
            "id": "61574437297401",
            "count": 3
        },
        {
            "id": "61579121745721",
            "count": 11
        },
        {
            "id": "61550937279394",
            "count": 166
        },
        {
            "id": "61563038342360",
            "count": 19
        },
        {
            "id": "100010158667039",
            "count": 25
        },
        {
            "id": "100071742258062",
            "count": 15
        },
        {
            "id": "100073756377015",
            "count": 0
        },
        {
            "id": "100078243891086",
            "count": 0
        },
        {
            "id": "61575645225814",
            "count": 0
        },
        {
            "id": "61562012202944",
            "count": 6
        },
        {
            "id": "100087435398279",
            "count": 0
        },
        {
            "id": "61555811661383",
            "count": 0
        },
        {
            "id": "61557588460033",
            "count": 0
        },
        {
            "id": "61560081809789",
            "count": 0
        },
        {
            "id": "100084018284779",
            "count": 0
        },
        {
            "id": "61575868881596",
            "count": 0
        },
        {
            "id": "61577897349851",
            "count": 0
        }
    ],
    "week": [
        {
            "id": "100041801200217",
            "count": 0,
            "name": "Người dùng Facebook"
        },
        {
            "id": "61568907093110",
            "count": 0,
            "name": "Nguyễn Dung"
        },
        {
            "id": "61574072843240",
            "count": 0,
            "name": "Anh Thu"
        },
        {
            "id": "100016384872636",
            "count": 0,
            "name": "Pham Ngọc Gia Bảo"
        },
        {
            "id": "100063426204951",
            "count": 0,
            "name": "Ngoc Anh"
        },
        {
            "id": "61565581941355",
            "count": 0,
            "name": "kẻ cô độc"
        },
        {
            "id": "100093927786636",
            "count": 0,
            "name": "Hằng Thanh"
        },
        {
            "id": "61555214753630",
            "count": 0,
            "name": "Matcha Latte"
        },
        {
            "id": "100095330057562",
            "count": 0,
            "name": "Phan Thanh Uan"
        },
        {
            "id": "100075568822942",
            "count": 0,
            "name": "Minh Ngọc"
        },
        {
            "id": "61579080461095",
            "count": 0,
            "name": "Thỏănkẹo"
        },
        {
            "id": "100025195905454",
            "count": 0,
            "name": "Thu Trang"
        },
        {
            "id": "61555413490805",
            "count": 0,
            "name": "Nguyễn An"
        },
        {
            "id": "61552122485479",
            "count": 0,
            "name": "Phan Trần Kim Lý"
        },
        {
            "id": "100095269021776",
            "count": 0,
            "name": "Thùy Trâm"
        },
        {
            "id": "61555610172055",
            "count": 0,
            "name": "Gia Huyy"
        },
        {
            "id": "100090793293082",
            "count": 0,
            "name": "ʬʬᜊ 栖 Ng HoànggNhật Nammᶻz ꜝꜝꜝ　٭　ᬡ"
        },
        {
            "id": "61567081392601",
            "count": 0,
            "name": "Hong Anh Nguyen"
        },
        {
            "id": "100011171796162",
            "count": 0,
            "name": "Lê Duy Khang"
        },
        {
            "id": "100073639420918",
            "count": 0,
            "name": "Ng Van Hungg 💤"
        },
        {
            "id": "61573129517794",
            "count": 0,
            "name": "Lê Hoàng"
        },
        {
            "id": "100092679447130",
            "count": 0,
            "name": "Thy Phương"
        },
        {
            "id": "100049246124868",
            "count": 0,
            "name": "Minh Quang Viễn"
        },
        {
            "id": "61550030184394",
            "count": 0,
            "name": "️️️️️️️️️️️️️️️️️️️️️️️️️️️️️️️️️️️️️️️️️️️️️️️️️️️️️️️️️️️️️️️️️️️️️️️️️️️️️️️️️️️️️️️️️️️️️️️️️️️️️️️️️️️️️️️️️️️️️️️️️️️️️️️️️️️️️️️️️️️️️️️️️️️️️️️️️️️️️️️️️️️️️️️️️️ "
        },
        {
            "id": "61576174404028",
            "count": 0,
            "name": "Ngọc Long"
        },
        {
            "id": "61581815902288",
            "count": 0,
            "name": "Phuongw Anhh"
        },
        {
            "id": "61574946986243",
            "count": 0,
            "name": "Trân Nguyễn"
        },
        {
            "id": "61574437297401",
            "count": 0,
            "name": "Quoc Huy"
        },
        {
            "id": "61579121745721",
            "count": 0,
            "name": "Thanh Nhànn"
        },
        {
            "id": "61550937279394",
            "count": 0,
            "name": "Lê Nguyễn Diễm My"
        },
        {
            "id": "61563038342360",
            "count": 0,
            "name": "Minh Chau"
        },
        {
            "id": "100010158667039",
            "count": 0,
            "name": "Minh Thư"
        },
        {
            "id": "100071742258062",
            "count": 0,
            "name": "Trần Phát"
        },
        {
            "id": "100073756377015",
            "count": 0,
            "name": "Học Bá Cấm Dục"
        },
        {
            "id": "100078243891086",
            "count": 0,
            "name": "Bùi Minh Hiếu"
        },
        {
            "id": "61575645225814",
            "count": 0,
            "name": "Hoàng Gia"
        },
        {
            "id": "61562012202944",
            "count": 0,
            "name": "Hong Anh Mimi"
        },
        {
            "id": "100087435398279",
            "count": 0,
            "name": "Mih Thơ"
        },
        {
            "id": "61555811661383",
            "count": 0,
            "name": "Minh Hiếu"
        },
        {
            "id": "61557588460033",
            "count": 0,
            "name": "Ngọc Thanh"
        },
        {
            "id": "61560081809789",
            "count": 0,
            "name": "Nguyễn Bin"
        },
        {
            "id": "100084018284779",
            "count": 0,
            "name": "Nguyễn Phương Loan"
        },
        {
            "id": "61575868881596",
            "count": 0,
            "name": "Nhi.31.03"
        },
        {
            "id": "61577897349851",
            "count": 0,
            "name": "Tuệ Như"
        }
    ],
    "day": [
        {
            "id": "100041801200217",
            "count": 0,
            "name": "Người dùng Facebook"
        },
        {
            "id": "61568907093110",
            "count": 0,
            "name": "Nguyễn Dung"
        },
        {
            "id": "61574072843240",
            "count": 0,
            "name": "Anh Thu"
        },
        {
            "id": "100016384872636",
            "count": 0,
            "name": "Pham Ngọc Gia Bảo"
        },
        {
            "id": "100063426204951",
            "count": 0,
            "name": "Ngoc Anh"
        },
        {
            "id": "61565581941355",
            "count": 0,
            "name": "kẻ cô độc"
        },
        {
            "id": "100093927786636",
            "count": 0,
            "name": "Hằng Thanh"
        },
        {
            "id": "61555214753630",
            "count": 0,
            "name": "Matcha Latte"
        },
        {
            "id": "100095330057562",
            "count": 0,
            "name": "Phan Thanh Uan"
        },
        {
            "id": "100075568822942",
            "count": 0,
            "name": "Minh Ngọc"
        },
        {
            "id": "61579080461095",
            "count": 0,
            "name": "Thỏănkẹo"
        },
        {
            "id": "100025195905454",
            "count": 0,
            "name": "Thu Trang"
        },
        {
            "id": "61555413490805",
            "count": 0,
            "name": "Nguyễn An"
        },
        {
            "id": "61552122485479",
            "count": 0,
            "name": "Phan Trần Kim Lý"
        },
        {
            "id": "100095269021776",
            "count": 0,
            "name": "Thùy Trâm"
        },
        {
            "id": "61555610172055",
            "count": 0,
            "name": "Gia Huyy"
        },
        {
            "id": "100090793293082",
            "count": 0,
            "name": "Người dùng facebook"
        },
        {
            "id": "61567081392601",
            "count": 0,
            "name": "Người dùng facebook"
        },
        {
            "id": "100011171796162",
            "count": 0,
            "name": "Lê Duy Khang"
        },
        {
            "id": "100073639420918",
            "count": 0,
            "name": "Ng Van Hungg 💤"
        },
        {
            "id": "61573129517794",
            "count": 0,
            "name": "Lê Hoàng"
        },
        {
            "id": "100092679447130",
            "count": 0,
            "name": "Thy Phương"
        },
        {
            "id": "100049246124868",
            "count": 0,
            "name": "Minh Quang Viễn"
        },
        {
            "id": "61550030184394",
            "count": 0,
            "name": "️️️️️️️️️️️️️️️️️️️️️️️️️️️️️️️️️️️️️️️️️️️️️️️️️️️️️️️️️️️️️️️️️️️️️️️️️️️️️️️️️️️️️️️️️️️️️️️️️️️️️️️️️️️️️️️️️️️️️️️️️️️️️️️️️️️️️️️️️️️️️️️️️️️️️️️️️️️️️️️️️️️️️️️️️️ "
        },
        {
            "id": "61576174404028",
            "count": 0,
            "name": "Ngọc Long"
        },
        {
            "id": "61581815902288",
            "count": 0,
            "name": "Phuongw Anhh"
        },
        {
            "id": "61574946986243",
            "count": 0,
            "name": "Trân Nguyễn"
        },
        {
            "id": "61574437297401",
            "count": 0,
            "name": "Quoc Huy"
        },
        {
            "id": "61579121745721",
            "count": 0,
            "name": "Thanh Nhànn"
        },
        {
            "id": "61550937279394",
            "count": 0,
            "name": "Lê Nguyễn Diễm My"
        },
        {
            "id": "61563038342360",
            "count": 0,
            "name": "Minh Chau"
        },
        {
            "id": "100010158667039",
            "count": 0,
            "name": "Minh Thư"
        },
        {
            "id": "100071742258062",
            "count": 0,
            "name": "Trần Phát"
        },
        {
            "id": "100073756377015",
            "count": 0
        },
        {
            "id": "100078243891086",
            "count": 0
        },
        {
            "id": "61575645225814",
            "count": 0
        },
        {
            "id": "61562012202944",
            "count": 0
        },
        {
            "id": "100087435398279",
            "count": 0
        },
        {
            "id": "61555811661383",
            "count": 0
        },
        {
            "id": "61557588460033",
            "count": 0
        },
        {
            "id": "61560081809789",
            "count": 0
        },
        {
            "id": "100084018284779",
            "count": 0
        },
        {
            "id": "61575868881596",
            "count": 0
        },
        {
            "id": "61577897349851",
            "count": 0
        }
    ],
    "time": 3,
    "last": {
        "time": 5,
        "day": [
            {
                "id": "100041801200217",
                "count": 0
            },
            {
                "id": "61575500577144",
                "count": 0
            },
            {
                "id": "61575861140166",
                "count": 0
            },
            {
                "id": "61568907093110",
                "count": 0
            },
            {
                "id": "61574072843240",
                "count": 0
            },
            {
                "id": "61564664886808",
                "count": 0
            },
            {
                "id": "61562022923556",
                "count": 0
            },
            {
                "id": "61568389978527",
                "count": 0
            },
            {
                "id": "100016384872636",
                "count": 0
            },
            {
                "id": "61552532545903",
                "count": 0
            },
            {
                "id": "61566526521137",
                "count": 0
            },
            {
                "id": "100051405188705",
                "count": 0
            },
            {
                "id": "61578763733578",
                "count": 0
            },
            {
                "id": "61569351983232",
                "count": 0
            },
            {
                "id": "100095350488221",
                "count": 0
            },
            {
                "id": "100063426204951",
                "count": 0
            },
            {
                "id": "100091650819020",
                "count": 0
            },
            {
                "id": "100051441484930",
                "count": 0
            },
            {
                "id": "61565581941355",
                "count": 0
            },
            {
                "id": "100093927786636",
                "count": 0
            },
            {
                "id": "61579712816363",
                "count": 0
            },
            {
                "id": "61568415626795",
                "count": 0
            },
            {
                "id": "100077533096087",
                "count": 0
            },
            {
                "id": "61569397742363",
                "count": 0
            },
            {
                "id": "61555214753630",
                "count": 0
            },
            {
                "id": "61563293400953",
                "count": 0
            },
            {
                "id": "100020267229786",
                "count": 0
            },
            {
                "id": "100095330057562",
                "count": 0
            },
            {
                "id": "100089919961349",
                "count": 0
            },
            {
                "id": "100093620570754",
                "count": 0
            },
            {
                "id": "61576745735023",
                "count": 0
            },
            {
                "id": "100091763738174",
                "count": 0
            },
            {
                "id": "100075568822942",
                "count": 0
            },
            {
                "id": "61573546570154",
                "count": 0
            },
            {
                "id": "61566607850868",
                "count": 0
            },
            {
                "id": "61579080461095",
                "count": 0
            },
            {
                "id": "61561382924088",
                "count": 0
            },
            {
                "id": "100025195905454",
                "count": 0
            },
            {
                "id": "61555413490805",
                "count": 0
            },
            {
                "id": "100083046885942",
                "count": 0
            },
            {
                "id": "61555066886764",
                "count": 0
            },
            {
                "id": "100009845855321",
                "count": 0
            },
            {
                "id": "100087898140584",
                "count": 0
            },
            {
                "id": "61552122485479",
                "count": 0
            },
            {
                "id": "61551201031946",
                "count": 0
            },
            {
                "id": "100095269021776",
                "count": 0
            },
            {
                "id": "61555610172055",
                "count": 0
            },
            {
                "id": "61551561478938",
                "count": 0
            },
            {
                "id": "100084559098793",
                "count": 0
            },
            {
                "id": "61564868433504",
                "count": 0
            },
            {
                "id": "100090793293082",
                "count": 0
            },
            {
                "id": "100027042330488",
                "count": 0
            },
            {
                "id": "61567081392601",
                "count": 0
            },
            {
                "id": "100011171796162",
                "count": 0
            },
            {
                "id": "100048022400886",
                "count": 0
            },
            {
                "id": "61576846207832",
                "count": 0
            },
            {
                "id": "61573129517794",
                "count": 0
            },
            {
                "id": "100060895399672",
                "count": 0
            },
            {
                "id": "100073639420918",
                "count": 0
            },
            {
                "id": "100000895922054",
                "count": 0
            },
            {
                "id": "61552035675700",
                "count": 0
            },
            {
                "id": "100092679447130",
                "count": 0
            },
            {
                "id": "100049246124868",
                "count": 0
            },
            {
                "id": "61550030184394",
                "count": 0
            },
            {
                "id": "61567952233088",
                "count": 0
            },
            {
                "id": "61555829205920",
                "count": 0
            },
            {
                "id": "61573130181442",
                "count": 0
            },
            {
                "id": "61582356713887",
                "count": 0
            },
            {
                "id": "61576174404028",
                "count": 0
            },
            {
                "id": "61581815902288",
                "count": 0
            },
            {
                "id": "61574946986243",
                "count": 0
            },
            {
                "id": "61579390441764",
                "count": 0
            },
            {
                "id": "61577284531383",
                "count": 0
            },
            {
                "id": "61574437297401",
                "count": 0
            },
            {
                "id": "61579121745721",
                "count": 0
            },
            {
                "id": "61550937279394",
                "count": 0
            },
            {
                "id": "61563038342360",
                "count": 0
            },
            {
                "id": "61550201102191",
                "count": 0
            },
            {
                "id": "61563014096944",
                "count": 0
            },
            {
                "id": "100010158667039",
                "count": 0
            },
            {
                "id": "61550795784981",
                "count": 0
            },
            {
                "id": "100071742258062",
                "count": 0
            },
            {
                "id": "100073756377015",
                "count": 0
            },
            {
                "id": "100078243891086",
                "count": 0
            },
            {
                "id": "61575645225814",
                "count": 0
            },
            {
                "id": "61562012202944",
                "count": 0
            },
            {
                "id": "100087435398279",
                "count": 0
            },
            {
                "id": "61555811661383",
                "count": 0
            },
            {
                "id": "61557588460033",
                "count": 0
            },
            {
                "id": "61560081809789",
                "count": 0
            },
            {
                "id": "100084018284779",
                "count": 0
            },
            {
                "id": "61575868881596",
                "count": 0
            },
            {
                "id": "61577897349851",
                "count": 0
            }
        ],
        "week": [
            {
                "id": "100041801200217",
                "count": 0
            },
            {
                "id": "61575500577144",
                "count": 0
            },
            {
                "id": "61575861140166",
                "count": 0
            },
            {
                "id": "61568907093110",
                "count": 0
            },
            {
                "id": "61574072843240",
                "count": 0
            },
            {
                "id": "61564664886808",
                "count": 0
            },
            {
                "id": "61562022923556",
                "count": 0
            },
            {
                "id": "61568389978527",
                "count": 0
            },
            {
                "id": "100016384872636",
                "count": 0
            },
            {
                "id": "61552532545903",
                "count": 0
            },
            {
                "id": "61566526521137",
                "count": 0
            },
            {
                "id": "100051405188705",
                "count": 0
            },
            {
                "id": "61578763733578",
                "count": 0
            },
            {
                "id": "61569351983232",
                "count": 0
            },
            {
                "id": "100095350488221",
                "count": 0
            },
            {
                "id": "100063426204951",
                "count": 0
            },
            {
                "id": "100091650819020",
                "count": 0
            },
            {
                "id": "100051441484930",
                "count": 0
            },
            {
                "id": "61565581941355",
                "count": 0
            },
            {
                "id": "100093927786636",
                "count": 0
            },
            {
                "id": "61579712816363",
                "count": 0
            },
            {
                "id": "61568415626795",
                "count": 0
            },
            {
                "id": "100077533096087",
                "count": 0
            },
            {
                "id": "61569397742363",
                "count": 0
            },
            {
                "id": "61555214753630",
                "count": 0
            },
            {
                "id": "61563293400953",
                "count": 0
            },
            {
                "id": "100020267229786",
                "count": 0
            },
            {
                "id": "100095330057562",
                "count": 0
            },
            {
                "id": "100089919961349",
                "count": 0
            },
            {
                "id": "100093620570754",
                "count": 0
            },
            {
                "id": "61576745735023",
                "count": 0
            },
            {
                "id": "100091763738174",
                "count": 0
            },
            {
                "id": "100075568822942",
                "count": 0
            },
            {
                "id": "61573546570154",
                "count": 0
            },
            {
                "id": "61566607850868",
                "count": 0
            },
            {
                "id": "61579080461095",
                "count": 0
            },
            {
                "id": "61561382924088",
                "count": 0
            },
            {
                "id": "100025195905454",
                "count": 0
            },
            {
                "id": "61555413490805",
                "count": 0
            },
            {
                "id": "100083046885942",
                "count": 0
            },
            {
                "id": "61555066886764",
                "count": 0
            },
            {
                "id": "100009845855321",
                "count": 0
            },
            {
                "id": "100087898140584",
                "count": 0
            },
            {
                "id": "61552122485479",
                "count": 0
            },
            {
                "id": "61551201031946",
                "count": 0
            },
            {
                "id": "100095269021776",
                "count": 0
            },
            {
                "id": "61555610172055",
                "count": 0
            },
            {
                "id": "61551561478938",
                "count": 0
            },
            {
                "id": "100084559098793",
                "count": 0
            },
            {
                "id": "61564868433504",
                "count": 0
            },
            {
                "id": "100090793293082",
                "count": 0
            },
            {
                "id": "100027042330488",
                "count": 0
            },
            {
                "id": "61567081392601",
                "count": 0
            },
            {
                "id": "100011171796162",
                "count": 0
            },
            {
                "id": "100048022400886",
                "count": 0
            },
            {
                "id": "61576846207832",
                "count": 0
            },
            {
                "id": "61573129517794",
                "count": 0
            },
            {
                "id": "100060895399672",
                "count": 0
            },
            {
                "id": "100073639420918",
                "count": 0
            },
            {
                "id": "100000895922054",
                "count": 0
            },
            {
                "id": "61552035675700",
                "count": 0
            },
            {
                "id": "100092679447130",
                "count": 0
            },
            {
                "id": "100049246124868",
                "count": 0
            },
            {
                "id": "61550030184394",
                "count": 0
            },
            {
                "id": "61567952233088",
                "count": 0
            },
            {
                "id": "61555829205920",
                "count": 0
            },
            {
                "id": "61573130181442",
                "count": 0
            },
            {
                "id": "61582356713887",
                "count": 0
            },
            {
                "id": "61576174404028",
                "count": 0
            },
            {
                "id": "61581815902288",
                "count": 0
            },
            {
                "id": "61574946986243",
                "count": 0
            },
            {
                "id": "61579390441764",
                "count": 0
            },
            {
                "id": "61577284531383",
                "count": 0
            },
            {
                "id": "61574437297401",
                "count": 0
            },
            {
                "id": "61579121745721",
                "count": 0
            },
            {
                "id": "61550937279394",
                "count": 0
            },
            {
                "id": "61563038342360",
                "count": 0
            },
            {
                "id": "61550201102191",
                "count": 0
            },
            {
                "id": "61563014096944",
                "count": 0
            },
            {
                "id": "100010158667039",
                "count": 0
            },
            {
                "id": "61550795784981",
                "count": 0
            },
            {
                "id": "100071742258062",
                "count": 0
            },
            {
                "id": "100073756377015",
                "count": 0
            },
            {
                "id": "100078243891086",
                "count": 0
            },
            {
                "id": "61575645225814",
                "count": 0
            },
            {
                "id": "61562012202944",
                "count": 0
            },
            {
                "id": "100087435398279",
                "count": 0
            },
            {
                "id": "61555811661383",
                "count": 0
            },
            {
                "id": "61557588460033",
                "count": 0
            },
            {
                "id": "61560081809789",
                "count": 0
            },
            {
                "id": "100084018284779",
                "count": 0
            },
            {
                "id": "61575868881596",
                "count": 0
            },
            {
                "id": "61577897349851",
                "count": 0
            }
        ]
    }
}