{
    "total": [
        {
            "id": "100064708970278",
            "count": 7830,
            "lastActive": "16:40:11 || thứ tư"
        },
        {
            "id": "100073639420918",
            "count": 658,
            "lastActive": "15:56:58 || thứ tư"
        },
        {
            "id": "100000895922054",
            "count": 1015
        },
        {
            "id": "61575816587735",
            "count": 386,
            "lastActive": "12:46:40 || thứ hai"
        },
        {
            "id": "100088476637360",
            "count": 191,
            "lastActive": "23:00:39 || thứ ba"
        },
        {
            "id": "61558065826014",
            "count": 1818,
            "lastActive": "11:46:45 || thứ tư"
        },
        {
            "id": "100024707672549",
            "count": 100,
            "lastActive": "19:54:02 || chủ nhật"
        },
        {
            "id": "100086494992532",
            "count": 408
        },
        {
            "id": "100086910727546",
            "count": 38
        },
        {
            "id": "61571533057280",
            "count": 1254,
            "lastActive": "19:36:08 || thứ hai"
        },
        {
            "id": "100084633165624",
            "count": 111,
            "lastActive": "17:50:13 || thứ ba"
        },
        {
            "id": "61577614858206",
            "count": 47
        },
        {
            "id": "100009445646316",
            "count": 672,
            "lastActive": "23:58:59 || thứ ba"
        },
        {
            "id": "100067126395064",
            "count": 20
        },
        {
            "id": "61564760353918",
            "count": 127
        },
        {
            "id": "100074151125907",
            "count": 36
        },
        {
            "id": "100054754440440",
            "count": 210
        },
        {
            "id": "61581604950640",
            "count": 67
        },
        {
            "id": "100066067487529",
            "count": 70,
            "lastActive": "09:54:35 || thứ tư"
        },
        {
            "id": "61569916378501",
            "count": 39
        },
        {
            "id": "61553572814432",
            "count": 71
        },
        {
            "id": "61550030184394",
            "count": 317,
            "lastActive": "16:13:31 || thứ tư"
        },
        {
            "id": "61575239162345",
            "count": 20
        },
        {
            "id": "100004390185214",
            "count": 48
        },
        {
            "id": "100072123769863",
            "count": 19
        },
        {
            "id": "61560263442337",
            "count": 65,
            "lastActive": "15:40:35 || thứ tư"
        },
        {
            "id": "61564230477383",
            "count": 35
        },
        {
            "id": "100087057888159",
            "count": 220
        },
        {
            "id": "100065324941006",
            "count": 179,
            "lastActive": "16:37:46 || thứ tư"
        },
        {
            "id": "61579036598777",
            "count": 182
        },
        {
            "id": "100069142431023",
            "count": 63,
            "lastActive": "19:13:34 || chủ nhật"
        },
        {
            "id": "61551953797013",
            "count": 70
        },
        {
            "id": "61581815902288",
            "count": 66
        },
        {
            "id": "61553961751177",
            "count": 44
        },
        {
            "id": "100082276400646",
            "count": 13
        },
        {
            "id": "100084373594347",
            "count": 3399
        },
        {
            "id": "100083131581946",
            "count": 2364,
            "lastActive": "21:41:30 || thứ ba"
        },
        {
            "id": "100041477167934",
            "count": 58
        },
        {
            "id": "61577185356108",
            "count": 126
        },
        {
            "id": "100037647456444",
            "count": 23
        },
        {
            "id": "61568180060519",
            "count": 15
        },
        {
            "id": "61554314979220",
            "count": 1497,
            "lastActive": "16:34:50 || thứ tư"
        },
        {
            "id": "100093640491097",
            "count": 903,
            "lastActive": "22:06:38 || chủ nhật"
        },
        {
            "id": "61578971033010",
            "count": 47,
            "lastActive": "12:18:35 || thứ tư"
        },
        {
            "id": "100029315364317",
            "count": 11
        },
        {
            "id": "61551726767243",
            "count": 155
        },
        {
            "id": "61562088508117",
            "count": 29
        },
        {
            "id": "100057386364003",
            "count": 1677,
            "lastActive": "15:59:58 || thứ tư"
        },
        {
            "id": "100074463322686",
            "count": 39
        },
        {
            "id": "61556527871248",
            "count": 19,
            "lastActive": "15:47:42 || thứ tư"
        },
        {
            "id": "61569351194877",
            "count": 16
        },
        {
            "id": "61572376845966",
            "count": 10
        },
        {
            "id": "100051755063397",
            "count": 38
        },
        {
            "id": "61573798941795",
            "count": 19
        },
        {
            "id": "61583064182506",
            "count": 13
        },
        {
            "id": "61577051364085",
            "count": 46
        },
        {
            "id": "100075409007905",
            "count": 22
        },
        {
            "id": "61557424827105",
            "count": 21
        },
        {
            "id": "100055392288339",
            "count": 17
        },
        {
            "id": "100051531621799",
            "count": 2
        },
        {
            "id": "61559552826343",
            "count": 13
        },
        {
            "id": "100070855328111",
            "count": 19
        },
        {
            "id": "61580667656234",
            "count": 2
        },
        {
            "id": "61583145028839",
            "count": 27,
            "lastActive": "21:09:29 || thứ ba"
        },
        {
            "id": "61574621021735",
            "count": 3
        },
        {
            "id": "686620223",
            "count": 13
        },
        {
            "id": "61561111749001",
            "count": 42,
            "lastActive": "16:15:07 || thứ tư"
        },
        {
            "id": "100091654176721",
            "count": 10,
            "lastActive": "16:15:51 || thứ tư"
        }
    ],
    "week": [
        {
            "id": "100064708970278",
            "count": 736,
            "name": "Quynh Trang",
            "lastActive": "16:40:11 || thứ tư"
        },
        {
            "id": "100073639420918",
            "count": 26,
            "name": "Ng Van Hungg 💤",
            "lastActive": "15:56:58 || thứ tư"
        },
        {
            "id": "100000895922054",
            "count": 0,
            "name": "Ng Van Hungg 🌸"
        },
        {
            "id": "61575816587735",
            "count": 4,
            "name": "Đình Duy",
            "lastActive": "12:46:40 || thứ hai"
        },
        {
            "id": "100088476637360",
            "count": 8,
            "name": "Hà Huy Khang",
            "lastActive": "23:00:39 || thứ ba"
        },
        {
            "id": "61558065826014",
            "count": 120,
            "name": "Trung Hieu",
            "lastActive": "11:46:45 || thứ tư"
        },
        {
            "id": "100024707672549",
            "count": 8,
            "name": "Quân Hoàng",
            "lastActive": "19:54:02 || chủ nhật"
        },
        {
            "id": "100086494992532",
            "count": 0,
            "name": "Nngoc Baoanh"
        },
        {
            "id": "100086910727546",
            "count": 0,
            "name": "Lệ Di"
        },
        {
            "id": "61571533057280",
            "count": 8,
            "name": "Mỹ Tâm",
            "lastActive": "19:36:08 || thứ hai"
        },
        {
            "id": "100084633165624",
            "count": 2,
            "name": "Nhu Quynh",
            "lastActive": "17:50:13 || thứ ba"
        },
        {
            "id": "61577614858206",
            "count": 0,
            "name": "Người dùng Facebook"
        },
        {
            "id": "100009445646316",
            "count": 250,
            "name": "Cong Tu Bot",
            "lastActive": "23:58:59 || thứ ba"
        },
        {
            "id": "100067126395064",
            "count": 0,
            "name": "Hà Vy"
        },
        {
            "id": "61564760353918",
            "count": 0,
            "name": "dân ỉa 2025 hot ỉa meta"
        },
        {
            "id": "100074151125907",
            "count": 0,
            "name": "Pham Hoang Long"
        },
        {
            "id": "100054754440440",
            "count": 0,
            "name": "Thảo Vân"
        },
        {
            "id": "61581604950640",
            "count": 0,
            "name": "Người dùng Facebook"
        },
        {
            "id": "100066067487529",
            "count": 48,
            "name": "Đức Huy",
            "lastActive": "09:54:35 || thứ tư"
        },
        {
            "id": "61569916378501",
            "count": 0,
            "name": "Nguyễn Hoàng Nam"
        },
        {
            "id": "61553572814432",
            "count": 0,
            "name": "Nuyễn Đức Linh"
        },
        {
            "id": "61550030184394",
            "count": 25,
            "name": "️️️️️️️️️️️️️️️️️️️️️️️️️️️️️️️️️️️️️️️️️️️️️️️️️️️️️️️️️️️️️️️️️️️️️️️️️️️️️️️️️️️️️️️️️️️️️️️️️️️️️️️️️️️️️️️️️️️️️️️️️️️️️️️️️️️️️️️️️️️️️️️️️️️️️️️️️️️️️️️️️️️️️️️️️️ ",
            "lastActive": "16:13:31 || thứ tư"
        },
        {
            "id": "61575239162345",
            "count": 0,
            "name": "Su Kem"
        },
        {
            "id": "100004390185214",
            "count": 0,
            "name": "Trần Xuân Đạt"
        },
        {
            "id": "100072123769863",
            "count": 0,
            "name": "Ng Thuý Mai"
        },
        {
            "id": "61560263442337",
            "count": 2,
            "name": "Khang Mn",
            "lastActive": "15:40:35 || thứ tư"
        },
        {
            "id": "61564230477383",
            "count": 0,
            "name": "Xthuong Vợ Anh Nò"
        },
        {
            "id": "100087057888159",
            "count": 0,
            "name": "Nguyễn Vũ Angh Thư"
        },
        {
            "id": "100065324941006",
            "count": 58,
            "name": "Tran Tam CT",
            "lastActive": "16:37:46 || thứ tư"
        },
        {
            "id": "61579036598777",
            "count": 0,
            "name": "Người dùng Facebook"
        },
        {
            "id": "100069142431023",
            "count": 8,
            "name": "Thanh Tuấn",
            "lastActive": "19:13:34 || chủ nhật"
        },
        {
            "id": "61551953797013",
            "count": 0,
            "name": "Nguyễn Ngọc Linh"
        },
        {
            "id": "61581815902288",
            "count": 0,
            "name": "Phuongw Anhh"
        },
        {
            "id": "61553961751177",
            "count": 0,
            "name": "Nguyễn Đức Linh"
        },
        {
            "id": "100082276400646",
            "count": 0,
            "name": "NT Ngọc Ánh"
        },
        {
            "id": "100084373594347",
            "count": 0,
            "name": "Ngoc Anhh"
        },
        {
            "id": "100083131581946",
            "count": 633,
            "name": "Thục Đoan",
            "lastActive": "21:41:30 || thứ ba"
        },
        {
            "id": "100041477167934",
            "count": 0,
            "name": "Hưng Hoàng"
        },
        {
            "id": "61577185356108",
            "count": 0,
            "name": "Võ Minh Hoàng"
        },
        {
            "id": "100037647456444",
            "count": 0,
            "name": "Kiều Dyễm"
        },
        {
            "id": "61568180060519",
            "count": 0,
            "name": "Hữu Công"
        },
        {
            "id": "61554314979220",
            "count": 312,
            "name": "Ngọc Quân",
            "lastActive": "16:34:50 || thứ tư"
        },
        {
            "id": "100093640491097",
            "count": 66,
            "name": "Pham Hoang Bach",
            "lastActive": "22:06:38 || chủ nhật"
        },
        {
            "id": "61578971033010",
            "count": 10,
            "name": "Mặc Vest Đi Net",
            "lastActive": "12:18:35 || thứ tư"
        },
        {
            "id": "100029315364317",
            "count": 0,
            "name": "Xa Bi"
        },
        {
            "id": "61551726767243",
            "count": 0,
            "name": "Nguyen Hoang Maii"
        },
        {
            "id": "61562088508117",
            "count": 0,
            "name": "Gia Bảo"
        },
        {
            "id": "100057386364003",
            "count": 1002,
            "name": "Dieuu Chaan",
            "lastActive": "15:59:58 || thứ tư"
        },
        {
            "id": "100074463322686",
            "count": 3,
            "name": "Nguyễn Hoàng Văn"
        },
        {
            "id": "61556527871248",
            "count": 6,
            "name": "Vi Đình Tuấn",
            "lastActive": "15:47:42 || thứ tư"
        },
        {
            "id": "61569351194877",
            "count": 0,
            "name": "Anh Dong"
        },
        {
            "id": "61572376845966",
            "count": 0,
            "name": "Đình Nam"
        },
        {
            "id": "100051755063397",
            "count": 2,
            "name": "Khanh Ha"
        },
        {
            "id": "61573798941795",
            "count": 0,
            "name": "Quyên Thu"
        },
        {
            "id": "61583064182506",
            "count": 0,
            "name": "Bao Anh"
        },
        {
            "id": "61577051364085",
            "count": 0,
            "name": "Su Kem Vỏ Giòn"
        },
        {
            "id": "100075409007905",
            "count": 0,
            "name": "Federico Santiago"
        },
        {
            "id": "61557424827105",
            "count": 0,
            "name": "Thiên Bảo"
        },
        {
            "id": "100055392288339",
            "count": 0,
            "name": "Quốcc Tháii"
        },
        {
            "id": "100051531621799",
            "count": 0,
            "name": "Huỳnh Trung Hiếu"
        },
        {
            "id": "61559552826343",
            "count": 0,
            "name": "Em Chi Chợ Lớn"
        },
        {
            "id": "100070855328111",
            "count": 0,
            "name": "Vũ Nguyễn"
        },
        {
            "id": "61580667656234",
            "count": 0,
            "name": "Lâm Văn"
        },
        {
            "id": "61583145028839",
            "count": 8,
            "name": "Nhu Lam",
            "lastActive": "21:09:29 || thứ ba"
        },
        {
            "id": "61574621021735",
            "count": 1,
            "name": "tà xua"
        },
        {
            "id": "686620223",
            "count": 0,
            "name": "Nguyen Anh Kiet"
        },
        {
            "id": "61561111749001",
            "count": 42,
            "lastActive": "16:15:07 || thứ tư"
        },
        {
            "id": "100091654176721",
            "count": 10,
            "lastActive": "16:15:51 || thứ tư"
        }
    ],
    "day": [
        {
            "id": "100064708970278",
            "count": 164,
            "lastActive": "16:40:11 || thứ tư"
        },
        {
            "id": "100073639420918",
            "count": 2,
            "lastActive": "15:56:58 || thứ tư"
        },
        {
            "id": "100000895922054",
            "count": 0
        },
        {
            "id": "61575816587735",
            "count": 0
        },
        {
            "id": "100088476637360",
            "count": 0,
            "lastActive": "23:00:39 || thứ ba"
        },
        {
            "id": "61558065826014",
            "count": 4,
            "lastActive": "11:46:45 || thứ tư"
        },
        {
            "id": "100024707672549",
            "count": 0
        },
        {
            "id": "100086494992532",
            "count": 0
        },
        {
            "id": "100086910727546",
            "count": 0
        },
        {
            "id": "61571533057280",
            "count": 0
        },
        {
            "id": "100084633165624",
            "count": 0,
            "lastActive": "17:50:13 || thứ ba"
        },
        {
            "id": "61577614858206",
            "count": 0
        },
        {
            "id": "100009445646316",
            "count": 0,
            "lastActive": "23:58:59 || thứ ba"
        },
        {
            "id": "100067126395064",
            "count": 0
        },
        {
            "id": "61564760353918",
            "count": 0
        },
        {
            "id": "100074151125907",
            "count": 0
        },
        {
            "id": "100054754440440",
            "count": 0
        },
        {
            "id": "61581604950640",
            "count": 0
        },
        {
            "id": "100066067487529",
            "count": 2,
            "lastActive": "09:54:35 || thứ tư"
        },
        {
            "id": "61569916378501",
            "count": 0
        },
        {
            "id": "61553572814432",
            "count": 0
        },
        {
            "id": "61550030184394",
            "count": 18,
            "lastActive": "16:13:31 || thứ tư"
        },
        {
            "id": "61575239162345",
            "count": 0
        },
        {
            "id": "100004390185214",
            "count": 0
        },
        {
            "id": "100072123769863",
            "count": 0
        },
        {
            "id": "61560263442337",
            "count": 2,
            "lastActive": "15:40:35 || thứ tư"
        },
        {
            "id": "61564230477383",
            "count": 0
        },
        {
            "id": "100087057888159",
            "count": 0
        },
        {
            "id": "100065324941006",
            "count": 50,
            "lastActive": "16:37:46 || thứ tư"
        },
        {
            "id": "61579036598777",
            "count": 0
        },
        {
            "id": "100069142431023",
            "count": 0
        },
        {
            "id": "61551953797013",
            "count": 0
        },
        {
            "id": "61581815902288",
            "count": 0
        },
        {
            "id": "61553961751177",
            "count": 0
        },
        {
            "id": "100082276400646",
            "count": 0
        },
        {
            "id": "100084373594347",
            "count": 0
        },
        {
            "id": "100083131581946",
            "count": 0,
            "lastActive": "21:41:30 || thứ ba"
        },
        {
            "id": "100041477167934",
            "count": 0
        },
        {
            "id": "61577185356108",
            "count": 0
        },
        {
            "id": "100037647456444",
            "count": 0
        },
        {
            "id": "61568180060519",
            "count": 0
        },
        {
            "id": "61554314979220",
            "count": 62,
            "lastActive": "16:34:50 || thứ tư"
        },
        {
            "id": "100093640491097",
            "count": 0
        },
        {
            "id": "61578971033010",
            "count": 10,
            "lastActive": "12:18:35 || thứ tư"
        },
        {
            "id": "100029315364317",
            "count": 0
        },
        {
            "id": "61551726767243",
            "count": 0
        },
        {
            "id": "61562088508117",
            "count": 0
        },
        {
            "id": "100057386364003",
            "count": 110,
            "lastActive": "15:59:58 || thứ tư"
        },
        {
            "id": "100074463322686",
            "count": 0
        },
        {
            "id": "61556527871248",
            "count": 4,
            "lastActive": "15:47:42 || thứ tư"
        },
        {
            "id": "61569351194877",
            "count": 0
        },
        {
            "id": "61572376845966",
            "count": 0
        },
        {
            "id": "100051755063397",
            "count": 0
        },
        {
            "id": "61573798941795",
            "count": 0
        },
        {
            "id": "61583064182506",
            "count": 0
        },
        {
            "id": "61577051364085",
            "count": 0
        },
        {
            "id": "100075409007905",
            "count": 0
        },
        {
            "id": "61557424827105",
            "count": 0
        },
        {
            "id": "100055392288339",
            "count": 0
        },
        {
            "id": "100051531621799",
            "count": 0
        },
        {
            "id": "61559552826343",
            "count": 0
        },
        {
            "id": "100070855328111",
            "count": 0
        },
        {
            "id": "61580667656234",
            "count": 0
        },
        {
            "id": "61583145028839",
            "count": 0,
            "lastActive": "21:09:29 || thứ ba"
        },
        {
            "id": "61574621021735",
            "count": 0
        },
        {
            "id": "686620223",
            "count": 0
        },
        {
            "id": "61561111749001",
            "count": 42,
            "lastActive": "16:15:07 || thứ tư"
        },
        {
            "id": "100091654176721",
            "count": 10,
            "lastActive": "16:15:51 || thứ tư"
        }
    ],
    "time": 3,
    "last": {
        "time": 1,
        "day": [
            {
                "id": "100064708970278",
                "count": 362
            },
            {
                "id": "100073639420918",
                "count": 14
            },
            {
                "id": "100000895922054",
                "count": 0
            },
            {
                "id": "61575816587735",
                "count": 2
            },
            {
                "id": "100088476637360",
                "count": 4
            },
            {
                "id": "61558065826014",
                "count": 95
            },
            {
                "id": "100024707672549",
                "count": 8
            },
            {
                "id": "100086494992532",
                "count": 0
            },
            {
                "id": "100086910727546",
                "count": 0
            },
            {
                "id": "61571533057280",
                "count": 6
            },
            {
                "id": "100084633165624",
                "count": 0
            },
            {
                "id": "61577614858206",
                "count": 0
            },
            {
                "id": "100009445646316",
                "count": 98
            },
            {
                "id": "100067126395064",
                "count": 0
            },
            {
                "id": "61564760353918",
                "count": 0
            },
            {
                "id": "100074151125907",
                "count": 0
            },
            {
                "id": "100054754440440",
                "count": 0
            },
            {
                "id": "61581604950640",
                "count": 0
            },
            {
                "id": "100066067487529",
                "count": 40
            },
            {
                "id": "61569916378501",
                "count": 0
            },
            {
                "id": "61553572814432",
                "count": 0
            },
            {
                "id": "61550030184394",
                "count": 5
            },
            {
                "id": "61575239162345",
                "count": 0
            },
            {
                "id": "100004390185214",
                "count": 0
            },
            {
                "id": "100072123769863",
                "count": 0
            },
            {
                "id": "61560263442337",
                "count": 0
            },
            {
                "id": "61564230477383",
                "count": 0
            },
            {
                "id": "100087057888159",
                "count": 0
            },
            {
                "id": "100065324941006",
                "count": 1
            },
            {
                "id": "61579036598777",
                "count": 0
            },
            {
                "id": "100069142431023",
                "count": 8
            },
            {
                "id": "61551953797013",
                "count": 0
            },
            {
                "id": "61581815902288",
                "count": 0
            },
            {
                "id": "61553961751177",
                "count": 0
            },
            {
                "id": "100082276400646",
                "count": 0
            },
            {
                "id": "100084373594347",
                "count": 0
            },
            {
                "id": "100083131581946",
                "count": 527
            },
            {
                "id": "100041477167934",
                "count": 0
            },
            {
                "id": "61577185356108",
                "count": 0
            },
            {
                "id": "100037647456444",
                "count": 0
            },
            {
                "id": "61568180060519",
                "count": 0
            },
            {
                "id": "61554314979220",
                "count": 146
            },
            {
                "id": "100093640491097",
                "count": 66
            },
            {
                "id": "61578971033010",
                "count": 0
            },
            {
                "id": "100029315364317",
                "count": 0
            },
            {
                "id": "61551726767243",
                "count": 0
            },
            {
                "id": "61562088508117",
                "count": 0
            },
            {
                "id": "100057386364003",
                "count": 554
            },
            {
                "id": "100074463322686",
                "count": 3
            },
            {
                "id": "61556527871248",
                "count": 0
            },
            {
                "id": "61569351194877",
                "count": 0
            },
            {
                "id": "61572376845966",
                "count": 0
            },
            {
                "id": "100051755063397",
                "count": 2
            },
            {
                "id": "61573798941795",
                "count": 0
            },
            {
                "id": "61583064182506",
                "count": 0
            },
            {
                "id": "61577051364085",
                "count": 0
            },
            {
                "id": "100075409007905",
                "count": 0
            },
            {
                "id": "61557424827105",
                "count": 0
            },
            {
                "id": "100055392288339",
                "count": 0
            },
            {
                "id": "100051531621799",
                "count": 0
            },
            {
                "id": "61559552826343",
                "count": 0
            },
            {
                "id": "100070855328111",
                "count": 0
            },
            {
                "id": "61580667656234",
                "count": 0
            },
            {
                "id": "61583145028839",
                "count": 2
            },
            {
                "id": "61574621021735",
                "count": 1
            },
            {
                "id": "686620223",
                "count": 0
            },
            {
                "id": "61561111749001",
                "count": 0
            },
            {
                "id": "100091654176721",
                "count": 0
            }
        ],
        "week": [
            {
                "id": "100064708970278",
                "count": 82
            },
            {
                "id": "100073639420918",
                "count": 10
            },
            {
                "id": "100000895922054",
                "count": 0
            },
            {
                "id": "61575816587735",
                "count": 2
            },
            {
                "id": "100088476637360",
                "count": 0
            },
            {
                "id": "61558065826014",
                "count": 19
            },
            {
                "id": "100024707672549",
                "count": 0
            },
            {
                "id": "100086494992532",
                "count": 0
            },
            {
                "id": "100086910727546",
                "count": 0
            },
            {
                "id": "61571533057280",
                "count": 2
            },
            {
                "id": "100084633165624",
                "count": 0
            },
            {
                "id": "61577614858206",
                "count": 0
            },
            {
                "id": "100009445646316",
                "count": 4
            },
            {
                "id": "100067126395064",
                "count": 0
            },
            {
                "id": "61564760353918",
                "count": 0
            },
            {
                "id": "100074151125907",
                "count": 0
            },
            {
                "id": "100054754440440",
                "count": 0
            },
            {
                "id": "61581604950640",
                "count": 0
            },
            {
                "id": "100066067487529",
                "count": 0
            },
            {
                "id": "61569916378501",
                "count": 0
            },
            {
                "id": "61553572814432",
                "count": 0
            },
            {
                "id": "61550030184394",
                "count": 2
            },
            {
                "id": "61575239162345",
                "count": 0
            },
            {
                "id": "100004390185214",
                "count": 0
            },
            {
                "id": "100072123769863",
                "count": 0
            },
            {
                "id": "61560263442337",
                "count": 0
            },
            {
                "id": "61564230477383",
                "count": 0
            },
            {
                "id": "100087057888159",
                "count": 0
            },
            {
                "id": "100065324941006",
                "count": 1
            },
            {
                "id": "61579036598777",
                "count": 0
            },
            {
                "id": "100069142431023",
                "count": 0
            },
            {
                "id": "61551953797013",
                "count": 0
            },
            {
                "id": "61581815902288",
                "count": 0
            },
            {
                "id": "61553961751177",
                "count": 0
            },
            {
                "id": "100082276400646",
                "count": 0
            },
            {
                "id": "100084373594347",
                "count": 0
            },
            {
                "id": "100083131581946",
                "count": 74
            },
            {
                "id": "100041477167934",
                "count": 0
            },
            {
                "id": "61577185356108",
                "count": 0
            },
            {
                "id": "100037647456444",
                "count": 0
            },
            {
                "id": "61568180060519",
                "count": 0
            },
            {
                "id": "61554314979220",
                "count": 48
            },
            {
                "id": "100093640491097",
                "count": 0
            },
            {
                "id": "61578971033010",
                "count": 0
            },
            {
                "id": "100029315364317",
                "count": 0
            },
            {
                "id": "61551726767243",
                "count": 0
            },
            {
                "id": "61562088508117",
                "count": 0
            },
            {
                "id": "100057386364003",
                "count": 106
            },
            {
                "id": "100074463322686",
                "count": 0
            },
            {
                "id": "61556527871248",
                "count": 0
            },
            {
                "id": "61569351194877",
                "count": 0
            },
            {
                "id": "61572376845966",
                "count": 0
            },
            {
                "id": "100051755063397",
                "count": 0
            },
            {
                "id": "61573798941795",
                "count": 0
            },
            {
                "id": "61583064182506",
                "count": 0
            },
            {
                "id": "61577051364085",
                "count": 0
            },
            {
                "id": "100075409007905",
                "count": 0
            },
            {
                "id": "61557424827105",
                "count": 0
            },
            {
                "id": "100055392288339",
                "count": 0
            },
            {
                "id": "100051531621799",
                "count": 0
            },
            {
                "id": "61559552826343",
                "count": 0
            },
            {
                "id": "100070855328111",
                "count": 0
            },
            {
                "id": "61580667656234",
                "count": 0
            },
            {
                "id": "61583145028839",
                "count": 2
            },
            {
                "id": "61574621021735",
                "count": 0
            },
            {
                "id": "686620223",
                "count": 0
            },
            {
                "id": "61561111749001",
                "count": 0
            },
            {
                "id": "100091654176721",
                "count": 0
            }
        ]
    }
}