{
    "total": [
        {
            "id": "100073639420918",
            "count": 9,
            "lastActive": "22:51:57 || chủ nhật"
        },
        {
            "id": "928752",
            "count": 206,
            "lastActive": "16:53:24 || thứ tư"
        },
        {
            "id": "100087990794451",
            "count": 0
        },
        {
            "id": "61557868687991",
            "count": 0
        },
        {
            "id": "100084111663761",
            "count": 0
        },
        {
            "id": "707251363",
            "count": 3
        },
        {
            "id": "801695138",
            "count": 0
        },
        {
            "id": "100078259421828",
            "count": 0
        },
        {
            "id": "100009372353897",
            "count": 0
        },
        {
            "id": "1563549671",
            "count": 94,
            "lastActive": "11:11:51 || thứ tư"
        },
        {
            "id": "100084153722727",
            "count": 0
        },
        {
            "id": "525858962",
            "count": 101,
            "lastActive": "19:53:43 || thứ hai"
        },
        {
            "id": "1433125114",
            "count": 0
        },
        {
            "id": "100086301304557",
            "count": 0
        },
        {
            "id": "61563680424333",
            "count": 0
        },
        {
            "id": "100058254950380",
            "count": 0
        },
        {
            "id": "61575146865702",
            "count": 0
        },
        {
            "id": "100078392752170",
            "count": 127,
            "lastActive": "12:19:49 || thứ tư"
        },
        {
            "id": "100082665360412",
            "count": 0
        },
        {
            "id": "100000895922054",
            "count": 36
        },
        {
            "id": "61550030184394",
            "count": 28,
            "lastActive": "16:53:41 || thứ tư"
        }
    ],
    "week": [
        {
            "id": "100073639420918",
            "count": 0,
            "name": "Ng Van Hungg 💤",
            "lastActive": "22:51:57 || chủ nhật"
        },
        {
            "id": "928752",
            "count": 32,
            "name": "Lại Xuân Thành �",
            "lastActive": "16:53:24 || thứ tư"
        },
        {
            "id": "100087990794451",
            "count": 0,
            "name": "Người dùng Facebook"
        },
        {
            "id": "61557868687991",
            "count": 0,
            "name": "Hi Hi Hi"
        },
        {
            "id": "100084111663761",
            "count": 0,
            "name": "Người dùng Facebook"
        },
        {
            "id": "707251363",
            "count": 0,
            "name": "Lại Xuân Thành"
        },
        {
            "id": "801695138",
            "count": 0,
            "name": "Lại Xuân Thành ✪"
        },
        {
            "id": "100078259421828",
            "count": 0,
            "name": "Trương Bảo Vy"
        },
        {
            "id": "100009372353897",
            "count": 0,
            "name": "Lại Xuân Thành"
        },
        {
            "id": "1563549671",
            "count": 6,
            "name": "Nguyễn Hải Đăng",
            "lastActive": "11:11:51 || thứ tư"
        },
        {
            "id": "100084153722727",
            "count": 0,
            "name": "Lê Tuấn Dương"
        },
        {
            "id": "525858962",
            "count": 2,
            "name": "Nguyễn Việt Hùng",
            "lastActive": "19:53:43 || thứ hai"
        },
        {
            "id": "1433125114",
            "count": 0,
            "name": "Người dùng Facebook"
        },
        {
            "id": "100086301304557",
            "count": 0,
            "name": "Nguyen Viet Hung"
        },
        {
            "id": "61563680424333",
            "count": 0,
            "name": "Nguyên Đặng"
        },
        {
            "id": "100058254950380",
            "count": 0,
            "name": "Người dùng Facebook"
        },
        {
            "id": "61575146865702",
            "count": 0,
            "name": "Người dùng Facebook"
        },
        {
            "id": "100078392752170",
            "count": 12,
            "name": "Nguyễn Ngọc Trinh",
            "lastActive": "12:19:49 || thứ tư"
        },
        {
            "id": "100082665360412",
            "count": 0,
            "name": "Người dùng Facebook"
        },
        {
            "id": "100000895922054",
            "count": 0,
            "name": "Ng Van Hungg 🌸"
        },
        {
            "id": "61550030184394",
            "count": 22,
            "lastActive": "16:53:41 || thứ tư",
            "name": "️️️️️️️️️️️️️️️️️️️️️️️️️️️️️️️️️️️️️️️️️️️️️️️️️️️️️️️️️️️️️️️️️️️️️️️️️️️️️️️️️️️️️️️️️️️️️️️️️️️️️️️️️️️️️️️️️️️️️️️️️️️️️️️️️️️️️️️️️️️️️️️️️️️️️️️️️️️️️️️️️️️️️️️️️️ "
        }
    ],
    "day": [
        {
            "id": "100073639420918",
            "count": 0,
            "name": "Ng Van Hungg 💤",
            "lastActive": "22:51:57 || chủ nhật"
        },
        {
            "id": "928752",
            "count": 10,
            "name": "Lại Xuân Thành �",
            "lastActive": "16:53:24 || thứ tư"
        },
        {
            "id": "100087990794451",
            "count": 0,
            "name": "Người dùng Facebook"
        },
        {
            "id": "61557868687991",
            "count": 0,
            "name": "Hi Hi Hi"
        },
        {
            "id": "100084111663761",
            "count": 0,
            "name": "Người dùng Facebook"
        },
        {
            "id": "707251363",
            "count": 0,
            "name": "Lại Xuân Thành"
        },
        {
            "id": "801695138",
            "count": 0,
            "name": "Lại Xuân Thành ✪"
        },
        {
            "id": "100078259421828",
            "count": 0,
            "name": "Trương Bảo Vy"
        },
        {
            "id": "100009372353897",
            "count": 0,
            "name": "Lại Xuân Thành"
        },
        {
            "id": "1563549671",
            "count": 6,
            "name": "Nguyễn Hải Đăng",
            "lastActive": "11:11:51 || thứ tư"
        },
        {
            "id": "100084153722727",
            "count": 0,
            "name": "Lê Tuấn Dương"
        },
        {
            "id": "525858962",
            "count": 0,
            "name": "Nguyễn Việt Hùng",
            "lastActive": "19:53:43 || thứ hai"
        },
        {
            "id": "1433125114",
            "count": 0,
            "name": "Người dùng Facebook"
        },
        {
            "id": "100086301304557",
            "count": 0,
            "name": "Nguyen Viet Hung"
        },
        {
            "id": "61563680424333",
            "count": 0,
            "name": "Nguyên Đặng"
        },
        {
            "id": "100058254950380",
            "count": 0,
            "name": "Người dùng Facebook"
        },
        {
            "id": "61575146865702",
            "count": 0,
            "name": "Người dùng Facebook"
        },
        {
            "id": "100078392752170",
            "count": 4,
            "name": "Nguyễn Ngọc Trinh",
            "lastActive": "12:19:49 || thứ tư"
        },
        {
            "id": "100082665360412",
            "count": 0,
            "name": "Người dùng Facebook"
        },
        {
            "id": "100000895922054",
            "count": 0,
            "name": "Ng Van Hungg 🌸"
        },
        {
            "id": "61550030184394",
            "count": 10,
            "lastActive": "16:53:41 || thứ tư"
        }
    ],
    "time": 3,
    "last": {
        "time": 0,
        "day": [
            {
                "id": "100073639420918",
                "count": 0
            },
            {
                "id": "928752",
                "count": 0
            },
            {
                "id": "100087990794451",
                "count": 0
            },
            {
                "id": "61557868687991",
                "count": 0
            },
            {
                "id": "100084111663761",
                "count": 0
            },
            {
                "id": "707251363",
                "count": 0
            },
            {
                "id": "801695138",
                "count": 0
            },
            {
                "id": "100078259421828",
                "count": 0
            },
            {
                "id": "100009372353897",
                "count": 0
            },
            {
                "id": "1563549671",
                "count": 0
            },
            {
                "id": "100084153722727",
                "count": 0
            },
            {
                "id": "525858962",
                "count": 0
            },
            {
                "id": "1433125114",
                "count": 0
            },
            {
                "id": "100086301304557",
                "count": 0
            },
            {
                "id": "61563680424333",
                "count": 0
            },
            {
                "id": "100058254950380",
                "count": 0
            },
            {
                "id": "61575146865702",
                "count": 0
            },
            {
                "id": "100078392752170",
                "count": 0
            },
            {
                "id": "100082665360412",
                "count": 0
            },
            {
                "id": "100000895922054",
                "count": 0
            },
            {
                "id": "61550030184394",
                "count": 0
            }
        ],
        "week": [
            {
                "id": "100073639420918",
                "count": 0
            },
            {
                "id": "928752",
                "count": 0
            },
            {
                "id": "100087990794451",
                "count": 0
            },
            {
                "id": "61557868687991",
                "count": 0
            },
            {
                "id": "100084111663761",
                "count": 0
            },
            {
                "id": "707251363",
                "count": 0
            },
            {
                "id": "801695138",
                "count": 0
            },
            {
                "id": "100078259421828",
                "count": 0
            },
            {
                "id": "100009372353897",
                "count": 0
            },
            {
                "id": "1563549671",
                "count": 0
            },
            {
                "id": "100084153722727",
                "count": 0
            },
            {
                "id": "525858962",
                "count": 0
            },
            {
                "id": "1433125114",
                "count": 0
            },
            {
                "id": "100086301304557",
                "count": 0
            },
            {
                "id": "61563680424333",
                "count": 0
            },
            {
                "id": "100058254950380",
                "count": 0
            },
            {
                "id": "61575146865702",
                "count": 0
            },
            {
                "id": "100078392752170",
                "count": 0
            },
            {
                "id": "100082665360412",
                "count": 0
            },
            {
                "id": "100000895922054",
                "count": 0
            },
            {
                "id": "61550030184394",
                "count": 0
            }
        ]
    }
}