{
    "total": [
        {
            "id": "100024136442115",
            "count": 151
        },
        {
            "id": "61559705366517",
            "count": 37
        },
        {
            "id": "100070089380033",
            "count": 97
        },
        {
            "id": "100042024789903",
            "count": 20
        },
        {
            "id": "100035049247122",
            "count": 78
        },
        {
            "id": "100012232897817",
            "count": 8
        },
        {
            "id": "61564972635805",
            "count": 91
        },
        {
            "id": "100078257641893",
            "count": 42
        },
        {
            "id": "100092681521046",
            "count": 40
        },
        {
            "id": "777054368",
            "count": 11,
            "lastActive": "19:45:26 || chủ nhật"
        },
        {
            "id": "100068027687443",
            "count": 13
        },
        {
            "id": "100041284156678",
            "count": 57
        },
        {
            "id": "100080822628204",
            "count": 3
        },
        {
            "id": "100043659554768",
            "count": 23
        },
        {
            "id": "61554597608703",
            "count": 13
        },
        {
            "id": "100064932470467",
            "count": 396,
            "lastActive": "18:16:27 || thứ hai"
        },
        {
            "id": "100084320600549",
            "count": 273,
            "lastActive": "17:56:36 || thứ hai"
        },
        {
            "id": "100064689767482",
            "count": 46
        },
        {
            "id": "100062239370028",
            "count": 27
        },
        {
            "id": "100038224367233",
            "count": 7,
            "lastActive": "02:46:40 || thứ ba"
        },
        {
            "id": "61566393601413",
            "count": 253
        },
        {
            "id": "61554213342819",
            "count": 33
        },
        {
            "id": "100035367933738",
            "count": 617
        },
        {
            "id": "61581736696241",
            "count": 193
        },
        {
            "id": "100072575512862",
            "count": 11,
            "lastActive": "00:36:09 || thứ hai"
        },
        {
            "id": "100052580522111",
            "count": 4
        },
        {
            "id": "100048643193718",
            "count": 14
        },
        {
            "id": "100072722177769",
            "count": 37
        },
        {
            "id": "100073639420918",
            "count": 48
        },
        {
            "id": "61550030184394",
            "count": 216,
            "lastActive": "10:17:18 || thứ tư"
        },
        {
            "id": "61576665872505",
            "count": 313,
            "lastActive": "05:49:12 || thứ ba"
        },
        {
            "id": "100000895922054",
            "count": 175
        }
    ],
    "week": [
        {
            "id": "100024136442115",
            "count": 0,
            "name": "Chung Hoàng"
        },
        {
            "id": "61559705366517",
            "count": 0,
            "name": "Thanh Tùng"
        },
        {
            "id": "100070089380033",
            "count": 0,
            "name": "Em Bé"
        },
        {
            "id": "100042024789903",
            "count": 0,
            "name": "Đức Thắng"
        },
        {
            "id": "100035049247122",
            "count": 0,
            "name": "Nguyễn Thịnh"
        },
        {
            "id": "100012232897817",
            "count": 0,
            "name": "阮明心"
        },
        {
            "id": "61564972635805",
            "count": 0,
            "name": "Thanh Tâm"
        },
        {
            "id": "100078257641893",
            "count": 0,
            "name": "Phạm Đoàn"
        },
        {
            "id": "100092681521046",
            "count": 0,
            "name": "Nguyễn Lành"
        },
        {
            "id": "777054368",
            "count": 0,
            "name": "Lê Anh Quân",
            "lastActive": "19:45:26 || chủ nhật"
        },
        {
            "id": "100068027687443",
            "count": 0,
            "name": "Nguyễn Hữu Phước"
        },
        {
            "id": "100041284156678",
            "count": 0,
            "name": "Nguyễn Ngọc Hải"
        },
        {
            "id": "100080822628204",
            "count": 0,
            "name": "Minh Pham"
        },
        {
            "id": "100043659554768",
            "count": 0,
            "name": "Nguyễn Văn Thành An ꪜ"
        },
        {
            "id": "61554597608703",
            "count": 0,
            "name": "Kiều Nhi"
        },
        {
            "id": "100064932470467",
            "count": 6,
            "name": "Công Khánh",
            "lastActive": "18:16:27 || thứ hai"
        },
        {
            "id": "100084320600549",
            "count": 2,
            "name": "Vũ Khang",
            "lastActive": "17:56:36 || thứ hai"
        },
        {
            "id": "100064689767482",
            "count": 0,
            "name": "Mai Van Thuan"
        },
        {
            "id": "100062239370028",
            "count": 0,
            "name": "Lee Nguyen"
        },
        {
            "id": "100038224367233",
            "count": 2,
            "name": "Nguyen Minh",
            "lastActive": "02:46:40 || thứ ba"
        },
        {
            "id": "61566393601413",
            "count": 0,
            "name": "Việt Hưng"
        },
        {
            "id": "61554213342819",
            "count": 0,
            "name": "Nguyễn Thị Kim Tuyền"
        },
        {
            "id": "100035367933738",
            "count": 0,
            "name": "Ngọc Đào"
        },
        {
            "id": "61581736696241",
            "count": 0,
            "name": "Thu Hoài"
        },
        {
            "id": "100072575512862",
            "count": 4,
            "name": "Đinh Duy Quang",
            "lastActive": "00:36:09 || thứ hai"
        },
        {
            "id": "100052580522111",
            "count": 0,
            "name": "Thanh Tùng"
        },
        {
            "id": "100048643193718",
            "count": 0,
            "name": "Na Thư"
        },
        {
            "id": "100072722177769",
            "count": 0,
            "name": "Phong Duong"
        },
        {
            "id": "100073639420918",
            "count": 0,
            "name": "Ng Van Hungg 💤"
        },
        {
            "id": "61550030184394",
            "count": 17,
            "name": "️️️️️️️️️️️️️️️️️️️️️️️️️️️️️️️️️️️️️️️️️️️️️️️️️️️️️️️️️️️️️️️️️️️️️️️️️️️️️️️️️️️️️️️️️️️️️️️️️️️️️️️️️️️️️️️️️️️️️️️️️️️️️️️️️️️️️️️️️️️️️️️️️️️️️️️️️️️️️️️️️️️️️️️️️️ ",
            "lastActive": "10:17:18 || thứ tư"
        },
        {
            "id": "61576665872505",
            "count": 2,
            "name": "Nguyen Hieu Thuan",
            "lastActive": "05:49:12 || thứ ba"
        },
        {
            "id": "100000895922054",
            "count": 0,
            "name": "Ng Van Hungg 🌸"
        }
    ],
    "day": [
        {
            "id": "100024136442115",
            "count": 0,
            "name": "Chung Hoàng"
        },
        {
            "id": "61559705366517",
            "count": 0,
            "name": "Thanh Tùng"
        },
        {
            "id": "100070089380033",
            "count": 0,
            "name": "Em Bé"
        },
        {
            "id": "100042024789903",
            "count": 0,
            "name": "Đức Thắng"
        },
        {
            "id": "100035049247122",
            "count": 0,
            "name": "Nguyễn Thịnh"
        },
        {
            "id": "100012232897817",
            "count": 0,
            "name": "阮明心"
        },
        {
            "id": "61564972635805",
            "count": 0,
            "name": "Thanh Tâm"
        },
        {
            "id": "100078257641893",
            "count": 0,
            "name": "Phạm Đoàn"
        },
        {
            "id": "100092681521046",
            "count": 0,
            "name": "Nguyễn Lành"
        },
        {
            "id": "777054368",
            "count": 0,
            "name": "Lê Anh Quân",
            "lastActive": "19:45:26 || chủ nhật"
        },
        {
            "id": "100068027687443",
            "count": 0,
            "name": "Nguyễn Hữu Phước"
        },
        {
            "id": "100041284156678",
            "count": 0,
            "name": "Nguyễn Ngọc Hải"
        },
        {
            "id": "100080822628204",
            "count": 0,
            "name": "Minh Pham"
        },
        {
            "id": "100043659554768",
            "count": 0,
            "name": "Nguyễn Văn Thành An ꪜ"
        },
        {
            "id": "61554597608703",
            "count": 0,
            "name": "Kiều Nhi"
        },
        {
            "id": "100064932470467",
            "count": 0,
            "name": "Công Khánh",
            "lastActive": "18:16:27 || thứ hai"
        },
        {
            "id": "100084320600549",
            "count": 0,
            "name": "Vũ Khang",
            "lastActive": "17:56:36 || thứ hai"
        },
        {
            "id": "100064689767482",
            "count": 0,
            "name": "Mai Van Thuan"
        },
        {
            "id": "100062239370028",
            "count": 0,
            "name": "Lee Nguyen"
        },
        {
            "id": "100038224367233",
            "count": 0,
            "name": "Nguyen Minh",
            "lastActive": "02:46:40 || thứ ba"
        },
        {
            "id": "61566393601413",
            "count": 0,
            "name": "Việt Hưng"
        },
        {
            "id": "61554213342819",
            "count": 0,
            "name": "Nguyễn Thị Kim Tuyền"
        },
        {
            "id": "100035367933738",
            "count": 0,
            "name": "Ngọc Đào"
        },
        {
            "id": "61581736696241",
            "count": 0,
            "name": "Thu Hoài"
        },
        {
            "id": "100072575512862",
            "count": 0,
            "name": "Đinh Duy Quang",
            "lastActive": "00:36:09 || thứ hai"
        },
        {
            "id": "100052580522111",
            "count": 0,
            "name": "Thanh Tùng"
        },
        {
            "id": "100048643193718",
            "count": 0,
            "name": "Na Thư"
        },
        {
            "id": "100072722177769",
            "count": 0,
            "name": "Phong Duong"
        },
        {
            "id": "100073639420918",
            "count": 0,
            "name": "Ng Van Hungg 💤"
        },
        {
            "id": "61550030184394",
            "count": 4,
            "name": "️️️️️️️️️️️️️️️️️️️️️️️️️️️️️️️️️️️️️️️️️️️️️️️️️️️️️️️️️️️️️️️️️️️️️️️️️️️️️️️️️️️️️️️️️️️️️️️️️️️️️️️️️️️️️️️️️️️️️️️️️️️️️️️️️️️️️️️️️️️️️️️️️️️️️️️️️️️️️️️️️️️️️️️️️️ ",
            "lastActive": "10:17:18 || thứ tư"
        },
        {
            "id": "61576665872505",
            "count": 0,
            "name": "Nguyen Hieu Thuan",
            "lastActive": "05:49:12 || thứ ba"
        },
        {
            "id": "100000895922054",
            "count": 0,
            "name": "Ng Van Hungg 🌸"
        }
    ],
    "time": 3,
    "last": {
        "time": 2,
        "day": [
            {
                "id": "100024136442115",
                "count": 0
            },
            {
                "id": "61559705366517",
                "count": 0
            },
            {
                "id": "100070089380033",
                "count": 0
            },
            {
                "id": "100042024789903",
                "count": 0
            },
            {
                "id": "100035049247122",
                "count": 0
            },
            {
                "id": "100012232897817",
                "count": 0
            },
            {
                "id": "61564972635805",
                "count": 0
            },
            {
                "id": "100078257641893",
                "count": 0
            },
            {
                "id": "100092681521046",
                "count": 0
            },
            {
                "id": "777054368",
                "count": 0
            },
            {
                "id": "100068027687443",
                "count": 0
            },
            {
                "id": "100041284156678",
                "count": 0
            },
            {
                "id": "100080822628204",
                "count": 0
            },
            {
                "id": "100043659554768",
                "count": 0
            },
            {
                "id": "61554597608703",
                "count": 0
            },
            {
                "id": "100064932470467",
                "count": 0
            },
            {
                "id": "100084320600549",
                "count": 0
            },
            {
                "id": "100064689767482",
                "count": 0
            },
            {
                "id": "61576665872505",
                "count": 0
            },
            {
                "id": "100062239370028",
                "count": 0
            },
            {
                "id": "100038224367233",
                "count": 0
            },
            {
                "id": "61566393601413",
                "count": 0
            },
            {
                "id": "61554213342819",
                "count": 0
            },
            {
                "id": "100035367933738",
                "count": 0
            },
            {
                "id": "61581736696241",
                "count": 0
            },
            {
                "id": "100072575512862",
                "count": 0
            },
            {
                "id": "100052580522111",
                "count": 0
            },
            {
                "id": "100048643193718",
                "count": 0
            },
            {
                "id": "100072722177769",
                "count": 0
            },
            {
                "id": "100073639420918",
                "count": 0
            },
            {
                "id": "61550030184394",
                "count": 0
            },
            {
                "id": "100000895922054",
                "count": 0
            }
        ],
        "week": [
            {
                "id": "100024136442115",
                "count": 0
            },
            {
                "id": "61559705366517",
                "count": 0
            },
            {
                "id": "100070089380033",
                "count": 0
            },
            {
                "id": "100042024789903",
                "count": 0
            },
            {
                "id": "100035049247122",
                "count": 0
            },
            {
                "id": "100012232897817",
                "count": 0
            },
            {
                "id": "61564972635805",
                "count": 0
            },
            {
                "id": "100078257641893",
                "count": 0
            },
            {
                "id": "100092681521046",
                "count": 0
            },
            {
                "id": "777054368",
                "count": 0
            },
            {
                "id": "100068027687443",
                "count": 0
            },
            {
                "id": "100041284156678",
                "count": 0
            },
            {
                "id": "100080822628204",
                "count": 0
            },
            {
                "id": "100043659554768",
                "count": 0
            },
            {
                "id": "61554597608703",
                "count": 0
            },
            {
                "id": "100064932470467",
                "count": 0
            },
            {
                "id": "100084320600549",
                "count": 0
            },
            {
                "id": "100064689767482",
                "count": 0
            },
            {
                "id": "61576665872505",
                "count": 0
            },
            {
                "id": "100062239370028",
                "count": 0
            },
            {
                "id": "100038224367233",
                "count": 0
            },
            {
                "id": "61566393601413",
                "count": 0
            },
            {
                "id": "61554213342819",
                "count": 0
            },
            {
                "id": "100035367933738",
                "count": 0
            },
            {
                "id": "61581736696241",
                "count": 0
            },
            {
                "id": "100072575512862",
                "count": 0
            },
            {
                "id": "100052580522111",
                "count": 0
            },
            {
                "id": "100048643193718",
                "count": 0
            },
            {
                "id": "100072722177769",
                "count": 0
            },
            {
                "id": "100073639420918",
                "count": 0
            },
            {
                "id": "61550030184394",
                "count": 0
            },
            {
                "id": "100000895922054",
                "count": 0
            }
        ]
    }
}