{
    "total": [
        {
            "id": "100074278195157",
            "count": 1662,
            "lastActive": "02:48:20 || thứ tư"
        },
        {
            "id": "100027248830437",
            "count": 1089,
            "lastActive": "09:35:37 || thứ tư"
        },
        {
            "id": "100066838458710",
            "count": 26
        },
        {
            "id": "100057273502696",
            "count": 3
        },
        {
            "id": "100048286966787",
            "count": 12,
            "lastActive": "17:13:29 || thứ ba"
        },
        {
            "id": "100083205727767",
            "count": 39,
            "lastActive": "21:26:10 || thứ ba"
        },
        {
            "id": "100068096370437",
            "count": 1334,
            "lastActive": "12:41:37 || thứ tư"
        },
        {
            "id": "100090683697195",
            "count": 175,
            "lastActive": "10:22:35 || thứ tư"
        },
        {
            "id": "100071894952726",
            "count": 120,
            "lastActive": "23:18:51 || thứ ba"
        },
        {
            "id": "100000493975005",
            "count": 644,
            "lastActive": "02:02:30 || thứ tư"
        },
        {
            "id": "100037741424837",
            "count": 111
        },
        {
            "id": "100004236194656",
            "count": 1
        },
        {
            "id": "502275138",
            "count": 8366,
            "lastActive": "16:38:34 || thứ tư"
        },
        {
            "id": "689881635",
            "count": 47,
            "lastActive": "18:00:17 || chủ nhật"
        },
        {
            "id": "100081730332704",
            "count": 132,
            "lastActive": "21:47:18 || thứ ba"
        },
        {
            "id": "100041871021842",
            "count": 14
        },
        {
            "id": "61551624013948",
            "count": 1
        },
        {
            "id": "100014260212229",
            "count": 2162,
            "lastActive": "02:48:04 || thứ tư"
        },
        {
            "id": "100093678746818",
            "count": 26
        },
        {
            "id": "100075493308135",
            "count": 592,
            "lastActive": "14:16:33 || thứ tư"
        },
        {
            "id": "61569069606721",
            "count": 25
        },
        {
            "id": "100073639420918",
            "count": 4637,
            "lastActive": "11:29:51 || thứ tư"
        },
        {
            "id": "100018277053087",
            "count": 1252,
            "lastActive": "20:50:21 || thứ hai"
        },
        {
            "id": "61559038552323",
            "count": 150
        },
        {
            "id": "100015708247902",
            "count": 430
        },
        {
            "id": "1429451704",
            "count": 176,
            "lastActive": "12:38:30 || thứ tư"
        },
        {
            "id": "100030967444445",
            "count": 11
        },
        {
            "id": "61570806993271",
            "count": 213,
            "lastActive": "21:19:49 || thứ ba"
        },
        {
            "id": "100072439105441",
            "count": 387,
            "lastActive": "23:24:24 || chủ nhật"
        },
        {
            "id": "1331809870",
            "count": 177
        },
        {
            "id": "100040472494187",
            "count": 910,
            "lastActive": "17:33:00 || thứ ba"
        },
        {
            "id": "100047152010637",
            "count": 7
        },
        {
            "id": "61570415288447",
            "count": 2111,
            "lastActive": "15:48:49 || thứ tư"
        },
        {
            "id": "61575034471403",
            "count": 762,
            "lastActive": "19:18:25 || chủ nhật"
        },
        {
            "id": "100000009580166",
            "count": 3111,
            "lastActive": "16:38:31 || thứ tư"
        },
        {
            "id": "100086169944964",
            "count": 8
        },
        {
            "id": "100072900513635",
            "count": 447,
            "lastActive": "17:34:11 || thứ ba"
        },
        {
            "id": "100056953105174",
            "count": 160,
            "lastActive": "16:31:45 || thứ tư"
        },
        {
            "id": "61561511338645",
            "count": 0
        },
        {
            "id": "61564114700108",
            "count": 1315,
            "lastActive": "12:17:26 || thứ tư"
        },
        {
            "id": "61575838616054",
            "count": 305,
            "lastActive": "13:01:56 || thứ tư"
        },
        {
            "id": "61563899065241",
            "count": 429,
            "lastActive": "19:43:40 || thứ hai"
        },
        {
            "id": "100069864945865",
            "count": 24
        },
        {
            "id": "100085129217475",
            "count": 7
        },
        {
            "id": "100033476377058",
            "count": 816
        },
        {
            "id": "61572103130882",
            "count": 26
        },
        {
            "id": "100090010266756",
            "count": 764,
            "lastActive": "00:38:19 || thứ ba"
        },
        {
            "id": "100090458979503",
            "count": 2790,
            "lastActive": "12:17:01 || thứ tư"
        },
        {
            "id": "100000895922054",
            "count": 1237,
            "lastActive": "17:49:42 || thứ ba"
        },
        {
            "id": "61556712443542",
            "count": 128
        },
        {
            "id": "61555809030974",
            "count": 502,
            "lastActive": "20:37:49 || thứ hai"
        },
        {
            "id": "100067827494573",
            "count": 376,
            "lastActive": "10:04:23 || thứ tư"
        },
        {
            "id": "61576827791297",
            "count": 32
        },
        {
            "id": "34404613",
            "count": 38
        },
        {
            "id": "61574838873265",
            "count": 161
        },
        {
            "id": "61554620715942",
            "count": 839,
            "lastActive": "04:44:58 || thứ hai"
        },
        {
            "id": "100037140780211",
            "count": 129,
            "lastActive": "20:07:00 || chủ nhật"
        },
        {
            "id": "100060760636786",
            "count": 101
        },
        {
            "id": "61562700164208",
            "count": 450,
            "lastActive": "14:34:55 || thứ tư"
        },
        {
            "id": "100013463206585",
            "count": 8
        },
        {
            "id": "61557921916281",
            "count": 37
        },
        {
            "id": "61550030184394",
            "count": 492,
            "lastActive": "12:41:36 || thứ tư"
        },
        {
            "id": "100088805453518",
            "count": 0
        },
        {
            "id": "100081680783009",
            "count": 240
        },
        {
            "id": "1631016269",
            "count": 2104,
            "lastActive": "12:41:35 || thứ tư"
        },
        {
            "id": "100051199328905",
            "count": 0
        },
        {
            "id": "100000549203334",
            "count": 110,
            "lastActive": "09:31:04 || thứ ba"
        },
        {
            "id": "61572797786982",
            "count": 267
        },
        {
            "id": "61578201860182",
            "count": 1
        },
        {
            "id": "61574998082468",
            "count": 0
        },
        {
            "id": "61553660292735",
            "count": 0
        },
        {
            "id": "61579289000434",
            "count": 151,
            "lastActive": "17:40:53 || thứ hai"
        },
        {
            "id": "61580782596177",
            "count": 273,
            "lastActive": "12:56:02 || thứ tư"
        },
        {
            "id": "100090472284363",
            "count": 3
        },
        {
            "id": "651647356",
            "count": 76,
            "lastActive": "23:18:41 || thứ ba"
        },
        {
            "id": "100063600331393",
            "count": 531,
            "lastActive": "14:35:09 || thứ tư"
        },
        {
            "id": "100092364073953",
            "count": 63,
            "lastActive": "17:33:05 || thứ ba"
        },
        {
            "id": "61568176484099",
            "count": 58,
            "lastActive": "12:27:12 || thứ tư"
        },
        {
            "id": "61552053302073",
            "count": 83,
            "lastActive": "17:32:40 || thứ ba"
        },
        {
            "id": "100092742547112",
            "count": 172,
            "lastActive": "12:41:35 || thứ tư"
        },
        {
            "id": "61583362472917",
            "count": 8,
            "lastActive": "12:41:35 || thứ tư"
        },
        {
            "id": "100079543967576",
            "count": 375,
            "lastActive": "14:35:16 || thứ tư"
        },
        {
            "id": "61569961170839",
            "count": 0
        },
        {
            "id": "100047222953427",
            "count": 3,
            "lastActive": "22:56:48 || chủ nhật"
        },
        {
            "id": "61583420608426",
            "count": 6,
            "lastActive": "07:12:23 || thứ tư"
        }
    ],
    "week": [
        {
            "id": "100074278195157",
            "count": 10,
            "name": "Quoc Duy",
            "lastActive": "02:48:20 || thứ tư"
        },
        {
            "id": "100027248830437",
            "count": 20,
            "name": "Hoàng Nguyễn",
            "lastActive": "09:35:37 || thứ tư"
        },
        {
            "id": "100066838458710",
            "count": 2,
            "name": "Truong Tho🌷"
        },
        {
            "id": "100057273502696",
            "count": 0,
            "name": "Huy"
        },
        {
            "id": "100048286966787",
            "count": 16,
            "name": "Ng Van Chien 🧸 💤",
            "lastActive": "17:13:29 || thứ ba"
        },
        {
            "id": "100083205727767",
            "count": 12,
            "name": "Văn Tài 🧸💤 ",
            "lastActive": "21:26:10 || thứ ba"
        },
        {
            "id": "100068096370437",
            "count": 239,
            "name": "Minh Đồng",
            "lastActive": "12:41:37 || thứ tư"
        },
        {
            "id": "100090683697195",
            "count": 52,
            "name": "Nguyễn Hùng",
            "lastActive": "10:22:35 || thứ tư"
        },
        {
            "id": "100071894952726",
            "count": 8,
            "name": "Khúc Đình Hiệp",
            "lastActive": "23:18:51 || thứ ba"
        },
        {
            "id": "100000493975005",
            "count": 38,
            "name": "Nguyễn Đinh Tiến Dũng",
            "lastActive": "02:02:30 || thứ tư"
        },
        {
            "id": "100037741424837",
            "count": 0,
            "name": "Cao Chung Đạt"
        },
        {
            "id": "100004236194656",
            "count": 0,
            "name": "Sang Nguyễn"
        },
        {
            "id": "502275138",
            "count": 2317,
            "name": "Phạm Minh Đồng",
            "lastActive": "16:38:34 || thứ tư"
        },
        {
            "id": "689881635",
            "count": 2,
            "name": "Nguyen Van Toan",
            "lastActive": "18:00:17 || chủ nhật"
        },
        {
            "id": "100081730332704",
            "count": 4,
            "name": "Hoàng Quỳnh",
            "lastActive": "21:47:18 || thứ ba"
        },
        {
            "id": "100041871021842",
            "count": 0,
            "name": "Nguyễnn Trọngg🧸🫧💤"
        },
        {
            "id": "61551624013948",
            "count": 0,
            "name": "Nqọc Liynh"
        },
        {
            "id": "100014260212229",
            "count": 1525,
            "name": "Lê Thu Thủy",
            "lastActive": "02:48:04 || thứ tư"
        },
        {
            "id": "100093678746818",
            "count": 0,
            "name": "Huy Hoàng"
        },
        {
            "id": "100075493308135",
            "count": 28,
            "name": "Nguyen Lam 🐬",
            "lastActive": "14:16:33 || thứ tư"
        },
        {
            "id": "61569069606721",
            "count": 0,
            "name": "BuiCong Duc"
        },
        {
            "id": "100073639420918",
            "count": 1010,
            "name": "Ng Van Hungg 💤",
            "lastActive": "11:29:51 || thứ tư"
        },
        {
            "id": "100018277053087",
            "count": 98,
            "name": "Lương Trường Khôi",
            "lastActive": "20:50:21 || thứ hai"
        },
        {
            "id": "61559038552323",
            "count": 0,
            "name": "Vo Khoi Nguyen"
        },
        {
            "id": "100015708247902",
            "count": 0,
            "name": "Lê Tuấn Vỹ"
        },
        {
            "id": "1429451704",
            "count": 52,
            "name": "Hoàng Gia Bảo",
            "lastActive": "12:38:30 || thứ tư"
        },
        {
            "id": "100030967444445",
            "count": 0,
            "name": "Duy Khánh"
        },
        {
            "id": "61570806993271",
            "count": 16,
            "name": "Minh Thaii",
            "lastActive": "21:19:49 || thứ ba"
        },
        {
            "id": "100072439105441",
            "count": 14,
            "name": "˖Lê Chí ✧˖°",
            "lastActive": "23:24:24 || chủ nhật"
        },
        {
            "id": "1331809870",
            "count": 0,
            "name": "Nguyễn Văn Thành"
        },
        {
            "id": "100040472494187",
            "count": 177,
            "name": "Nguyễn Tuấn Ninh",
            "lastActive": "17:33:00 || thứ ba"
        },
        {
            "id": "100047152010637",
            "count": 0,
            "name": "Kiên Nguyễn 🌸✔️"
        },
        {
            "id": "61570415288447",
            "count": 4,
            "name": "Huỳnh Thuỵ Dương Trúc",
            "lastActive": "15:48:49 || thứ tư"
        },
        {
            "id": "61575034471403",
            "count": 3,
            "name": "👑  Ng Huy  🐙🧸💤",
            "lastActive": "19:18:25 || chủ nhật"
        },
        {
            "id": "100000009580166",
            "count": 304,
            "name": "Trần Văn Tân  ⚔🎮🐿🔥",
            "lastActive": "16:38:31 || thứ tư"
        },
        {
            "id": "100086169944964",
            "count": 0,
            "name": "Huy Công"
        },
        {
            "id": "100072900513635",
            "count": 104,
            "name": "Huy Hoàng",
            "lastActive": "17:34:11 || thứ ba"
        },
        {
            "id": "100056953105174",
            "count": 50,
            "name": "𝙃𝙪𝙮𝙣𝙝 𝙏𝙝𝙪𝙮 𝘿𝙪𝙤𝙣𝙜 𝙏𝙧𝙪𝙘 :(",
            "lastActive": "16:31:45 || thứ tư"
        },
        {
            "id": "61561511338645",
            "count": 0,
            "name": "Lửa Nguyễn Hoàng"
        },
        {
            "id": "61564114700108",
            "count": 157,
            "name": "Gia Long 🪐",
            "lastActive": "12:17:26 || thứ tư"
        },
        {
            "id": "61575838616054",
            "count": 42,
            "name": "Lê Văn Hoàng",
            "lastActive": "13:01:56 || thứ tư"
        },
        {
            "id": "61563899065241",
            "count": 13,
            "name": "Sói Băng",
            "lastActive": "19:43:40 || thứ hai"
        },
        {
            "id": "100069864945865",
            "count": 0,
            "name": "Đặng Văn Lịnh"
        },
        {
            "id": "100085129217475",
            "count": 0,
            "name": "Thành Trung"
        },
        {
            "id": "100033476377058",
            "count": 3,
            "name": "Đặng Ngọc Thắng"
        },
        {
            "id": "61572103130882",
            "count": 0,
            "name": "Nguyễn Thỏ Kim"
        },
        {
            "id": "100090010266756",
            "count": 80,
            "name": "Ngô Nguyễn Minh Trí",
            "lastActive": "00:38:19 || thứ ba"
        },
        {
            "id": "100090458979503",
            "count": 42,
            "name": "🌸🎧💙👾 Tuan Khanh 🎶🌙✨💤",
            "lastActive": "12:17:01 || thứ tư"
        },
        {
            "id": "100000895922054",
            "count": 8,
            "name": "Ng Van Hungg 🌸",
            "lastActive": "17:49:42 || thứ ba"
        },
        {
            "id": "61556712443542",
            "count": 0,
            "name": "Khánh Ly"
        },
        {
            "id": "61555809030974",
            "count": 24,
            "name": "Hoàng Quyết Tiến",
            "lastActive": "20:37:49 || thứ hai"
        },
        {
            "id": "100067827494573",
            "count": 2,
            "name": "Minh Truong",
            "lastActive": "10:04:23 || thứ tư"
        },
        {
            "id": "61576827791297",
            "count": 0,
            "name": "Uyên Lê"
        },
        {
            "id": "34404613",
            "count": 0,
            "name": "Nguyễn Công Vũ"
        },
        {
            "id": "61574838873265",
            "count": 0,
            "name": "teddy 🐻🧸 🚬"
        },
        {
            "id": "61554620715942",
            "count": 36,
            "name": "Dang Danh",
            "lastActive": "04:44:58 || thứ hai"
        },
        {
            "id": "100037140780211",
            "count": 3,
            "name": "𝔻𝕠 𝔸𝕟𝕙 𝔻𝕦𝕪 :) ②⓪⓪⑤",
            "lastActive": "20:07:00 || chủ nhật"
        },
        {
            "id": "100060760636786",
            "count": 0,
            "name": "Hậu Nguyen"
        },
        {
            "id": "61562700164208",
            "count": 76,
            "name": "Shí Kalz",
            "lastActive": "14:34:55 || thứ tư"
        },
        {
            "id": "100013463206585",
            "count": 0,
            "name": "️️️️️️️️️️️️️️️️️️️️️️️️️️️️️️️️️️️️️️️️️️️️️️️️️️️️️️️️️️️️️️️️️️️️️️️️️️️️️️️️️️️️️️️️️️️️️️️️️️️️️️️️️️️️️️️️️️️️️️️️️️️️️️️️️️️️️️️️️️️️️️️️️️️️️️️️️️️️️️️️️️️️️️️️️️"
        },
        {
            "id": "61557921916281",
            "count": 0,
            "name": "Cu Bin"
        },
        {
            "id": "61550030184394",
            "count": 306,
            "name": "️️️️️️️️️️️️️️️️️️️️️️️️️️️️️️️️️️️️️️️️️️️️️️️️️️️️️️️️️️️️️️️️️️️️️️️️️️️️️️️️️️️️️️️️️️️️️️️️️️️️️️️️️️️️️️️️️️️️️️️️️️️️️️️️️️️️️️️️️️️️️️️️️️️️️️️️️️️️️️️️️️️️️️️️️️ ",
            "lastActive": "12:41:36 || thứ tư"
        },
        {
            "id": "100088805453518",
            "count": 0,
            "name": "Vu Linh"
        },
        {
            "id": "100081680783009",
            "count": 0,
            "name": "Lê Văn An"
        },
        {
            "id": "1631016269",
            "count": 4,
            "name": "Phạm Minh Đồng",
            "lastActive": "12:41:35 || thứ tư"
        },
        {
            "id": "100051199328905",
            "count": 0,
            "name": "Thế Ngọc"
        },
        {
            "id": "100000549203334",
            "count": 22,
            "name": "Ngô Mai Nguyên Dương",
            "lastActive": "09:31:04 || thứ ba"
        },
        {
            "id": "61572797786982",
            "count": 0,
            "name": "Ghét Cá"
        },
        {
            "id": "61578201860182",
            "count": 0,
            "name": "Đặng Đức"
        },
        {
            "id": "61574998082468",
            "count": 0,
            "name": "Nguyễn Văn Trung 🧸❤️‍🩹"
        },
        {
            "id": "61553660292735",
            "count": 0,
            "name": "رۦرۦرۦرۦرۦ رۦرۦرۦرۦر رۦرۦرۦرۦرۦ رۦرۦرۦرۦر"
        },
        {
            "id": "61579289000434",
            "count": 8,
            "name": "Thanh Loc",
            "lastActive": "17:40:53 || thứ hai"
        },
        {
            "id": "61580782596177",
            "count": 77,
            "name": "Le Ngoc Duy",
            "lastActive": "12:56:02 || thứ tư"
        },
        {
            "id": "100090472284363",
            "count": 0,
            "name": "Minh Thaii"
        },
        {
            "id": "651647356",
            "count": 22,
            "name": "Nguyễn Thanh Tuấn",
            "lastActive": "23:18:41 || thứ ba"
        },
        {
            "id": "100063600331393",
            "count": 631,
            "lastActive": "14:35:09 || thứ tư",
            "name": "Thanh Loc"
        },
        {
            "id": "100092364073953",
            "count": 10,
            "lastActive": "17:33:05 || thứ ba",
            "name": "️️️️️️️️️️️️️️️️️️️️️️️️️️️️️️️️️️️️️️️️️️️️️️️️️️️️️️️️️️️️️️️️️️️️️️️️️️️️️️️️️️️️️️️️️️️️️️️️️️️️️️️️️️️️️️️️️️️️️️️️️️️️️️️️️️️️️️️️️️️️️️️️️️️️️️️️️️️️️️️️️️️️️️️️️️"
        },
        {
            "id": "61568176484099",
            "count": 52,
            "name": "Nguyễn Việt Hoàng",
            "lastActive": "12:27:12 || thứ tư"
        },
        {
            "id": "61552053302073",
            "count": 20,
            "lastActive": "17:32:40 || thứ ba",
            "name": "Nguyễn Đăng Khoa"
        },
        {
            "id": "100092742547112",
            "count": 176,
            "lastActive": "12:41:35 || thứ tư",
            "name": "Nguyễn Ngọc Tiến"
        },
        {
            "id": "61583362472917",
            "count": 10,
            "name": "Dang Khoa Bot",
            "lastActive": "12:41:35 || thứ tư"
        },
        {
            "id": "100079543967576",
            "count": 323,
            "lastActive": "14:35:16 || thứ tư",
            "name": "Le Ngoc Duy"
        },
        {
            "id": "61569961170839",
            "count": 0,
            "name": "Quan Minh"
        },
        {
            "id": "100047222953427",
            "count": 3,
            "lastActive": "22:56:48 || chủ nhật",
            "name": "Nhật Duy"
        },
        {
            "id": "61583420608426",
            "count": 6,
            "lastActive": "07:12:23 || thứ tư"
        }
    ],
    "day": [
        {
            "id": "100074278195157",
            "count": 2,
            "lastActive": "02:48:20 || thứ tư"
        },
        {
            "id": "100027248830437",
            "count": 2,
            "lastActive": "09:35:37 || thứ tư"
        },
        {
            "id": "100066838458710",
            "count": 0
        },
        {
            "id": "100057273502696",
            "count": 0
        },
        {
            "id": "100048286966787",
            "count": 0
        },
        {
            "id": "100083205727767",
            "count": 0
        },
        {
            "id": "100068096370437",
            "count": 14,
            "lastActive": "12:41:37 || thứ tư"
        },
        {
            "id": "100090683697195",
            "count": 8,
            "lastActive": "10:22:35 || thứ tư"
        },
        {
            "id": "100071894952726",
            "count": 0
        },
        {
            "id": "100000493975005",
            "count": 2,
            "lastActive": "02:02:30 || thứ tư"
        },
        {
            "id": "100037741424837",
            "count": 0
        },
        {
            "id": "100004236194656",
            "count": 0
        },
        {
            "id": "502275138",
            "count": 160,
            "lastActive": "16:38:34 || thứ tư"
        },
        {
            "id": "689881635",
            "count": 0
        },
        {
            "id": "100081730332704",
            "count": 0
        },
        {
            "id": "100041871021842",
            "count": 0
        },
        {
            "id": "61551624013948",
            "count": 0
        },
        {
            "id": "100014260212229",
            "count": 52,
            "lastActive": "02:48:04 || thứ tư"
        },
        {
            "id": "100093678746818",
            "count": 0
        },
        {
            "id": "100075493308135",
            "count": 14,
            "lastActive": "14:16:33 || thứ tư"
        },
        {
            "id": "61569069606721",
            "count": 0
        },
        {
            "id": "100073639420918",
            "count": 18,
            "lastActive": "11:29:51 || thứ tư"
        },
        {
            "id": "100018277053087",
            "count": 0
        },
        {
            "id": "61559038552323",
            "count": 0
        },
        {
            "id": "100015708247902",
            "count": 0
        },
        {
            "id": "1429451704",
            "count": 6,
            "lastActive": "12:38:30 || thứ tư"
        },
        {
            "id": "100030967444445",
            "count": 0
        },
        {
            "id": "61570806993271",
            "count": 0
        },
        {
            "id": "100072439105441",
            "count": 0
        },
        {
            "id": "1331809870",
            "count": 0
        },
        {
            "id": "100040472494187",
            "count": 0
        },
        {
            "id": "100047152010637",
            "count": 0
        },
        {
            "id": "61570415288447",
            "count": 4,
            "lastActive": "15:48:49 || thứ tư"
        },
        {
            "id": "61575034471403",
            "count": 0
        },
        {
            "id": "100000009580166",
            "count": 54,
            "lastActive": "16:38:31 || thứ tư"
        },
        {
            "id": "100086169944964",
            "count": 0
        },
        {
            "id": "100072900513635",
            "count": 0
        },
        {
            "id": "100056953105174",
            "count": 24,
            "lastActive": "16:31:45 || thứ tư"
        },
        {
            "id": "61561511338645",
            "count": 0
        },
        {
            "id": "61564114700108",
            "count": 10,
            "lastActive": "12:17:26 || thứ tư"
        },
        {
            "id": "61575838616054",
            "count": 2,
            "lastActive": "13:01:56 || thứ tư"
        },
        {
            "id": "61563899065241",
            "count": 0
        },
        {
            "id": "100069864945865",
            "count": 0
        },
        {
            "id": "100085129217475",
            "count": 0
        },
        {
            "id": "100033476377058",
            "count": 0
        },
        {
            "id": "61572103130882",
            "count": 0
        },
        {
            "id": "100090010266756",
            "count": 0
        },
        {
            "id": "100090458979503",
            "count": 6,
            "lastActive": "12:17:01 || thứ tư"
        },
        {
            "id": "100000895922054",
            "count": 0
        },
        {
            "id": "61556712443542",
            "count": 0
        },
        {
            "id": "61555809030974",
            "count": 0
        },
        {
            "id": "100067827494573",
            "count": 2,
            "lastActive": "10:04:23 || thứ tư"
        },
        {
            "id": "61576827791297",
            "count": 0
        },
        {
            "id": "34404613",
            "count": 0
        },
        {
            "id": "61574838873265",
            "count": 0
        },
        {
            "id": "61554620715942",
            "count": 0
        },
        {
            "id": "100037140780211",
            "count": 0
        },
        {
            "id": "100060760636786",
            "count": 0
        },
        {
            "id": "61562700164208",
            "count": 14,
            "lastActive": "14:34:55 || thứ tư"
        },
        {
            "id": "100013463206585",
            "count": 0
        },
        {
            "id": "61557921916281",
            "count": 0
        },
        {
            "id": "61550030184394",
            "count": 10,
            "lastActive": "12:41:36 || thứ tư"
        },
        {
            "id": "100088805453518",
            "count": 0
        },
        {
            "id": "100081680783009",
            "count": 0
        },
        {
            "id": "1631016269",
            "count": 4,
            "lastActive": "12:41:35 || thứ tư"
        },
        {
            "id": "100051199328905",
            "count": 0
        },
        {
            "id": "100000549203334",
            "count": 0
        },
        {
            "id": "61572797786982",
            "count": 0
        },
        {
            "id": "61578201860182",
            "count": 0
        },
        {
            "id": "61574998082468",
            "count": 0
        },
        {
            "id": "61553660292735",
            "count": 0
        },
        {
            "id": "61579289000434",
            "count": 0
        },
        {
            "id": "61580782596177",
            "count": 54,
            "lastActive": "12:56:02 || thứ tư"
        },
        {
            "id": "100090472284363",
            "count": 0
        },
        {
            "id": "651647356",
            "count": 0
        },
        {
            "id": "100063600331393",
            "count": 72,
            "lastActive": "14:35:09 || thứ tư"
        },
        {
            "id": "100092364073953",
            "count": 0
        },
        {
            "id": "61568176484099",
            "count": 16,
            "lastActive": "12:27:12 || thứ tư"
        },
        {
            "id": "61552053302073",
            "count": 0
        },
        {
            "id": "100092742547112",
            "count": 6,
            "lastActive": "12:41:35 || thứ tư"
        },
        {
            "id": "61583362472917",
            "count": 6,
            "lastActive": "12:41:35 || thứ tư"
        },
        {
            "id": "100079543967576",
            "count": 100,
            "lastActive": "14:35:16 || thứ tư"
        },
        {
            "id": "61569961170839",
            "count": 0
        },
        {
            "id": "100047222953427",
            "count": 0
        },
        {
            "id": "61583420608426",
            "count": 6,
            "lastActive": "07:12:23 || thứ tư"
        }
    ],
    "time": 3,
    "last": {
        "time": 2,
        "day": [
            {
                "id": "100074278195157",
                "count": 4
            },
            {
                "id": "100027248830437",
                "count": 15
            },
            {
                "id": "100066838458710",
                "count": 2
            },
            {
                "id": "100057273502696",
                "count": 0
            },
            {
                "id": "100048286966787",
                "count": 8
            },
            {
                "id": "100083205727767",
                "count": 6
            },
            {
                "id": "100068096370437",
                "count": 126
            },
            {
                "id": "100090683697195",
                "count": 22
            },
            {
                "id": "100071894952726",
                "count": 4
            },
            {
                "id": "100000493975005",
                "count": 18
            },
            {
                "id": "100037741424837",
                "count": 0
            },
            {
                "id": "100004236194656",
                "count": 0
            },
            {
                "id": "502275138",
                "count": 1151
            },
            {
                "id": "689881635",
                "count": 2
            },
            {
                "id": "100081730332704",
                "count": 2
            },
            {
                "id": "100041871021842",
                "count": 0
            },
            {
                "id": "61551624013948",
                "count": 0
            },
            {
                "id": "100014260212229",
                "count": 775
            },
            {
                "id": "100093678746818",
                "count": 0
            },
            {
                "id": "100075493308135",
                "count": 10
            },
            {
                "id": "61569069606721",
                "count": 0
            },
            {
                "id": "100073639420918",
                "count": 552
            },
            {
                "id": "100018277053087",
                "count": 54
            },
            {
                "id": "61559038552323",
                "count": 0
            },
            {
                "id": "100015708247902",
                "count": 0
            },
            {
                "id": "1429451704",
                "count": 28
            },
            {
                "id": "100030967444445",
                "count": 0
            },
            {
                "id": "61570806993271",
                "count": 14
            },
            {
                "id": "100072439105441",
                "count": 14
            },
            {
                "id": "1331809870",
                "count": 0
            },
            {
                "id": "100040472494187",
                "count": 133
            },
            {
                "id": "100047152010637",
                "count": 0
            },
            {
                "id": "61570415288447",
                "count": 0
            },
            {
                "id": "61575034471403",
                "count": 3
            },
            {
                "id": "100000009580166",
                "count": 136
            },
            {
                "id": "100086169944964",
                "count": 0
            },
            {
                "id": "100072900513635",
                "count": 54
            },
            {
                "id": "100056953105174",
                "count": 16
            },
            {
                "id": "61561511338645",
                "count": 0
            },
            {
                "id": "61564114700108",
                "count": 79
            },
            {
                "id": "61575838616054",
                "count": 26
            },
            {
                "id": "61563899065241",
                "count": 9
            },
            {
                "id": "100069864945865",
                "count": 0
            },
            {
                "id": "100085129217475",
                "count": 0
            },
            {
                "id": "100033476377058",
                "count": 3
            },
            {
                "id": "61572103130882",
                "count": 0
            },
            {
                "id": "100090010266756",
                "count": 40
            },
            {
                "id": "100090458979503",
                "count": 26
            },
            {
                "id": "100000895922054",
                "count": 4
            },
            {
                "id": "61556712443542",
                "count": 0
            },
            {
                "id": "61555809030974",
                "count": 12
            },
            {
                "id": "100067827494573",
                "count": 0
            },
            {
                "id": "61576827791297",
                "count": 0
            },
            {
                "id": "34404613",
                "count": 0
            },
            {
                "id": "61574838873265",
                "count": 0
            },
            {
                "id": "61554620715942",
                "count": 18
            },
            {
                "id": "100037140780211",
                "count": 3
            },
            {
                "id": "100060760636786",
                "count": 0
            },
            {
                "id": "61562700164208",
                "count": 36
            },
            {
                "id": "100013463206585",
                "count": 0
            },
            {
                "id": "61557921916281",
                "count": 0
            },
            {
                "id": "61550030184394",
                "count": 154
            },
            {
                "id": "100088805453518",
                "count": 0
            },
            {
                "id": "100081680783009",
                "count": 0
            },
            {
                "id": "1631016269",
                "count": 0
            },
            {
                "id": "100051199328905",
                "count": 0
            },
            {
                "id": "100000549203334",
                "count": 12
            },
            {
                "id": "61572797786982",
                "count": 0
            },
            {
                "id": "61578201860182",
                "count": 0
            },
            {
                "id": "61574998082468",
                "count": 0
            },
            {
                "id": "61553660292735",
                "count": 0
            },
            {
                "id": "61579289000434",
                "count": 4
            },
            {
                "id": "61580782596177",
                "count": 16
            },
            {
                "id": "100090472284363",
                "count": 0
            },
            {
                "id": "651647356",
                "count": 18
            },
            {
                "id": "100063600331393",
                "count": 285
            },
            {
                "id": "100092364073953",
                "count": 6
            },
            {
                "id": "61568176484099",
                "count": 18
            },
            {
                "id": "61552053302073",
                "count": 14
            },
            {
                "id": "100092742547112",
                "count": 96
            },
            {
                "id": "61583362472917",
                "count": 2
            },
            {
                "id": "100079543967576",
                "count": 119
            },
            {
                "id": "61569961170839",
                "count": 0
            },
            {
                "id": "100047222953427",
                "count": 3
            },
            {
                "id": "61583420608426",
                "count": 0
            }
        ],
        "week": [
            {
                "id": "100074278195157",
                "count": 4
            },
            {
                "id": "100027248830437",
                "count": 3
            },
            {
                "id": "100066838458710",
                "count": 0
            },
            {
                "id": "100057273502696",
                "count": 0
            },
            {
                "id": "100048286966787",
                "count": 8
            },
            {
                "id": "100083205727767",
                "count": 6
            },
            {
                "id": "100068096370437",
                "count": 99
            },
            {
                "id": "100090683697195",
                "count": 22
            },
            {
                "id": "100071894952726",
                "count": 4
            },
            {
                "id": "100000493975005",
                "count": 18
            },
            {
                "id": "100037741424837",
                "count": 0
            },
            {
                "id": "100004236194656",
                "count": 0
            },
            {
                "id": "502275138",
                "count": 1006
            },
            {
                "id": "689881635",
                "count": 0
            },
            {
                "id": "100081730332704",
                "count": 2
            },
            {
                "id": "100041871021842",
                "count": 0
            },
            {
                "id": "61551624013948",
                "count": 0
            },
            {
                "id": "100014260212229",
                "count": 698
            },
            {
                "id": "100093678746818",
                "count": 0
            },
            {
                "id": "100075493308135",
                "count": 4
            },
            {
                "id": "61569069606721",
                "count": 0
            },
            {
                "id": "100073639420918",
                "count": 440
            },
            {
                "id": "100018277053087",
                "count": 44
            },
            {
                "id": "61559038552323",
                "count": 0
            },
            {
                "id": "100015708247902",
                "count": 0
            },
            {
                "id": "1429451704",
                "count": 18
            },
            {
                "id": "100030967444445",
                "count": 0
            },
            {
                "id": "61570806993271",
                "count": 2
            },
            {
                "id": "100072439105441",
                "count": 0
            },
            {
                "id": "1331809870",
                "count": 0
            },
            {
                "id": "100040472494187",
                "count": 44
            },
            {
                "id": "100047152010637",
                "count": 0
            },
            {
                "id": "61570415288447",
                "count": 0
            },
            {
                "id": "61575034471403",
                "count": 0
            },
            {
                "id": "100000009580166",
                "count": 114
            },
            {
                "id": "100086169944964",
                "count": 0
            },
            {
                "id": "100072900513635",
                "count": 50
            },
            {
                "id": "100056953105174",
                "count": 10
            },
            {
                "id": "61561511338645",
                "count": 0
            },
            {
                "id": "61564114700108",
                "count": 68
            },
            {
                "id": "61575838616054",
                "count": 14
            },
            {
                "id": "61563899065241",
                "count": 4
            },
            {
                "id": "100069864945865",
                "count": 0
            },
            {
                "id": "100085129217475",
                "count": 0
            },
            {
                "id": "100033476377058",
                "count": 0
            },
            {
                "id": "61572103130882",
                "count": 0
            },
            {
                "id": "100090010266756",
                "count": 40
            },
            {
                "id": "100090458979503",
                "count": 10
            },
            {
                "id": "100000895922054",
                "count": 4
            },
            {
                "id": "61556712443542",
                "count": 0
            },
            {
                "id": "61555809030974",
                "count": 12
            },
            {
                "id": "100067827494573",
                "count": 0
            },
            {
                "id": "61576827791297",
                "count": 0
            },
            {
                "id": "34404613",
                "count": 0
            },
            {
                "id": "61574838873265",
                "count": 0
            },
            {
                "id": "61554620715942",
                "count": 18
            },
            {
                "id": "100037140780211",
                "count": 0
            },
            {
                "id": "100060760636786",
                "count": 0
            },
            {
                "id": "61562700164208",
                "count": 26
            },
            {
                "id": "100013463206585",
                "count": 0
            },
            {
                "id": "61557921916281",
                "count": 0
            },
            {
                "id": "61550030184394",
                "count": 142
            },
            {
                "id": "100088805453518",
                "count": 0
            },
            {
                "id": "100081680783009",
                "count": 0
            },
            {
                "id": "1631016269",
                "count": 0
            },
            {
                "id": "100051199328905",
                "count": 0
            },
            {
                "id": "100000549203334",
                "count": 10
            },
            {
                "id": "61572797786982",
                "count": 0
            },
            {
                "id": "61578201860182",
                "count": 0
            },
            {
                "id": "61574998082468",
                "count": 0
            },
            {
                "id": "61553660292735",
                "count": 0
            },
            {
                "id": "61579289000434",
                "count": 4
            },
            {
                "id": "61580782596177",
                "count": 7
            },
            {
                "id": "100090472284363",
                "count": 0
            },
            {
                "id": "651647356",
                "count": 4
            },
            {
                "id": "100063600331393",
                "count": 274
            },
            {
                "id": "100092364073953",
                "count": 4
            },
            {
                "id": "61568176484099",
                "count": 18
            },
            {
                "id": "61552053302073",
                "count": 6
            },
            {
                "id": "100092742547112",
                "count": 72
            },
            {
                "id": "61583362472917",
                "count": 2
            },
            {
                "id": "100079543967576",
                "count": 104
            },
            {
                "id": "61569961170839",
                "count": 0
            },
            {
                "id": "100047222953427",
                "count": 0
            },
            {
                "id": "61583420608426",
                "count": 0
            }
        ]
    }
}