{
    "total": [
        {
            "id": "100055066755568",
            "count": 8136,
            "lastActive": "11:42:41 || thứ tư"
        },
        {
            "id": "100005424966040",
            "count": 1986,
            "lastActive": "16:48:03 || thứ tư"
        },
        {
            "id": "100005703785397",
            "count": 247,
            "lastActive": "10:30:12 || thứ ba"
        },
        {
            "id": "100073639420918",
            "count": 94
        },
        {
            "id": "61550030184394",
            "count": 73,
            "lastActive": "10:17:18 || thứ tư"
        },
        {
            "id": "100000895922054",
            "count": 259
        },
        {
            "id": "100011124368451",
            "count": 1612,
            "lastActive": "13:01:40 || thứ tư"
        },
        {
            "id": "100090452898628",
            "count": 6243,
            "lastActive": "16:48:15 || thứ tư"
        },
        {
            "id": "61582356713887",
            "count": 4
        },
        {
            "id": "100045028929536",
            "count": 662,
            "lastActive": "17:06:25 || thứ ba"
        },
        {
            "id": "61565673840807",
            "count": 333
        },
        {
            "id": "100094726443034",
            "count": 486
        },
        {
            "id": "100092655575233",
            "count": 791
        },
        {
            "id": "100094188560738",
            "count": 268,
            "lastActive": "11:42:03 || thứ tư"
        },
        {
            "id": "100007946135097",
            "count": 348,
            "lastActive": "06:08:56 || thứ tư"
        },
        {
            "id": "100092357755191",
            "count": 490
        },
        {
            "id": "100014007999630",
            "count": 106,
            "lastActive": "20:28:01 || thứ hai"
        }
    ],
    "week": [
        {
            "id": "100055066755568",
            "count": 24,
            "name": "Nguyễn Văn Chiến",
            "lastActive": "11:42:41 || thứ tư"
        },
        {
            "id": "100005424966040",
            "count": 70,
            "name": "Hóa's Hào's Hoa's",
            "lastActive": "16:48:03 || thứ tư"
        },
        {
            "id": "100005703785397",
            "count": 18,
            "name": "Toàn Nguyễn",
            "lastActive": "10:30:12 || thứ ba"
        },
        {
            "id": "100073639420918",
            "count": 0,
            "name": "Ng Van Hungg 💤"
        },
        {
            "id": "61550030184394",
            "count": 6,
            "name": "️️️️️️️️️️️️️️️️️️️️️️️️️️️️️️️️️️️️️️️️️️️️️️️️️️️️️️️️️️️️️️️️️️️️️️️️️️️️️️️️️️️️️️️️️️️️️️️️️️️️️️️️️️️️️️️️️️️️️️️️️️️️️️️️️️️️️️️️️️️️️️️️️️️️️️️️️️️️️️️️️️️️️️️️️️ ",
            "lastActive": "10:17:18 || thứ tư"
        },
        {
            "id": "100000895922054",
            "count": 0,
            "name": "Ng Van Hungg 🌸"
        },
        {
            "id": "100011124368451",
            "count": 40,
            "name": "Nguyễn Quang Trung",
            "lastActive": "13:01:40 || thứ tư"
        },
        {
            "id": "100090452898628",
            "count": 76,
            "name": "Nguyễn Cảnh Quang",
            "lastActive": "16:48:15 || thứ tư"
        },
        {
            "id": "61582356713887",
            "count": 0,
            "name": "Người dùng Facebook"
        },
        {
            "id": "100045028929536",
            "count": 4,
            "name": "Nguyen Hoai Thuong",
            "lastActive": "17:06:25 || thứ ba"
        },
        {
            "id": "61565673840807",
            "count": 0,
            "name": "Sinh Lâm Vũ"
        },
        {
            "id": "100094726443034",
            "count": 0,
            "name": "Na Hi"
        },
        {
            "id": "100092655575233",
            "count": 0,
            "name": "Trường Thi"
        },
        {
            "id": "100094188560738",
            "count": 10,
            "name": "Tú Vũ",
            "lastActive": "11:42:03 || thứ tư"
        },
        {
            "id": "100007946135097",
            "count": 18,
            "name": "Huỳnh Như",
            "lastActive": "06:08:56 || thứ tư"
        },
        {
            "id": "100092357755191",
            "count": 0,
            "name": "Nấm Nhỏ"
        },
        {
            "id": "100014007999630",
            "count": 2,
            "name": "Thương Huế",
            "lastActive": "20:28:01 || thứ hai"
        }
    ],
    "day": [
        {
            "id": "100055066755568",
            "count": 24,
            "name": "Nguyễn Văn Chiến",
            "lastActive": "11:42:41 || thứ tư"
        },
        {
            "id": "100005424966040",
            "count": 50,
            "name": "Hóa's Hào's Hoa's",
            "lastActive": "16:48:03 || thứ tư"
        },
        {
            "id": "100005703785397",
            "count": 0,
            "name": "Toàn Nguyễn",
            "lastActive": "10:30:12 || thứ ba"
        },
        {
            "id": "100073639420918",
            "count": 0,
            "name": "Ng Van Hungg 💤"
        },
        {
            "id": "61550030184394",
            "count": 4,
            "name": "️️️️️️️️️️️️️️️️️️️️️️️️️️️️️️️️️️️️️️️️️️️️️️️️️️️️️️️️️️️️️️️️️️️️️️️️️️️️️️️️️️️️️️️️️️️️️️️️️️️️️️️️️️️️️️️️️️️️️️️️️️️️️️️️️️️️️️️️️️️️️️️️️️️️️️️️️️️️️️️️️️️️️️️️️️ ",
            "lastActive": "10:17:18 || thứ tư"
        },
        {
            "id": "100000895922054",
            "count": 0,
            "name": "Ng Van Hungg 🌸"
        },
        {
            "id": "100011124368451",
            "count": 4,
            "name": "Nguyễn Quang Trung",
            "lastActive": "13:01:40 || thứ tư"
        },
        {
            "id": "100090452898628",
            "count": 26,
            "name": "Nguyễn Cảnh Quang",
            "lastActive": "16:48:15 || thứ tư"
        },
        {
            "id": "61582356713887",
            "count": 0,
            "name": "Người dùng Facebook"
        },
        {
            "id": "100045028929536",
            "count": 0,
            "name": "Nguyen Hoai Thuong",
            "lastActive": "17:06:25 || thứ ba"
        },
        {
            "id": "61565673840807",
            "count": 0,
            "name": "Sinh Lâm Vũ"
        },
        {
            "id": "100094726443034",
            "count": 0,
            "name": "Na Hi"
        },
        {
            "id": "100092655575233",
            "count": 0,
            "name": "Trường Thi"
        },
        {
            "id": "100094188560738",
            "count": 10,
            "name": "Tú Vũ",
            "lastActive": "11:42:03 || thứ tư"
        },
        {
            "id": "100007946135097",
            "count": 4,
            "name": "Huỳnh Như",
            "lastActive": "06:08:56 || thứ tư"
        },
        {
            "id": "100092357755191",
            "count": 0,
            "name": "Nấm Nhỏ"
        },
        {
            "id": "100014007999630",
            "count": 0,
            "name": "Thương Huế",
            "lastActive": "20:28:01 || thứ hai"
        }
    ],
    "time": 3,
    "last": {
        "time": 1,
        "day": [
            {
                "id": "100055066755568",
                "count": 0
            },
            {
                "id": "100005424966040",
                "count": 0
            },
            {
                "id": "100011124368451",
                "count": 0
            },
            {
                "id": "100005703785397",
                "count": 0
            },
            {
                "id": "100073639420918",
                "count": 0
            },
            {
                "id": "100000895922054",
                "count": 0
            },
            {
                "id": "61550030184394",
                "count": 0
            },
            {
                "id": "100090452898628",
                "count": 0
            },
            {
                "id": "100092655575233",
                "count": 0
            },
            {
                "id": "61582356713887",
                "count": 0
            },
            {
                "id": "100045028929536",
                "count": 0
            },
            {
                "id": "61565673840807",
                "count": 0
            },
            {
                "id": "100094726443034",
                "count": 0
            },
            {
                "id": "100094188560738",
                "count": 0
            },
            {
                "id": "100007946135097",
                "count": 0
            },
            {
                "id": "100092357755191",
                "count": 0
            },
            {
                "id": "100014007999630",
                "count": 0
            }
        ],
        "week": [
            {
                "id": "100055066755568",
                "count": 0
            },
            {
                "id": "100005424966040",
                "count": 0
            },
            {
                "id": "100011124368451",
                "count": 0
            },
            {
                "id": "100005703785397",
                "count": 0
            },
            {
                "id": "100073639420918",
                "count": 0
            },
            {
                "id": "100000895922054",
                "count": 0
            },
            {
                "id": "61550030184394",
                "count": 0
            },
            {
                "id": "100090452898628",
                "count": 0
            },
            {
                "id": "100092655575233",
                "count": 0
            },
            {
                "id": "61582356713887",
                "count": 0
            },
            {
                "id": "100045028929536",
                "count": 0
            },
            {
                "id": "61565673840807",
                "count": 0
            },
            {
                "id": "100094726443034",
                "count": 0
            },
            {
                "id": "100094188560738",
                "count": 0
            },
            {
                "id": "100007946135097",
                "count": 0
            },
            {
                "id": "100092357755191",
                "count": 0
            },
            {
                "id": "100014007999630",
                "count": 0
            }
        ]
    }
}