{
    "total": [
        {
            "id": "61550030184394",
            "count": 4,
            "lastActive": "00:46:01 || thứ ba"
        },
        {
            "id": "100079543967576",
            "count": 0
        }
    ],
    "week": [
        {
            "id": "61550030184394",
            "count": 4,
            "lastActive": "00:46:01 || thứ ba"
        },
        {
            "id": "100079543967576",
            "count": 0
        }
    ],
    "day": [
        {
            "id": "61550030184394",
            "count": 0,
            "lastActive": "00:46:01 || thứ ba"
        },
        {
            "id": "100079543967576",
            "count": 0
        }
    ],
    "time": 3,
    "last": {
        "time": 2,
        "day": [
            {
                "id": "61550030184394",
                "count": 0
            },
            {
                "id": "100079543967576",
                "count": 0
            }
        ],
        "week": [
            {
                "id": "61550030184394",
                "count": 0
            },
            {
                "id": "100079543967576",
                "count": 0
            }
        ]
    }
}