{
    "total": [
        {
            "id": "61565853341482",
            "count": 0
        },
        {
            "id": "61574857936692",
            "count": 87
        },
        {
            "id": "61564114700108",
            "count": 184
        },
        {
            "id": "61575203132001",
            "count": 20
        },
        {
            "id": "61555831794379",
            "count": 4
        },
        {
            "id": "100073639420918",
            "count": 114
        },
        {
            "id": "100000895922054",
            "count": 80
        }
    ],
    "week": [
        {
            "id": "61565853341482",
            "count": 0,
            "name": "𝑶𝒃𝒊𝒕𝒐 ️️️️️️️️️️️️️️️️️️️️️️️️️️️️️️️️️️️️️️️️️️️️️️️️️️️️️️️️️️️️️️️️️️️️️️️️️️️️️️️️️️️️️️️️️️️️️️️️️️️️️️️️️️️️️️️️️️️️️️️️️️️️️️️️️️️️️️️️️️️️️️️️️️️️️️️️️️️️️️️️️️️"
        },
        {
            "id": "61574857936692",
            "count": 0,
            "name": "Hà Vy"
        },
        {
            "id": "61564114700108",
            "count": 0,
            "name": "Gia Long 🪐"
        },
        {
            "id": "61575203132001",
            "count": 0,
            "name": "Bảo Satoru"
        },
        {
            "id": "61555831794379",
            "count": 0,
            "name": "Tường Vy"
        },
        {
            "id": "100073639420918",
            "count": 0,
            "name": "Ng Van Hungg 💤"
        },
        {
            "id": "100000895922054",
            "count": 0,
            "name": "Ng Van Hungg 🌸"
        }
    ],
    "day": [
        {
            "id": "61565853341482",
            "count": 0,
            "name": "𝑶𝒃𝒊𝒕𝒐 ️️️️️️️️️️️️️️️️️️️️️️️️️️️️️️️️️️️️️️️️️️️️️️️️️️️️️️️️️️️️️️️️️️️️️️️️️️️️️️️️️️️️️️️️️️️️️️️️️️️️️️️️️️️️️️️️️️️️️️️️️️️️️️️️️️️️️️️️️️️️️️️️️️️️️️️️️️️️️️️️️️️"
        },
        {
            "id": "61574857936692",
            "count": 0,
            "name": "Hà Vy"
        },
        {
            "id": "61564114700108",
            "count": 0,
            "name": "Gia Long 🪐"
        },
        {
            "id": "61575203132001",
            "count": 0,
            "name": "Bảo Satoru"
        },
        {
            "id": "61555831794379",
            "count": 0,
            "name": "Tường Vy"
        },
        {
            "id": "100073639420918",
            "count": 0,
            "name": "Ng Van Hungg 💤"
        },
        {
            "id": "100000895922054",
            "count": 0,
            "name": "Ng Van Hungg 🌸"
        }
    ],
    "time": 3,
    "last": {
        "time": 1,
        "day": [
            {
                "id": "61565853341482",
                "count": 0
            },
            {
                "id": "61574857936692",
                "count": 0
            },
            {
                "id": "61564114700108",
                "count": 0
            },
            {
                "id": "61575203132001",
                "count": 0
            },
            {
                "id": "61555831794379",
                "count": 0
            },
            {
                "id": "100073639420918",
                "count": 0
            },
            {
                "id": "100000895922054",
                "count": 0
            }
        ],
        "week": [
            {
                "id": "61565853341482",
                "count": 0
            },
            {
                "id": "61574857936692",
                "count": 0
            },
            {
                "id": "61564114700108",
                "count": 0
            },
            {
                "id": "61575203132001",
                "count": 0
            },
            {
                "id": "61555831794379",
                "count": 0
            },
            {
                "id": "100073639420918",
                "count": 0
            },
            {
                "id": "100000895922054",
                "count": 0
            }
        ]
    }
}