{
    "total": [
        {
            "id": "100051623541012",
            "count": 4500,
            "lastActive": "14:35:33 || thứ tư"
        },
        {
            "id": "100065009316364",
            "count": 82,
            "lastActive": "19:31:08 || thứ hai"
        },
        {
            "id": "61579732590150",
            "count": 1289,
            "lastActive": "10:40:10 || thứ tư"
        },
        {
            "id": "100077033372420",
            "count": 8990,
            "lastActive": "14:51:30 || thứ tư"
        },
        {
            "id": "100055606428324",
            "count": 3461,
            "lastActive": "01:49:04 || thứ tư"
        },
        {
            "id": "100084189464990",
            "count": 178
        },
        {
            "id": "100087575029336",
            "count": 10
        },
        {
            "id": "100081553035864",
            "count": 199,
            "lastActive": "01:02:21 || thứ hai"
        },
        {
            "id": "100055279654276",
            "count": 7
        },
        {
            "id": "100087573762890",
            "count": 21
        },
        {
            "id": "1331809870",
            "count": 23
        },
        {
            "id": "100055014068328",
            "count": 80
        },
        {
            "id": "100073639420918",
            "count": 35
        },
        {
            "id": "100068577972031",
            "count": 235
        },
        {
            "id": "61572888727851",
            "count": 11
        },
        {
            "id": "100029223124450",
            "count": 61,
            "lastActive": "05:34:57 || thứ tư"
        },
        {
            "id": "100011728157576",
            "count": 210,
            "lastActive": "10:31:51 || thứ tư"
        },
        {
            "id": "61579475620382",
            "count": 12
        },
        {
            "id": "100049288090343",
            "count": 3868,
            "lastActive": "13:05:36 || thứ tư"
        },
        {
            "id": "61551154853245",
            "count": 22
        },
        {
            "id": "100068049170459",
            "count": 258
        },
        {
            "id": "61577393707995",
            "count": 119,
            "lastActive": "11:16:07 || thứ tư"
        },
        {
            "id": "61570547225812",
            "count": 81
        },
        {
            "id": "61550030184394",
            "count": 132,
            "lastActive": "10:39:43 || thứ tư"
        },
        {
            "id": "61571879363449",
            "count": 213,
            "lastActive": "18:29:33 || thứ hai"
        },
        {
            "id": "100081830474021",
            "count": 174,
            "lastActive": "21:20:26 || thứ hai"
        },
        {
            "id": "61558707163163",
            "count": 51
        },
        {
            "id": "100000895922054",
            "count": 137
        },
        {
            "id": "100061598919848",
            "count": 77
        },
        {
            "id": "100025835656703",
            "count": 42
        },
        {
            "id": "61553980366564",
            "count": 461,
            "lastActive": "13:09:26 || thứ tư"
        },
        {
            "id": "61573786019175",
            "count": 274,
            "lastActive": "15:37:38 || thứ tư"
        },
        {
            "id": "100027987666304",
            "count": 353,
            "lastActive": "17:00:34 || thứ ba"
        },
        {
            "id": "100010916711202",
            "count": 177,
            "lastActive": "12:52:53 || thứ tư"
        },
        {
            "id": "100086178024938",
            "count": 374,
            "lastActive": "10:53:54 || thứ tư"
        },
        {
            "id": "61576779992193",
            "count": 35
        },
        {
            "id": "61560343598534",
            "count": 406,
            "lastActive": "14:42:22 || thứ tư"
        }
    ],
    "week": [
        {
            "id": "100051623541012",
            "count": 159,
            "name": "Phương Nam",
            "lastActive": "14:35:33 || thứ tư"
        },
        {
            "id": "100065009316364",
            "count": 2,
            "name": "Hà Kiệt",
            "lastActive": "19:31:08 || thứ hai"
        },
        {
            "id": "61579732590150",
            "count": 10,
            "name": "Bi Day",
            "lastActive": "10:40:10 || thứ tư"
        },
        {
            "id": "100077033372420",
            "count": 298,
            "name": "Phan Thành Tân",
            "lastActive": "14:51:30 || thứ tư"
        },
        {
            "id": "100055606428324",
            "count": 100,
            "name": "Anna Tran",
            "lastActive": "01:49:04 || thứ tư"
        },
        {
            "id": "100084189464990",
            "count": 0,
            "name": "Phúc Lê"
        },
        {
            "id": "100087575029336",
            "count": 0,
            "name": "Trương Lam Nhi"
        },
        {
            "id": "100081553035864",
            "count": 2,
            "name": "Minh Hiệu",
            "lastActive": "01:02:21 || thứ hai"
        },
        {
            "id": "100055279654276",
            "count": 0,
            "name": "Danh Hào"
        },
        {
            "id": "100087573762890",
            "count": 0,
            "name": "Diệu Linh"
        },
        {
            "id": "1331809870",
            "count": 0,
            "name": "Nguyễn Văn Thành"
        },
        {
            "id": "100055014068328",
            "count": 0,
            "name": "Mạnh Hùng"
        },
        {
            "id": "100073639420918",
            "count": 0,
            "name": "Ng Van Hungg 💤"
        },
        {
            "id": "100068577972031",
            "count": 0,
            "name": "Thành Hưng"
        },
        {
            "id": "61572888727851",
            "count": 0,
            "name": "Lđ Phuc"
        },
        {
            "id": "100029223124450",
            "count": 6,
            "name": "Huệ Trân",
            "lastActive": "05:34:57 || thứ tư"
        },
        {
            "id": "100011728157576",
            "count": 2,
            "name": "Nguyen Thf Trang",
            "lastActive": "10:31:51 || thứ tư"
        },
        {
            "id": "61579475620382",
            "count": 0,
            "name": "Thuy Cẩm"
        },
        {
            "id": "100049288090343",
            "count": 12,
            "name": "Quang Thanh",
            "lastActive": "13:05:36 || thứ tư"
        },
        {
            "id": "61551154853245",
            "count": 0,
            "name": "Nguyễn Chí Linh"
        },
        {
            "id": "100068049170459",
            "count": 0,
            "name": "Nguyễn Tuấn Anhhh"
        },
        {
            "id": "61577393707995",
            "count": 12,
            "name": "Nguyễn Văn Hiếukk",
            "lastActive": "11:16:07 || thứ tư"
        },
        {
            "id": "61570547225812",
            "count": 0,
            "name": "Tiến Minh"
        },
        {
            "id": "61550030184394",
            "count": 10,
            "name": "️️️️️️️️️️️️️️️️️️️️️️️️️️️️️️️️️️️️️️️️️️️️️️️️️️️️️️️️️️️️️️️️️️️️️️️️️️️️️️️️️️️️️️️️️️️️️️️️️️️️️️️️️️️️️️️️️️️️️️️️️️️️️️️️️️️️️️️️️️️️️️️️️️️️️️️️️️️️️️️️️️️️️️️️️️ ",
            "lastActive": "10:39:43 || thứ tư"
        },
        {
            "id": "61571879363449",
            "count": 2,
            "name": "Hồ Quốc Bảo",
            "lastActive": "18:29:33 || thứ hai"
        },
        {
            "id": "100081830474021",
            "count": 10,
            "name": "Sadboy Tài",
            "lastActive": "21:20:26 || thứ hai"
        },
        {
            "id": "61558707163163",
            "count": 0,
            "name": "Bánh Bao"
        },
        {
            "id": "100000895922054",
            "count": 0,
            "name": "Ng Van Hungg 🌸"
        },
        {
            "id": "100061598919848",
            "count": 0,
            "name": "Nguyen Sang"
        },
        {
            "id": "100025835656703",
            "count": 0,
            "name": "Quang Kiên"
        },
        {
            "id": "61553980366564",
            "count": 18,
            "name": "Trang Do",
            "lastActive": "13:09:26 || thứ tư"
        },
        {
            "id": "61573786019175",
            "count": 12,
            "name": "Hoàng Thịnh 💗🌟🏙️🌆🌇🌃🇻🇳",
            "lastActive": "15:37:38 || thứ tư"
        },
        {
            "id": "100027987666304",
            "count": 4,
            "name": "Nguyễn Tuấn Minh",
            "lastActive": "17:00:34 || thứ ba"
        },
        {
            "id": "100010916711202",
            "count": 18,
            "lastActive": "12:52:53 || thứ tư",
            "name": "Nguyễn Phương"
        },
        {
            "id": "100086178024938",
            "count": 36,
            "lastActive": "10:53:54 || thứ tư",
            "name": "Thanh Thủy"
        },
        {
            "id": "61576779992193",
            "count": 0,
            "name": "Kem Sầu Riêng"
        },
        {
            "id": "61560343598534",
            "count": 250,
            "lastActive": "14:42:22 || thứ tư",
            "name": "sóccc"
        }
    ],
    "day": [
        {
            "id": "100051623541012",
            "count": 68,
            "name": "Phương Nam",
            "lastActive": "14:35:33 || thứ tư"
        },
        {
            "id": "100065009316364",
            "count": 0,
            "name": "Hà Kiệt",
            "lastActive": "19:31:08 || thứ hai"
        },
        {
            "id": "61579732590150",
            "count": 6,
            "name": "Bi Day",
            "lastActive": "10:40:10 || thứ tư"
        },
        {
            "id": "100077033372420",
            "count": 56,
            "name": "Phan Thành Tân",
            "lastActive": "14:51:30 || thứ tư"
        },
        {
            "id": "100055606428324",
            "count": 26,
            "name": "Anna Tran",
            "lastActive": "01:49:04 || thứ tư"
        },
        {
            "id": "100084189464990",
            "count": 0,
            "name": "Phúc Lê"
        },
        {
            "id": "100087575029336",
            "count": 0,
            "name": "Trương Lam Nhi"
        },
        {
            "id": "100081553035864",
            "count": 0,
            "name": "Minh Hiệu",
            "lastActive": "01:02:21 || thứ hai"
        },
        {
            "id": "100055279654276",
            "count": 0,
            "name": "Danh Hào"
        },
        {
            "id": "100087573762890",
            "count": 0,
            "name": "Diệu Linh"
        },
        {
            "id": "1331809870",
            "count": 0,
            "name": "Nguyễn Văn Thành"
        },
        {
            "id": "100055014068328",
            "count": 0,
            "name": "Mạnh Hùng"
        },
        {
            "id": "100073639420918",
            "count": 0,
            "name": "Ng Van Hungg 💤"
        },
        {
            "id": "100068577972031",
            "count": 0,
            "name": "Thành Hưng"
        },
        {
            "id": "61572888727851",
            "count": 0,
            "name": "Lđ Phuc"
        },
        {
            "id": "100029223124450",
            "count": 2,
            "name": "Huệ Trân",
            "lastActive": "05:34:57 || thứ tư"
        },
        {
            "id": "100011728157576",
            "count": 2,
            "name": "Nguyen Thf Trang",
            "lastActive": "10:31:51 || thứ tư"
        },
        {
            "id": "61579475620382",
            "count": 0,
            "name": "Thuy Cẩm"
        },
        {
            "id": "100049288090343",
            "count": 10,
            "name": "Quang Thanh",
            "lastActive": "13:05:36 || thứ tư"
        },
        {
            "id": "61551154853245",
            "count": 0,
            "name": "Nguyễn Chí Linh"
        },
        {
            "id": "100068049170459",
            "count": 0,
            "name": "Nguyễn Tuấn Anhhh"
        },
        {
            "id": "61577393707995",
            "count": 6,
            "name": "Nguyễn Văn Hiếukk",
            "lastActive": "11:16:07 || thứ tư"
        },
        {
            "id": "61570547225812",
            "count": 0,
            "name": "Tiến Minh"
        },
        {
            "id": "61550030184394",
            "count": 6,
            "name": "️️️️️️️️️️️️️️️️️️️️️️️️️️️️️️️️️️️️️️️️️️️️️️️️️️️️️️️️️️️️️️️️️️️️️️️️️️️️️️️️️️️️️️️️️️️️️️️️️️️️️️️️️️️️️️️️️️️️️️️️️️️️️️️️️️️️️️️️️️️️️️️️️️️️️️️️️️️️️️️️️️️️️️️️️️ ",
            "lastActive": "10:39:43 || thứ tư"
        },
        {
            "id": "61571879363449",
            "count": 0,
            "name": "Hồ Quốc Bảo",
            "lastActive": "18:29:33 || thứ hai"
        },
        {
            "id": "100081830474021",
            "count": 0,
            "name": "Sadboy Tài",
            "lastActive": "21:20:26 || thứ hai"
        },
        {
            "id": "61558707163163",
            "count": 0,
            "name": "Bánh Bao"
        },
        {
            "id": "100000895922054",
            "count": 0,
            "name": "Ng Van Hungg 🌸"
        },
        {
            "id": "100061598919848",
            "count": 0,
            "name": "Nguyen Sang"
        },
        {
            "id": "100025835656703",
            "count": 0,
            "name": "Quang Kiên"
        },
        {
            "id": "61553980366564",
            "count": 16,
            "name": "Trang Do",
            "lastActive": "13:09:26 || thứ tư"
        },
        {
            "id": "61573786019175",
            "count": 4,
            "name": "Hoàng Thịnh 💗🌟🏙️🌆🌇🌃🇻🇳",
            "lastActive": "15:37:38 || thứ tư"
        },
        {
            "id": "100027987666304",
            "count": 0,
            "name": "Nguyễn Tuấn Minh",
            "lastActive": "17:00:34 || thứ ba"
        },
        {
            "id": "100010916711202",
            "count": 8,
            "name": "Nguyễn Phương",
            "lastActive": "12:52:53 || thứ tư"
        },
        {
            "id": "100086178024938",
            "count": 20,
            "name": "Người dùng facebook",
            "lastActive": "10:53:54 || thứ tư"
        },
        {
            "id": "61576779992193",
            "count": 0,
            "name": "Người dùng facebook"
        },
        {
            "id": "61560343598534",
            "count": 78,
            "lastActive": "14:42:22 || thứ tư"
        }
    ],
    "time": 3,
    "last": {
        "time": 5,
        "day": [
            {
                "id": "100051623541012",
                "count": 0
            },
            {
                "id": "100065009316364",
                "count": 0
            },
            {
                "id": "61579732590150",
                "count": 0
            },
            {
                "id": "61571879363449",
                "count": 0
            },
            {
                "id": "100077033372420",
                "count": 0
            },
            {
                "id": "100055606428324",
                "count": 0
            },
            {
                "id": "61560343598534",
                "count": 0
            },
            {
                "id": "100049288090343",
                "count": 0
            },
            {
                "id": "100084189464990",
                "count": 0
            },
            {
                "id": "100087575029336",
                "count": 0
            },
            {
                "id": "100068049170459",
                "count": 0
            },
            {
                "id": "61576779992193",
                "count": 0
            },
            {
                "id": "100081553035864",
                "count": 0
            },
            {
                "id": "100055279654276",
                "count": 0
            },
            {
                "id": "100087573762890",
                "count": 0
            },
            {
                "id": "61553980366564",
                "count": 0
            },
            {
                "id": "1331809870",
                "count": 0
            },
            {
                "id": "100055014068328",
                "count": 0
            },
            {
                "id": "100073639420918",
                "count": 0
            },
            {
                "id": "100000895922054",
                "count": 0
            },
            {
                "id": "100068577972031",
                "count": 0
            },
            {
                "id": "61572888727851",
                "count": 0
            },
            {
                "id": "100029223124450",
                "count": 0
            },
            {
                "id": "100010916711202",
                "count": 0
            },
            {
                "id": "100011728157576",
                "count": 0
            },
            {
                "id": "61579475620382",
                "count": 0
            },
            {
                "id": "100086178024938",
                "count": 0
            },
            {
                "id": "61551154853245",
                "count": 0
            },
            {
                "id": "61577393707995",
                "count": 0
            },
            {
                "id": "61573786019175",
                "count": 0
            },
            {
                "id": "61570547225812",
                "count": 0
            },
            {
                "id": "61550030184394",
                "count": 0
            },
            {
                "id": "100081830474021",
                "count": 0
            },
            {
                "id": "61558707163163",
                "count": 0
            },
            {
                "id": "100061598919848",
                "count": 0
            },
            {
                "id": "100025835656703",
                "count": 0
            },
            {
                "id": "100027987666304",
                "count": 0
            }
        ],
        "week": [
            {
                "id": "100051623541012",
                "count": 0
            },
            {
                "id": "100065009316364",
                "count": 0
            },
            {
                "id": "61579732590150",
                "count": 0
            },
            {
                "id": "61571879363449",
                "count": 0
            },
            {
                "id": "100077033372420",
                "count": 0
            },
            {
                "id": "100055606428324",
                "count": 0
            },
            {
                "id": "61560343598534",
                "count": 0
            },
            {
                "id": "100049288090343",
                "count": 0
            },
            {
                "id": "100084189464990",
                "count": 0
            },
            {
                "id": "100087575029336",
                "count": 0
            },
            {
                "id": "100068049170459",
                "count": 0
            },
            {
                "id": "61576779992193",
                "count": 0
            },
            {
                "id": "100081553035864",
                "count": 0
            },
            {
                "id": "100055279654276",
                "count": 0
            },
            {
                "id": "100087573762890",
                "count": 0
            },
            {
                "id": "61553980366564",
                "count": 0
            },
            {
                "id": "1331809870",
                "count": 0
            },
            {
                "id": "100055014068328",
                "count": 0
            },
            {
                "id": "100073639420918",
                "count": 0
            },
            {
                "id": "100000895922054",
                "count": 0
            },
            {
                "id": "100068577972031",
                "count": 0
            },
            {
                "id": "61572888727851",
                "count": 0
            },
            {
                "id": "100029223124450",
                "count": 0
            },
            {
                "id": "100010916711202",
                "count": 0
            },
            {
                "id": "100011728157576",
                "count": 0
            },
            {
                "id": "61579475620382",
                "count": 0
            },
            {
                "id": "100086178024938",
                "count": 0
            },
            {
                "id": "61551154853245",
                "count": 0
            },
            {
                "id": "61577393707995",
                "count": 0
            },
            {
                "id": "61573786019175",
                "count": 0
            },
            {
                "id": "61570547225812",
                "count": 0
            },
            {
                "id": "61550030184394",
                "count": 0
            },
            {
                "id": "100081830474021",
                "count": 0
            },
            {
                "id": "61558707163163",
                "count": 0
            },
            {
                "id": "100061598919848",
                "count": 0
            },
            {
                "id": "100025835656703",
                "count": 0
            },
            {
                "id": "100027987666304",
                "count": 0
            }
        ]
    }
}