{
    "total": [
        {
            "id": "61551801495221",
            "count": 1194,
            "lastActive": "20:26:22 || thứ hai"
        },
        {
            "id": "100073639420918",
            "count": 4
        },
        {
            "id": "100000895922054",
            "count": 401
        },
        {
            "id": "100055778196020",
            "count": 62
        },
        {
            "id": "61551899218259",
            "count": 205,
            "lastActive": "00:37:27 || thứ tư"
        },
        {
            "id": "61578851651682",
            "count": 2685,
            "lastActive": "16:33:58 || thứ tư"
        },
        {
            "id": "100087422600908",
            "count": 41,
            "lastActive": "11:51:44 || thứ tư"
        },
        {
            "id": "61559588732695",
            "count": 1295,
            "lastActive": "14:27:11 || thứ tư"
        },
        {
            "id": "100080686664982",
            "count": 174,
            "lastActive": "12:17:42 || thứ hai"
        },
        {
            "id": "61550030184394",
            "count": 108,
            "lastActive": "14:23:27 || thứ tư"
        },
        {
            "id": "61573080950250",
            "count": 567,
            "lastActive": "23:48:36 || thứ ba"
        },
        {
            "id": "100039944274320",
            "count": 408,
            "lastActive": "22:44:17 || thứ ba"
        },
        {
            "id": "100079321113260",
            "count": 177
        },
        {
            "id": "100073722063355",
            "count": 33
        },
        {
            "id": "61560170835525",
            "count": 23
        },
        {
            "id": "61576215156821",
            "count": 46
        },
        {
            "id": "100080469765145",
            "count": 249,
            "lastActive": "14:20:11 || thứ tư"
        },
        {
            "id": "100092457030377",
            "count": 93,
            "lastActive": "23:10:53 || thứ ba"
        },
        {
            "id": "61569117816636",
            "count": 1698,
            "lastActive": "22:25:34 || thứ ba"
        },
        {
            "id": "61561663525392",
            "count": 151,
            "lastActive": "22:58:12 || chủ nhật"
        },
        {
            "id": "100077472672542",
            "count": 40,
            "lastActive": "17:40:05 || thứ hai"
        },
        {
            "id": "61552035675700",
            "count": 2370,
            "lastActive": "10:17:31 || thứ tư"
        },
        {
            "id": "61556398304250",
            "count": 2223,
            "lastActive": "06:09:43 || thứ tư"
        },
        {
            "id": "61582883400057",
            "count": 65
        },
        {
            "id": "61553924054614",
            "count": 623,
            "lastActive": "20:53:52 || thứ ba"
        },
        {
            "id": "100036598868798",
            "count": 71
        },
        {
            "id": "61556410954158",
            "count": 472,
            "lastActive": "14:45:00 || thứ tư"
        },
        {
            "id": "61556833865612",
            "count": 6
        },
        {
            "id": "61578236862857",
            "count": 0
        },
        {
            "id": "61578974484152",
            "count": 130,
            "lastActive": "14:24:32 || thứ tư"
        },
        {
            "id": "61565974433987",
            "count": 4651,
            "lastActive": "10:52:35 || thứ tư"
        },
        {
            "id": "61567081392601",
            "count": 2914,
            "lastActive": "08:22:40 || thứ tư"
        },
        {
            "id": "100055617231549",
            "count": 19
        },
        {
            "id": "100017308089436",
            "count": 70,
            "lastActive": "12:06:38 || thứ hai"
        },
        {
            "id": "100073920120402",
            "count": 330,
            "lastActive": "16:17:42 || thứ tư"
        },
        {
            "id": "100057260226817",
            "count": 159,
            "lastActive": "06:04:47 || thứ tư"
        },
        {
            "id": "100021623118196",
            "count": 17
        },
        {
            "id": "61579198206342",
            "count": 5
        },
        {
            "id": "61560374198312",
            "count": 808,
            "lastActive": "16:31:18 || thứ tư"
        },
        {
            "id": "61564897174117",
            "count": 0
        },
        {
            "id": "100088434596295",
            "count": 2,
            "lastActive": "00:38:37 || thứ ba"
        },
        {
            "id": "61553764890680",
            "count": 0
        }
    ],
    "week": [
        {
            "id": "61551801495221",
            "count": 489,
            "name": "Quỳnh Nga",
            "lastActive": "20:26:22 || thứ hai"
        },
        {
            "id": "100073639420918",
            "count": 0,
            "name": "Ng Van Hungg 💤"
        },
        {
            "id": "100000895922054",
            "count": 0,
            "name": "Ng Van Hungg 🌸"
        },
        {
            "id": "100055778196020",
            "count": 0,
            "name": "Trương Kỳ"
        },
        {
            "id": "61551899218259",
            "count": 134,
            "name": "Nguyễn Như Weahyen",
            "lastActive": "00:37:27 || thứ tư"
        },
        {
            "id": "61578851651682",
            "count": 572,
            "name": "Nguyễn Hà Ang",
            "lastActive": "16:33:58 || thứ tư"
        },
        {
            "id": "100087422600908",
            "count": 29,
            "name": "Nguyễn Gia Hân",
            "lastActive": "11:51:44 || thứ tư"
        },
        {
            "id": "61559588732695",
            "count": 366,
            "name": "Không Biết Bay",
            "lastActive": "14:27:11 || thứ tư"
        },
        {
            "id": "100080686664982",
            "count": 10,
            "name": "Thanh An",
            "lastActive": "12:17:42 || thứ hai"
        },
        {
            "id": "61550030184394",
            "count": 177,
            "name": "️️️️️️️️️️️️️️️️️️️️️️️️️️️️️️️️️️️️️️️️️️️️️️️️️️️️️️️️️️️️️️️️️️️️️️️️️️️️️️️️️️️️️️️️️️️️️️️️️️️️️️️️️️️️️️️️️️️️️️️️️️️️️️️️️️️️️️️️️️️️️️️️️️️️️️️️️️️️️️️️️️️️️️️️️️ ",
            "lastActive": "14:23:27 || thứ tư"
        },
        {
            "id": "61573080950250",
            "count": 310,
            "name": "Dorry Kawaii",
            "lastActive": "23:48:36 || thứ ba"
        },
        {
            "id": "100039944274320",
            "count": 156,
            "name": "Nguyen Phương",
            "lastActive": "22:44:17 || thứ ba"
        },
        {
            "id": "100079321113260",
            "count": 18,
            "name": "Kẹo Đắng Vị Ngọt"
        },
        {
            "id": "100073722063355",
            "count": 0,
            "name": "Lê Thanh Thảo Nguyên"
        },
        {
            "id": "61560170835525",
            "count": 0,
            "name": "Đỗ Linh"
        },
        {
            "id": "61576215156821",
            "count": 0,
            "name": "Huy Ha"
        },
        {
            "id": "100080469765145",
            "count": 20,
            "name": "Na Nguyễn",
            "lastActive": "14:20:11 || thứ tư"
        },
        {
            "id": "100092457030377",
            "count": 40,
            "name": "Chu Chiinsi",
            "lastActive": "23:10:53 || thứ ba"
        },
        {
            "id": "61569117816636",
            "count": 1010,
            "name": "Trần Mỹ An",
            "lastActive": "22:25:34 || thứ ba"
        },
        {
            "id": "61561663525392",
            "count": 30,
            "name": "Thất Vọng",
            "lastActive": "22:58:12 || chủ nhật"
        },
        {
            "id": "100077472672542",
            "count": 12,
            "name": "Nam Hoàng",
            "lastActive": "17:40:05 || thứ hai"
        },
        {
            "id": "61552035675700",
            "count": 1105,
            "name": "Nguyen Hoangxuan",
            "lastActive": "10:17:31 || thứ tư"
        },
        {
            "id": "61556398304250",
            "count": 613,
            "name": "Anh Thu NT",
            "lastActive": "06:09:43 || thứ tư"
        },
        {
            "id": "61582883400057",
            "count": 0,
            "name": "Dương Bùi"
        },
        {
            "id": "61553924054614",
            "count": 256,
            "name": "TL Khánh",
            "lastActive": "20:53:52 || thứ ba"
        },
        {
            "id": "100036598868798",
            "count": 0,
            "name": "Minh Thảo"
        },
        {
            "id": "61556410954158",
            "count": 246,
            "name": "Huu Dii",
            "lastActive": "14:45:00 || thứ tư"
        },
        {
            "id": "61556833865612",
            "count": 0,
            "name": "Bin Binn"
        },
        {
            "id": "61578236862857",
            "count": 0,
            "name": "Thuyy Huongg"
        },
        {
            "id": "61578974484152",
            "count": 18,
            "name": "Vi Phuong",
            "lastActive": "14:24:32 || thứ tư"
        },
        {
            "id": "61565974433987",
            "count": 1934,
            "name": "Nguyễn Hân",
            "lastActive": "10:52:35 || thứ tư"
        },
        {
            "id": "61567081392601",
            "count": 1092,
            "name": "Hong Anh Nguyen",
            "lastActive": "08:22:40 || thứ tư"
        },
        {
            "id": "100055617231549",
            "count": 0,
            "name": "Ngọc Nhi"
        },
        {
            "id": "100017308089436",
            "count": 4,
            "name": "Hạ Vy",
            "lastActive": "12:06:38 || thứ hai"
        },
        {
            "id": "100073920120402",
            "count": 69,
            "name": "T. Thảo",
            "lastActive": "16:17:42 || thứ tư"
        },
        {
            "id": "100057260226817",
            "count": 81,
            "lastActive": "06:04:47 || thứ tư",
            "name": "Bảo Trang"
        },
        {
            "id": "100021623118196",
            "count": 0,
            "name": "Ngô Thị Phương Thanh"
        },
        {
            "id": "61579198206342",
            "count": 5,
            "name": "Thanh Thanh"
        },
        {
            "id": "61560374198312",
            "count": 940,
            "lastActive": "16:31:18 || thứ tư",
            "name": "Giaa Hungg"
        },
        {
            "id": "61564897174117",
            "count": 0
        },
        {
            "id": "100088434596295",
            "count": 2,
            "lastActive": "00:38:37 || thứ ba"
        },
        {
            "id": "61553764890680",
            "count": 0
        }
    ],
    "day": [
        {
            "id": "61551801495221",
            "count": 0
        },
        {
            "id": "100073639420918",
            "count": 0
        },
        {
            "id": "100000895922054",
            "count": 0
        },
        {
            "id": "100055778196020",
            "count": 0
        },
        {
            "id": "61551899218259",
            "count": 10,
            "lastActive": "00:37:27 || thứ tư"
        },
        {
            "id": "61578851651682",
            "count": 22,
            "lastActive": "16:33:58 || thứ tư"
        },
        {
            "id": "100087422600908",
            "count": 2,
            "lastActive": "11:51:44 || thứ tư"
        },
        {
            "id": "61559588732695",
            "count": 6,
            "lastActive": "14:27:11 || thứ tư"
        },
        {
            "id": "100080686664982",
            "count": 0
        },
        {
            "id": "61550030184394",
            "count": 10,
            "lastActive": "14:23:27 || thứ tư"
        },
        {
            "id": "61573080950250",
            "count": 0,
            "lastActive": "23:48:36 || thứ ba"
        },
        {
            "id": "100039944274320",
            "count": 0,
            "lastActive": "22:44:17 || thứ ba"
        },
        {
            "id": "100079321113260",
            "count": 0
        },
        {
            "id": "100073722063355",
            "count": 0
        },
        {
            "id": "61560170835525",
            "count": 0
        },
        {
            "id": "61576215156821",
            "count": 0
        },
        {
            "id": "100080469765145",
            "count": 6,
            "lastActive": "14:20:11 || thứ tư"
        },
        {
            "id": "100092457030377",
            "count": 0,
            "lastActive": "23:10:53 || thứ ba"
        },
        {
            "id": "61569117816636",
            "count": 0,
            "lastActive": "22:25:34 || thứ ba"
        },
        {
            "id": "61561663525392",
            "count": 0
        },
        {
            "id": "100077472672542",
            "count": 0
        },
        {
            "id": "61552035675700",
            "count": 30,
            "lastActive": "10:17:31 || thứ tư"
        },
        {
            "id": "61556398304250",
            "count": 6,
            "lastActive": "06:09:43 || thứ tư"
        },
        {
            "id": "61582883400057",
            "count": 0
        },
        {
            "id": "61553924054614",
            "count": 0,
            "lastActive": "20:53:52 || thứ ba"
        },
        {
            "id": "100036598868798",
            "count": 0
        },
        {
            "id": "61556410954158",
            "count": 8,
            "lastActive": "14:45:00 || thứ tư"
        },
        {
            "id": "61556833865612",
            "count": 0
        },
        {
            "id": "61578236862857",
            "count": 0
        },
        {
            "id": "61578974484152",
            "count": 2,
            "lastActive": "14:24:32 || thứ tư"
        },
        {
            "id": "61565974433987",
            "count": 62,
            "lastActive": "10:52:35 || thứ tư"
        },
        {
            "id": "61567081392601",
            "count": 18,
            "lastActive": "08:22:40 || thứ tư"
        },
        {
            "id": "100055617231549",
            "count": 0
        },
        {
            "id": "100017308089436",
            "count": 0
        },
        {
            "id": "100073920120402",
            "count": 16,
            "lastActive": "16:17:42 || thứ tư"
        },
        {
            "id": "100057260226817",
            "count": 2,
            "lastActive": "06:04:47 || thứ tư"
        },
        {
            "id": "100021623118196",
            "count": 0
        },
        {
            "id": "61579198206342",
            "count": 0
        },
        {
            "id": "61560374198312",
            "count": 12,
            "lastActive": "16:31:18 || thứ tư"
        },
        {
            "id": "61564897174117",
            "count": 0
        },
        {
            "id": "100088434596295",
            "count": 0,
            "lastActive": "00:38:37 || thứ ba"
        },
        {
            "id": "61553764890680",
            "count": 0
        }
    ],
    "time": 3,
    "last": {
        "time": 1,
        "day": [
            {
                "id": "61551801495221",
                "count": 357
            },
            {
                "id": "100073639420918",
                "count": 0
            },
            {
                "id": "100000895922054",
                "count": 0
            },
            {
                "id": "100055778196020",
                "count": 0
            },
            {
                "id": "61551899218259",
                "count": 88
            },
            {
                "id": "61578851651682",
                "count": 366
            },
            {
                "id": "100087422600908",
                "count": 21
            },
            {
                "id": "61559588732695",
                "count": 196
            },
            {
                "id": "100080686664982",
                "count": 6
            },
            {
                "id": "61550030184394",
                "count": 97
            },
            {
                "id": "61573080950250",
                "count": 150
            },
            {
                "id": "100039944274320",
                "count": 114
            },
            {
                "id": "100079321113260",
                "count": 18
            },
            {
                "id": "100073722063355",
                "count": 0
            },
            {
                "id": "61560170835525",
                "count": 0
            },
            {
                "id": "61576215156821",
                "count": 0
            },
            {
                "id": "100080469765145",
                "count": 10
            },
            {
                "id": "100092457030377",
                "count": 4
            },
            {
                "id": "61569117816636",
                "count": 770
            },
            {
                "id": "61561663525392",
                "count": 30
            },
            {
                "id": "100077472672542",
                "count": 6
            },
            {
                "id": "61552035675700",
                "count": 595
            },
            {
                "id": "61556398304250",
                "count": 331
            },
            {
                "id": "61582883400057",
                "count": 0
            },
            {
                "id": "61553924054614",
                "count": 180
            },
            {
                "id": "100036598868798",
                "count": 0
            },
            {
                "id": "61556410954158",
                "count": 162
            },
            {
                "id": "61556833865612",
                "count": 0
            },
            {
                "id": "61578236862857",
                "count": 0
            },
            {
                "id": "61578974484152",
                "count": 8
            },
            {
                "id": "61565974433987",
                "count": 1104
            },
            {
                "id": "61567081392601",
                "count": 732
            },
            {
                "id": "100055617231549",
                "count": 0
            },
            {
                "id": "100017308089436",
                "count": 2
            },
            {
                "id": "100073920120402",
                "count": 9
            },
            {
                "id": "100057260226817",
                "count": 39
            },
            {
                "id": "100021623118196",
                "count": 0
            },
            {
                "id": "61579198206342",
                "count": 5
            },
            {
                "id": "61560374198312",
                "count": 660
            },
            {
                "id": "61564897174117",
                "count": 0
            },
            {
                "id": "100088434596295",
                "count": 0
            },
            {
                "id": "61553764890680",
                "count": 0
            }
        ],
        "week": [
            {
                "id": "61551801495221",
                "count": 132
            },
            {
                "id": "100073639420918",
                "count": 0
            },
            {
                "id": "100000895922054",
                "count": 0
            },
            {
                "id": "100055778196020",
                "count": 0
            },
            {
                "id": "61551899218259",
                "count": 36
            },
            {
                "id": "61578851651682",
                "count": 80
            },
            {
                "id": "100087422600908",
                "count": 0
            },
            {
                "id": "61559588732695",
                "count": 68
            },
            {
                "id": "100080686664982",
                "count": 4
            },
            {
                "id": "61550030184394",
                "count": 70
            },
            {
                "id": "61573080950250",
                "count": 64
            },
            {
                "id": "100039944274320",
                "count": 0
            },
            {
                "id": "100079321113260",
                "count": 0
            },
            {
                "id": "100073722063355",
                "count": 0
            },
            {
                "id": "61560170835525",
                "count": 0
            },
            {
                "id": "61576215156821",
                "count": 0
            },
            {
                "id": "100080469765145",
                "count": 4
            },
            {
                "id": "100092457030377",
                "count": 4
            },
            {
                "id": "61569117816636",
                "count": 222
            },
            {
                "id": "61561663525392",
                "count": 0
            },
            {
                "id": "100077472672542",
                "count": 6
            },
            {
                "id": "61552035675700",
                "count": 360
            },
            {
                "id": "61556398304250",
                "count": 258
            },
            {
                "id": "61582883400057",
                "count": 0
            },
            {
                "id": "61553924054614",
                "count": 12
            },
            {
                "id": "100036598868798",
                "count": 0
            },
            {
                "id": "61556410954158",
                "count": 54
            },
            {
                "id": "61556833865612",
                "count": 0
            },
            {
                "id": "61578236862857",
                "count": 0
            },
            {
                "id": "61578974484152",
                "count": 8
            },
            {
                "id": "61565974433987",
                "count": 392
            },
            {
                "id": "61567081392601",
                "count": 190
            },
            {
                "id": "100055617231549",
                "count": 0
            },
            {
                "id": "100017308089436",
                "count": 2
            },
            {
                "id": "100073920120402",
                "count": 6
            },
            {
                "id": "100057260226817",
                "count": 18
            },
            {
                "id": "100021623118196",
                "count": 0
            },
            {
                "id": "61579198206342",
                "count": 0
            },
            {
                "id": "61560374198312",
                "count": 132
            },
            {
                "id": "61564897174117",
                "count": 0
            },
            {
                "id": "100088434596295",
                "count": 0
            },
            {
                "id": "61553764890680",
                "count": 0
            }
        ]
    }
}