{
    "total": [
        {
            "id": "100093151203610",
            "count": 33
        },
        {
            "id": "100073062182339",
            "count": 91,
            "lastActive": "19:39:00 || chủ nhật"
        },
        {
            "id": "100088214170925",
            "count": 100,
            "lastActive": "17:51:01 || thứ ba"
        },
        {
            "id": "100068207799151",
            "count": 0
        },
        {
            "id": "61564637039893",
            "count": 80,
            "lastActive": "20:43:09 || thứ hai"
        },
        {
            "id": "100072534055962",
            "count": 67,
            "lastActive": "17:11:45 || thứ ba"
        },
        {
            "id": "100058178289716",
            "count": 363,
            "lastActive": "07:27:22 || thứ ba"
        },
        {
            "id": "61577429562849",
            "count": 0
        },
        {
            "id": "100080607796297",
            "count": 554,
            "lastActive": "22:31:21 || thứ ba"
        },
        {
            "id": "100078204477620",
            "count": 1080,
            "lastActive": "11:15:19 || thứ tư"
        },
        {
            "id": "100069836134885",
            "count": 66,
            "lastActive": "17:41:20 || thứ ba"
        },
        {
            "id": "100051843924156",
            "count": 242
        },
        {
            "id": "100046509163100",
            "count": 187,
            "lastActive": "10:30:49 || thứ ba"
        },
        {
            "id": "61575947559167",
            "count": 737,
            "lastActive": "11:15:18 || thứ tư"
        },
        {
            "id": "100081185080178",
            "count": 108,
            "lastActive": "16:44:12 || thứ tư"
        },
        {
            "id": "100040921482911",
            "count": 146,
            "lastActive": "22:41:59 || chủ nhật"
        },
        {
            "id": "100085144460856",
            "count": 55
        },
        {
            "id": "100067134490726",
            "count": 508,
            "lastActive": "07:13:03 || thứ ba"
        },
        {
            "id": "100039443777832",
            "count": 348,
            "lastActive": "11:27:25 || thứ tư"
        },
        {
            "id": "100084391419411",
            "count": 144,
            "lastActive": "00:05:52 || thứ hai"
        },
        {
            "id": "100082698367588",
            "count": 0
        },
        {
            "id": "100082610064224",
            "count": 936,
            "lastActive": "06:06:35 || thứ tư"
        },
        {
            "id": "61560543509673",
            "count": 51
        },
        {
            "id": "61567134368251",
            "count": 7574,
            "lastActive": "06:43:21 || thứ tư"
        },
        {
            "id": "61562207677711",
            "count": 50
        },
        {
            "id": "100084276703612",
            "count": 991,
            "lastActive": "16:24:50 || thứ ba"
        },
        {
            "id": "61559070667666",
            "count": 97
        },
        {
            "id": "100073639420918",
            "count": 17
        },
        {
            "id": "61550030184394",
            "count": 137,
            "lastActive": "10:17:18 || thứ tư"
        },
        {
            "id": "100000895922054",
            "count": 278
        },
        {
            "id": "61557428621458",
            "count": 109,
            "lastActive": "12:17:15 || thứ tư"
        },
        {
            "id": "61568704992723",
            "count": 359,
            "lastActive": "00:32:04 || thứ tư"
        },
        {
            "id": "61576774502524",
            "count": 110,
            "lastActive": "21:20:16 || thứ ba"
        },
        {
            "id": "100092850504657",
            "count": 115,
            "lastActive": "18:00:02 || thứ hai"
        },
        {
            "id": "61582602883474",
            "count": 159,
            "lastActive": "20:50:10 || thứ hai"
        },
        {
            "id": "100066842235956",
            "count": 1083,
            "lastActive": "16:17:50 || thứ tư"
        },
        {
            "id": "100080014736964",
            "count": 428,
            "lastActive": "10:17:58 || thứ tư"
        },
        {
            "id": "100036929060161",
            "count": 238,
            "lastActive": "22:57:07 || thứ ba"
        },
        {
            "id": "61555858696005",
            "count": 7506,
            "lastActive": "12:48:33 || thứ tư"
        },
        {
            "id": "61575241190011",
            "count": 97,
            "lastActive": "16:18:45 || thứ tư"
        },
        {
            "id": "100081919752405",
            "count": 89,
            "lastActive": "10:13:27 || thứ hai"
        },
        {
            "id": "100014745841348",
            "count": 520,
            "lastActive": "12:16:31 || thứ tư"
        },
        {
            "id": "61569807933602",
            "count": 1192,
            "lastActive": "11:26:29 || thứ tư"
        },
        {
            "id": "100084138245153",
            "count": 515,
            "lastActive": "23:44:18 || thứ ba"
        },
        {
            "id": "100083157075232",
            "count": 4,
            "lastActive": "06:04:24 || thứ tư"
        },
        {
            "id": "100078328591430",
            "count": 140,
            "lastActive": "10:09:49 || thứ tư"
        },
        {
            "id": "61583237510017",
            "count": 8,
            "lastActive": "10:14:26 || thứ tư"
        }
    ],
    "week": [
        {
            "id": "100093151203610",
            "count": 0,
            "name": "Minhh Thư"
        },
        {
            "id": "100073062182339",
            "count": 0,
            "name": "Tran Lienn",
            "lastActive": "19:39:00 || chủ nhật"
        },
        {
            "id": "100088214170925",
            "count": 2,
            "name": "Tuấn Ngọc",
            "lastActive": "17:51:01 || thứ ba"
        },
        {
            "id": "100068207799151",
            "count": 0,
            "name": "Hàn Thị Thu Dịu"
        },
        {
            "id": "61564637039893",
            "count": 2,
            "name": "Nọc Tuyền Ctee",
            "lastActive": "20:43:09 || thứ hai"
        },
        {
            "id": "100072534055962",
            "count": 12,
            "name": "Thi Gia Tường",
            "lastActive": "17:11:45 || thứ ba"
        },
        {
            "id": "100058178289716",
            "count": 38,
            "name": "Minh Hoàng",
            "lastActive": "07:27:22 || thứ ba"
        },
        {
            "id": "61577429562849",
            "count": 0,
            "name": "Nguyễn Ph.Anh"
        },
        {
            "id": "100080607796297",
            "count": 114,
            "name": "Hàn Thị Thu Dịu",
            "lastActive": "22:31:21 || thứ ba"
        },
        {
            "id": "100078204477620",
            "count": 288,
            "name": "Tr Thu Thaoo",
            "lastActive": "11:15:19 || thứ tư"
        },
        {
            "id": "100069836134885",
            "count": 2,
            "name": "Thái Dương",
            "lastActive": "17:41:20 || thứ ba"
        },
        {
            "id": "100051843924156",
            "count": 0,
            "name": "Huỳnh Dương"
        },
        {
            "id": "100046509163100",
            "count": 14,
            "name": "Tô Thị Kim Anh",
            "lastActive": "10:30:49 || thứ ba"
        },
        {
            "id": "61575947559167",
            "count": 370,
            "name": "Anh Quynh",
            "lastActive": "11:15:18 || thứ tư"
        },
        {
            "id": "100081185080178",
            "count": 78,
            "name": "Thanh Như",
            "lastActive": "16:44:12 || thứ tư"
        },
        {
            "id": "100040921482911",
            "count": 0,
            "name": "Ngọc Nguyễn",
            "lastActive": "22:41:59 || chủ nhật"
        },
        {
            "id": "100085144460856",
            "count": 0,
            "name": "Caoo Kimm"
        },
        {
            "id": "100067134490726",
            "count": 10,
            "name": "Võ Lê Tấn Phát",
            "lastActive": "07:13:03 || thứ ba"
        },
        {
            "id": "100039443777832",
            "count": 28,
            "name": "Thuỳ Linh",
            "lastActive": "11:27:25 || thứ tư"
        },
        {
            "id": "100084391419411",
            "count": 4,
            "name": "Phương Trinh",
            "lastActive": "00:05:52 || thứ hai"
        },
        {
            "id": "100082698367588",
            "count": 0,
            "name": "Trần Thư"
        },
        {
            "id": "100082610064224",
            "count": 410,
            "name": "Tue Anh",
            "lastActive": "06:06:35 || thứ tư"
        },
        {
            "id": "61560543509673",
            "count": 0,
            "name": "Ng Thị Diệu Nhi"
        },
        {
            "id": "61567134368251",
            "count": 200,
            "name": "Cam",
            "lastActive": "06:43:21 || thứ tư"
        },
        {
            "id": "61562207677711",
            "count": 0,
            "name": "Thu Binh Bunn"
        },
        {
            "id": "100084276703612",
            "count": 90,
            "name": "Thanh Trúc",
            "lastActive": "16:24:50 || thứ ba"
        },
        {
            "id": "61559070667666",
            "count": 0,
            "name": "Ngọc Tuyết"
        },
        {
            "id": "100073639420918",
            "count": 0,
            "name": "Ng Van Hungg 💤"
        },
        {
            "id": "61550030184394",
            "count": 30,
            "name": "️️️️️️️️️️️️️️️️️️️️️️️️️️️️️️️️️️️️️️️️️️️️️️️️️️️️️️️️️️️️️️️️️️️️️️️️️️️️️️️️️️️️️️️️️️️️️️️️️️️️️️️️️️️️️️️️️️️️️️️️️️️️️️️️️️️️️️️️️️️️️️️️️️️️️️️️️️️️️️️️️️️️️️️️️️ ",
            "lastActive": "10:17:18 || thứ tư"
        },
        {
            "id": "100000895922054",
            "count": 0,
            "name": "Ng Van Hungg 🌸"
        },
        {
            "id": "61557428621458",
            "count": 4,
            "name": "Linh Chi",
            "lastActive": "12:17:15 || thứ tư"
        },
        {
            "id": "61568704992723",
            "count": 244,
            "name": "Phạm Anh Tho",
            "lastActive": "00:32:04 || thứ tư"
        },
        {
            "id": "61576774502524",
            "count": 2,
            "name": "Bảo Châu",
            "lastActive": "21:20:16 || thứ ba"
        },
        {
            "id": "100092850504657",
            "count": 4,
            "name": "Lê Thị Ánh Dương",
            "lastActive": "18:00:02 || thứ hai"
        },
        {
            "id": "61582602883474",
            "count": 16,
            "name": "Nguyễn Khanh Linhh",
            "lastActive": "20:50:10 || thứ hai"
        },
        {
            "id": "100066842235956",
            "count": 82,
            "name": "Nhật Thịnh",
            "lastActive": "16:17:50 || thứ tư"
        },
        {
            "id": "100080014736964",
            "count": 46,
            "name": "Duc Anh",
            "lastActive": "10:17:58 || thứ tư"
        },
        {
            "id": "100036929060161",
            "count": 16,
            "name": "Um Um",
            "lastActive": "22:57:07 || thứ ba"
        },
        {
            "id": "61555858696005",
            "count": 1650,
            "name": "Chào Bạn Nha",
            "lastActive": "12:48:33 || thứ tư"
        },
        {
            "id": "61575241190011",
            "count": 10,
            "name": "Trang Lê",
            "lastActive": "16:18:45 || thứ tư"
        },
        {
            "id": "100081919752405",
            "count": 4,
            "name": "Minhh Thùyy",
            "lastActive": "10:13:27 || thứ hai"
        },
        {
            "id": "100014745841348",
            "count": 96,
            "lastActive": "12:16:31 || thứ tư",
            "name": "Trần Thị Tuyết Nhi"
        },
        {
            "id": "61569807933602",
            "count": 476,
            "lastActive": "11:26:29 || thứ tư",
            "name": "NGuyễn Bích Ngọc"
        },
        {
            "id": "100084138245153",
            "count": 258,
            "lastActive": "23:44:18 || thứ ba",
            "name": "Anh Mai"
        },
        {
            "id": "100083157075232",
            "count": 4,
            "lastActive": "06:04:24 || thứ tư"
        },
        {
            "id": "100078328591430",
            "count": 140,
            "lastActive": "10:09:49 || thứ tư"
        },
        {
            "id": "61583237510017",
            "count": 8,
            "lastActive": "10:14:26 || thứ tư"
        }
    ],
    "day": [
        {
            "id": "100093151203610",
            "count": 0,
            "name": "Minhh Thư"
        },
        {
            "id": "100073062182339",
            "count": 0,
            "name": "Tran Lienn",
            "lastActive": "19:39:00 || chủ nhật"
        },
        {
            "id": "100088214170925",
            "count": 0,
            "name": "Tuấn Ngọc",
            "lastActive": "17:51:01 || thứ ba"
        },
        {
            "id": "100068207799151",
            "count": 0,
            "name": "Hàn Thị Thu Dịu"
        },
        {
            "id": "61564637039893",
            "count": 0,
            "name": "Nọc Tuyền Ctee",
            "lastActive": "20:43:09 || thứ hai"
        },
        {
            "id": "100072534055962",
            "count": 0,
            "name": "Thi Gia Tường",
            "lastActive": "17:11:45 || thứ ba"
        },
        {
            "id": "100058178289716",
            "count": 0,
            "name": "Minh Hoàng",
            "lastActive": "07:27:22 || thứ ba"
        },
        {
            "id": "61577429562849",
            "count": 0,
            "name": "Nguyễn Ph.Anh"
        },
        {
            "id": "100080607796297",
            "count": 0,
            "name": "Hàn Thị Thu Dịu",
            "lastActive": "22:31:21 || thứ ba"
        },
        {
            "id": "100078204477620",
            "count": 72,
            "name": "Tr Thu Thaoo",
            "lastActive": "11:15:19 || thứ tư"
        },
        {
            "id": "100069836134885",
            "count": 0,
            "name": "Thái Dương",
            "lastActive": "17:41:20 || thứ ba"
        },
        {
            "id": "100051843924156",
            "count": 0,
            "name": "Huỳnh Dương"
        },
        {
            "id": "100046509163100",
            "count": 0,
            "name": "Tô Thị Kim Anh",
            "lastActive": "10:30:49 || thứ ba"
        },
        {
            "id": "61575947559167",
            "count": 10,
            "name": "Anh Quynh",
            "lastActive": "11:15:18 || thứ tư"
        },
        {
            "id": "100081185080178",
            "count": 40,
            "name": "Thanh Như",
            "lastActive": "16:44:12 || thứ tư"
        },
        {
            "id": "100040921482911",
            "count": 0,
            "name": "Ngọc Nguyễn",
            "lastActive": "22:41:59 || chủ nhật"
        },
        {
            "id": "100085144460856",
            "count": 0,
            "name": "Caoo Kimm"
        },
        {
            "id": "100067134490726",
            "count": 0,
            "name": "Võ Lê Tấn Phát",
            "lastActive": "07:13:03 || thứ ba"
        },
        {
            "id": "100039443777832",
            "count": 10,
            "name": "Thuỳ Linh",
            "lastActive": "11:27:25 || thứ tư"
        },
        {
            "id": "100084391419411",
            "count": 0,
            "name": "Phương Trinh",
            "lastActive": "00:05:52 || thứ hai"
        },
        {
            "id": "100082698367588",
            "count": 0,
            "name": "Trần Thư"
        },
        {
            "id": "100082610064224",
            "count": 12,
            "name": "Tue Anh",
            "lastActive": "06:06:35 || thứ tư"
        },
        {
            "id": "61560543509673",
            "count": 0,
            "name": "Ng Thị Diệu Nhi"
        },
        {
            "id": "61567134368251",
            "count": 6,
            "name": "Cam",
            "lastActive": "06:43:21 || thứ tư"
        },
        {
            "id": "61562207677711",
            "count": 0,
            "name": "Thu Binh Bunn"
        },
        {
            "id": "100084276703612",
            "count": 0,
            "name": "Thanh Trúc",
            "lastActive": "16:24:50 || thứ ba"
        },
        {
            "id": "61559070667666",
            "count": 0,
            "name": "Ngọc Tuyết"
        },
        {
            "id": "100073639420918",
            "count": 0,
            "name": "Ng Van Hungg 💤"
        },
        {
            "id": "61550030184394",
            "count": 8,
            "name": "️️️️️️️️️️️️️️️️️️️️️️️️️️️️️️️️️️️️️️️️️️️️️️️️️️️️️️️️️️️️️️️️️️️️️️️️️️️️️️️️️️️️️️️️️️️️️️️️️️️️️️️️️️️️️️️️️️️️️️️️️️️️️️️️️️️️️️️️️️️️️️️️️️️️️️️️️️️️️️️️️️️️️️️️️️ ",
            "lastActive": "10:17:18 || thứ tư"
        },
        {
            "id": "100000895922054",
            "count": 0,
            "name": "Ng Van Hungg 🌸"
        },
        {
            "id": "61557428621458",
            "count": 2,
            "name": "Linh Chi",
            "lastActive": "12:17:15 || thứ tư"
        },
        {
            "id": "61568704992723",
            "count": 2,
            "name": "Phạm Anh Tho",
            "lastActive": "00:32:04 || thứ tư"
        },
        {
            "id": "61576774502524",
            "count": 0,
            "name": "Bảo Châu",
            "lastActive": "21:20:16 || thứ ba"
        },
        {
            "id": "100092850504657",
            "count": 0,
            "name": "Lê Thị Ánh Dương",
            "lastActive": "18:00:02 || thứ hai"
        },
        {
            "id": "61582602883474",
            "count": 0,
            "name": "Nguyễn Khanh Linhh",
            "lastActive": "20:50:10 || thứ hai"
        },
        {
            "id": "100066842235956",
            "count": 16,
            "name": "Nhật Thịnh",
            "lastActive": "16:17:50 || thứ tư"
        },
        {
            "id": "100080014736964",
            "count": 2,
            "name": "Duc Anh",
            "lastActive": "10:17:58 || thứ tư"
        },
        {
            "id": "100036929060161",
            "count": 0,
            "name": "Um Um",
            "lastActive": "22:57:07 || thứ ba"
        },
        {
            "id": "61555858696005",
            "count": 130,
            "name": "Chào Bạn Nha",
            "lastActive": "12:48:33 || thứ tư"
        },
        {
            "id": "61575241190011",
            "count": 10,
            "name": "Trang Lê",
            "lastActive": "16:18:45 || thứ tư"
        },
        {
            "id": "100081919752405",
            "count": 0,
            "name": "Minhh Thùyy",
            "lastActive": "10:13:27 || thứ hai"
        },
        {
            "id": "100014745841348",
            "count": 28,
            "name": "Trần Thị Tuyết Nhi",
            "lastActive": "12:16:31 || thứ tư"
        },
        {
            "id": "61569807933602",
            "count": 24,
            "name": "NGuyễn Bích Ngọc",
            "lastActive": "11:26:29 || thứ tư"
        },
        {
            "id": "100084138245153",
            "count": 0,
            "name": "Anh Mai",
            "lastActive": "23:44:18 || thứ ba"
        },
        {
            "id": "100083157075232",
            "count": 4,
            "lastActive": "06:04:24 || thứ tư"
        },
        {
            "id": "100078328591430",
            "count": 20,
            "lastActive": "10:09:49 || thứ tư"
        },
        {
            "id": "61583237510017",
            "count": 8,
            "lastActive": "10:14:26 || thứ tư"
        }
    ],
    "time": 3,
    "last": {
        "time": 4,
        "day": [
            {
                "id": "100093151203610",
                "count": 0
            },
            {
                "id": "100073062182339",
                "count": 0
            },
            {
                "id": "100088214170925",
                "count": 0
            },
            {
                "id": "100068207799151",
                "count": 0
            },
            {
                "id": "61564637039893",
                "count": 0
            },
            {
                "id": "100072534055962",
                "count": 0
            },
            {
                "id": "100058178289716",
                "count": 0
            },
            {
                "id": "61577429562849",
                "count": 0
            },
            {
                "id": "100080607796297",
                "count": 0
            },
            {
                "id": "100078204477620",
                "count": 0
            },
            {
                "id": "100069836134885",
                "count": 0
            },
            {
                "id": "100051843924156",
                "count": 0
            },
            {
                "id": "100046509163100",
                "count": 0
            },
            {
                "id": "61575947559167",
                "count": 0
            },
            {
                "id": "100081185080178",
                "count": 0
            },
            {
                "id": "100092850504657",
                "count": 0
            },
            {
                "id": "100040921482911",
                "count": 0
            },
            {
                "id": "100085144460856",
                "count": 0
            },
            {
                "id": "100014745841348",
                "count": 0
            },
            {
                "id": "100067134490726",
                "count": 0
            },
            {
                "id": "100039443777832",
                "count": 0
            },
            {
                "id": "100084391419411",
                "count": 0
            },
            {
                "id": "100036929060161",
                "count": 0
            },
            {
                "id": "100082698367588",
                "count": 0
            },
            {
                "id": "100082610064224",
                "count": 0
            },
            {
                "id": "61560543509673",
                "count": 0
            },
            {
                "id": "61567134368251",
                "count": 0
            },
            {
                "id": "61562207677711",
                "count": 0
            },
            {
                "id": "100084276703612",
                "count": 0
            },
            {
                "id": "61559070667666",
                "count": 0
            },
            {
                "id": "100073639420918",
                "count": 0
            },
            {
                "id": "61550030184394",
                "count": 0
            },
            {
                "id": "100000895922054",
                "count": 0
            },
            {
                "id": "61557428621458",
                "count": 0
            },
            {
                "id": "61568704992723",
                "count": 0
            },
            {
                "id": "61576774502524",
                "count": 0
            },
            {
                "id": "61582602883474",
                "count": 0
            },
            {
                "id": "100066842235956",
                "count": 0
            },
            {
                "id": "100080014736964",
                "count": 0
            },
            {
                "id": "61555858696005",
                "count": 0
            },
            {
                "id": "61575241190011",
                "count": 0
            },
            {
                "id": "100081919752405",
                "count": 0
            },
            {
                "id": "61569807933602",
                "count": 0
            },
            {
                "id": "100084138245153",
                "count": 0
            },
            {
                "id": "100083157075232",
                "count": 0
            },
            {
                "id": "100078328591430",
                "count": 0
            },
            {
                "id": "61583237510017",
                "count": 0
            }
        ],
        "week": [
            {
                "id": "100093151203610",
                "count": 0
            },
            {
                "id": "100073062182339",
                "count": 0
            },
            {
                "id": "100088214170925",
                "count": 0
            },
            {
                "id": "100068207799151",
                "count": 0
            },
            {
                "id": "61564637039893",
                "count": 0
            },
            {
                "id": "100072534055962",
                "count": 0
            },
            {
                "id": "100058178289716",
                "count": 0
            },
            {
                "id": "61577429562849",
                "count": 0
            },
            {
                "id": "100080607796297",
                "count": 0
            },
            {
                "id": "100078204477620",
                "count": 0
            },
            {
                "id": "100069836134885",
                "count": 0
            },
            {
                "id": "100051843924156",
                "count": 0
            },
            {
                "id": "100046509163100",
                "count": 0
            },
            {
                "id": "61575947559167",
                "count": 0
            },
            {
                "id": "100081185080178",
                "count": 0
            },
            {
                "id": "100092850504657",
                "count": 0
            },
            {
                "id": "100040921482911",
                "count": 0
            },
            {
                "id": "100085144460856",
                "count": 0
            },
            {
                "id": "100014745841348",
                "count": 0
            },
            {
                "id": "100067134490726",
                "count": 0
            },
            {
                "id": "100039443777832",
                "count": 0
            },
            {
                "id": "100084391419411",
                "count": 0
            },
            {
                "id": "100036929060161",
                "count": 0
            },
            {
                "id": "100082698367588",
                "count": 0
            },
            {
                "id": "100082610064224",
                "count": 0
            },
            {
                "id": "61560543509673",
                "count": 0
            },
            {
                "id": "61567134368251",
                "count": 0
            },
            {
                "id": "61562207677711",
                "count": 0
            },
            {
                "id": "100084276703612",
                "count": 0
            },
            {
                "id": "61559070667666",
                "count": 0
            },
            {
                "id": "100073639420918",
                "count": 0
            },
            {
                "id": "61550030184394",
                "count": 0
            },
            {
                "id": "100000895922054",
                "count": 0
            },
            {
                "id": "61557428621458",
                "count": 0
            },
            {
                "id": "61568704992723",
                "count": 0
            },
            {
                "id": "61576774502524",
                "count": 0
            },
            {
                "id": "61582602883474",
                "count": 0
            },
            {
                "id": "100066842235956",
                "count": 0
            },
            {
                "id": "100080014736964",
                "count": 0
            },
            {
                "id": "61555858696005",
                "count": 0
            },
            {
                "id": "61575241190011",
                "count": 0
            },
            {
                "id": "100081919752405",
                "count": 0
            },
            {
                "id": "61569807933602",
                "count": 0
            },
            {
                "id": "100084138245153",
                "count": 0
            },
            {
                "id": "100083157075232",
                "count": 0
            },
            {
                "id": "100078328591430",
                "count": 0
            },
            {
                "id": "61583237510017",
                "count": 0
            }
        ]
    }
}