{
    "total": [
        {
            "id": "100093151203610",
            "count": 42
        },
        {
            "id": "100080607796297",
            "count": 1541,
            "lastActive": "10:27:44 || thứ tư"
        },
        {
            "id": "100088851920004",
            "count": 9,
            "lastActive": "00:01:41 || thứ ba"
        },
        {
            "id": "100069836134885",
            "count": 12
        },
        {
            "id": "100035424193583",
            "count": 152,
            "lastActive": "21:27:11 || thứ ba"
        },
        {
            "id": "61554433842417",
            "count": 93
        },
        {
            "id": "100043422287968",
            "count": 4
        },
        {
            "id": "61553597526822",
            "count": 8
        },
        {
            "id": "100060834856135",
            "count": 257,
            "lastActive": "21:31:23 || thứ ba"
        },
        {
            "id": "100058178289716",
            "count": 280,
            "lastActive": "06:00:06 || thứ ba"
        },
        {
            "id": "100043933179132",
            "count": 124,
            "lastActive": "21:23:16 || thứ ba"
        },
        {
            "id": "100023645925136",
            "count": 242,
            "lastActive": "10:59:40 || thứ tư"
        },
        {
            "id": "100014745841348",
            "count": 291,
            "lastActive": "11:00:24 || thứ tư"
        },
        {
            "id": "100014445460183",
            "count": 67,
            "lastActive": "16:52:47 || thứ tư"
        },
        {
            "id": "100072084620334",
            "count": 191,
            "lastActive": "03:02:00 || thứ tư"
        },
        {
            "id": "100079295228498",
            "count": 146,
            "lastActive": "22:02:11 || thứ ba"
        },
        {
            "id": "100078830156674",
            "count": 9,
            "lastActive": "08:40:33 || thứ tư"
        },
        {
            "id": "100067974105780",
            "count": 163,
            "lastActive": "21:20:03 || thứ ba"
        },
        {
            "id": "100076293475426",
            "count": 425,
            "lastActive": "11:00:45 || thứ tư"
        },
        {
            "id": "100033857178078",
            "count": 218,
            "lastActive": "22:02:02 || thứ ba"
        },
        {
            "id": "100026166136960",
            "count": 57,
            "lastActive": "15:08:54 || thứ tư"
        },
        {
            "id": "100034387628826",
            "count": 79,
            "lastActive": "21:26:05 || thứ ba"
        },
        {
            "id": "100089912604401",
            "count": 70,
            "lastActive": "20:43:44 || thứ ba"
        },
        {
            "id": "100013466082415",
            "count": 0
        },
        {
            "id": "100076561754948",
            "count": 506,
            "lastActive": "16:51:22 || thứ tư"
        },
        {
            "id": "100073210335753",
            "count": 283,
            "lastActive": "12:30:17 || thứ tư"
        },
        {
            "id": "100068185930069",
            "count": 192,
            "lastActive": "11:06:08 || thứ tư"
        },
        {
            "id": "100028431092766",
            "count": 52,
            "lastActive": "19:27:36 || thứ hai"
        },
        {
            "id": "100071178524714",
            "count": 92
        },
        {
            "id": "100035217042473",
            "count": 61,
            "lastActive": "21:25:48 || thứ ba"
        },
        {
            "id": "100092303065804",
            "count": 71,
            "lastActive": "07:03:08 || thứ tư"
        },
        {
            "id": "100028958956842",
            "count": 12,
            "lastActive": "19:19:53 || thứ hai"
        },
        {
            "id": "100009736753936",
            "count": 75,
            "lastActive": "19:22:43 || thứ hai"
        },
        {
            "id": "100082698367588",
            "count": 0
        },
        {
            "id": "100068667114604",
            "count": 348
        },
        {
            "id": "100073984955468",
            "count": 28,
            "lastActive": "21:31:54 || thứ hai"
        },
        {
            "id": "100034420336013",
            "count": 33,
            "lastActive": "20:48:51 || chủ nhật"
        },
        {
            "id": "100021146132753",
            "count": 331,
            "lastActive": "11:07:14 || thứ tư"
        },
        {
            "id": "61556956535284",
            "count": 20,
            "lastActive": "13:50:12 || thứ tư"
        },
        {
            "id": "61556932951435",
            "count": 139,
            "lastActive": "21:20:32 || thứ ba"
        },
        {
            "id": "100087309560246",
            "count": 0
        },
        {
            "id": "100032366202587",
            "count": 104,
            "lastActive": "21:17:44 || chủ nhật"
        },
        {
            "id": "100066842235956",
            "count": 980,
            "lastActive": "11:00:21 || thứ tư"
        },
        {
            "id": "100003721717720",
            "count": 829,
            "lastActive": "22:25:53 || thứ ba"
        },
        {
            "id": "100073113797089",
            "count": 1
        },
        {
            "id": "100015363039850",
            "count": 0
        },
        {
            "id": "100051395551757",
            "count": 83,
            "lastActive": "08:14:38 || thứ tư"
        },
        {
            "id": "100028488301195",
            "count": 0
        },
        {
            "id": "100033249734258",
            "count": 25,
            "lastActive": "07:13:23 || thứ tư"
        },
        {
            "id": "61578080757457",
            "count": 0
        },
        {
            "id": "100084276703612",
            "count": 117,
            "lastActive": "20:48:21 || thứ hai"
        },
        {
            "id": "100073639420918",
            "count": 22
        },
        {
            "id": "61550030184394",
            "count": 95,
            "lastActive": "10:17:18 || thứ tư"
        },
        {
            "id": "100051518466776",
            "count": 252,
            "lastActive": "08:50:07 || thứ tư"
        },
        {
            "id": "100000895922054",
            "count": 154
        },
        {
            "id": "100042163081010",
            "count": 0
        },
        {
            "id": "100085268946242",
            "count": 12
        },
        {
            "id": "100031362105535",
            "count": 69,
            "lastActive": "10:41:57 || thứ tư"
        },
        {
            "id": "61571601337114",
            "count": 310,
            "lastActive": "15:11:23 || thứ tư"
        },
        {
            "id": "1653887803",
            "count": 175,
            "lastActive": "16:54:01 || thứ tư"
        },
        {
            "id": "61583041779277",
            "count": 16,
            "lastActive": "17:22:32 || thứ ba"
        },
        {
            "id": "61560740597142",
            "count": 16,
            "lastActive": "21:24:17 || thứ ba"
        },
        {
            "id": "100044043570297",
            "count": 0
        }
    ],
    "week": [
        {
            "id": "100093151203610",
            "count": 0,
            "name": "Minhh Thư"
        },
        {
            "id": "100080607796297",
            "count": 226,
            "name": "Hàn Thị Thu Dịu",
            "lastActive": "10:27:44 || thứ tư"
        },
        {
            "id": "100088851920004",
            "count": 2,
            "name": "Ngọc Trang",
            "lastActive": "00:01:41 || thứ ba"
        },
        {
            "id": "100069836134885",
            "count": 0,
            "name": "Thái Dương"
        },
        {
            "id": "100035424193583",
            "count": 138,
            "name": "Hồng Ngọc",
            "lastActive": "21:27:11 || thứ ba"
        },
        {
            "id": "61554433842417",
            "count": 0,
            "name": "Hồng Huệ"
        },
        {
            "id": "100043422287968",
            "count": 0,
            "name": "Hoàng Quốc"
        },
        {
            "id": "61553597526822",
            "count": 0,
            "name": "Kim Trúc"
        },
        {
            "id": "100060834856135",
            "count": 28,
            "name": "Đào Đào",
            "lastActive": "21:31:23 || thứ ba"
        },
        {
            "id": "100058178289716",
            "count": 14,
            "name": "Minh Hoàng",
            "lastActive": "06:00:06 || thứ ba"
        },
        {
            "id": "100043933179132",
            "count": 4,
            "name": "Ng Hoàng Bảo Duy",
            "lastActive": "21:23:16 || thứ ba"
        },
        {
            "id": "100023645925136",
            "count": 26,
            "name": "Nguyễn Hoàng Phương Thảo",
            "lastActive": "10:59:40 || thứ tư"
        },
        {
            "id": "100014745841348",
            "count": 60,
            "name": "Trần Thị Tuyết Nhi",
            "lastActive": "11:00:24 || thứ tư"
        },
        {
            "id": "100014445460183",
            "count": 2,
            "name": "Trần Hạnh",
            "lastActive": "16:52:47 || thứ tư"
        },
        {
            "id": "100072084620334",
            "count": 50,
            "name": "Nguyễn Hào",
            "lastActive": "03:02:00 || thứ tư"
        },
        {
            "id": "100079295228498",
            "count": 24,
            "name": "Nguyễn Trang",
            "lastActive": "22:02:11 || thứ ba"
        },
        {
            "id": "100078830156674",
            "count": 4,
            "name": "Nguyễn Văn Trường",
            "lastActive": "08:40:33 || thứ tư"
        },
        {
            "id": "100067974105780",
            "count": 2,
            "name": "Trâm Phạm",
            "lastActive": "21:20:03 || thứ ba"
        },
        {
            "id": "100076293475426",
            "count": 58,
            "name": "Hoàng Tuấn",
            "lastActive": "11:00:45 || thứ tư"
        },
        {
            "id": "100033857178078",
            "count": 4,
            "name": "Nguyễn Tiến Thành",
            "lastActive": "22:02:02 || thứ ba"
        },
        {
            "id": "100026166136960",
            "count": 8,
            "name": "Huynh Võ Tuyết Anh",
            "lastActive": "15:08:54 || thứ tư"
        },
        {
            "id": "100034387628826",
            "count": 44,
            "name": "Phương Mina",
            "lastActive": "21:26:05 || thứ ba"
        },
        {
            "id": "100089912604401",
            "count": 12,
            "name": "Nguyễn Mạnh",
            "lastActive": "20:43:44 || thứ ba"
        },
        {
            "id": "100013466082415",
            "count": 0,
            "name": "Toan My"
        },
        {
            "id": "100076561754948",
            "count": 102,
            "name": "Ng Thị Tuyết Minh",
            "lastActive": "16:51:22 || thứ tư"
        },
        {
            "id": "100073210335753",
            "count": 24,
            "name": "Pham Anh Duan",
            "lastActive": "12:30:17 || thứ tư"
        },
        {
            "id": "100068185930069",
            "count": 70,
            "name": "Nguyen Minh Quan",
            "lastActive": "11:06:08 || thứ tư"
        },
        {
            "id": "100028431092766",
            "count": 2,
            "name": "Nguyen Bich Hong",
            "lastActive": "19:27:36 || thứ hai"
        },
        {
            "id": "100071178524714",
            "count": 0,
            "name": "Trần Thị Thu Thảo"
        },
        {
            "id": "100035217042473",
            "count": 24,
            "name": "Lê Hoàng Sang",
            "lastActive": "21:25:48 || thứ ba"
        },
        {
            "id": "100092303065804",
            "count": 6,
            "name": "Vũ Thị Huệ",
            "lastActive": "07:03:08 || thứ tư"
        },
        {
            "id": "100028958956842",
            "count": 2,
            "name": "Lê Thị Mỹ Trinh",
            "lastActive": "19:19:53 || thứ hai"
        },
        {
            "id": "100009736753936",
            "count": 2,
            "name": "Minh Anhh Trinh",
            "lastActive": "19:22:43 || thứ hai"
        },
        {
            "id": "100082698367588",
            "count": 0,
            "name": "Trần Thư"
        },
        {
            "id": "100068667114604",
            "count": 0,
            "name": "Diễm Quỳnh"
        },
        {
            "id": "100073984955468",
            "count": 2,
            "name": "Đào Khánh Linh",
            "lastActive": "21:31:54 || thứ hai"
        },
        {
            "id": "100034420336013",
            "count": 0,
            "name": "Hoàng Huy",
            "lastActive": "20:48:51 || chủ nhật"
        },
        {
            "id": "100021146132753",
            "count": 58,
            "name": "Vũ Ngọc Long",
            "lastActive": "11:07:14 || thứ tư"
        },
        {
            "id": "61556956535284",
            "count": 4,
            "name": "Thùy Dung",
            "lastActive": "13:50:12 || thứ tư"
        },
        {
            "id": "61556932951435",
            "count": 42,
            "name": "Thuu Hà",
            "lastActive": "21:20:32 || thứ ba"
        },
        {
            "id": "100087309560246",
            "count": 0,
            "name": "Dao Kim Tien"
        },
        {
            "id": "100032366202587",
            "count": 0,
            "name": "Nấm",
            "lastActive": "21:17:44 || chủ nhật"
        },
        {
            "id": "100066842235956",
            "count": 108,
            "name": "Nhật Thịnh",
            "lastActive": "11:00:21 || thứ tư"
        },
        {
            "id": "100003721717720",
            "count": 20,
            "name": "Nguyễn Văn Nam",
            "lastActive": "22:25:53 || thứ ba"
        },
        {
            "id": "100073113797089",
            "count": 0,
            "name": "Phương An"
        },
        {
            "id": "100015363039850",
            "count": 0,
            "name": "Nguyen Quang Duy"
        },
        {
            "id": "100051395551757",
            "count": 10,
            "name": "Hoài Thương",
            "lastActive": "08:14:38 || thứ tư"
        },
        {
            "id": "100028488301195",
            "count": 0,
            "name": "Thành Phạm"
        },
        {
            "id": "100033249734258",
            "count": 8,
            "name": "Quốc Thái",
            "lastActive": "07:13:23 || thứ tư"
        },
        {
            "id": "61578080757457",
            "count": 0,
            "name": "陳玉成"
        },
        {
            "id": "100084276703612",
            "count": 4,
            "name": "Thanh Trúc",
            "lastActive": "20:48:21 || thứ hai"
        },
        {
            "id": "100073639420918",
            "count": 0,
            "name": "Ng Van Hungg 💤"
        },
        {
            "id": "61550030184394",
            "count": 16,
            "name": "️️️️️️️️️️️️️️️️️️️️️️️️️️️️️️️️️️️️️️️️️️️️️️️️️️️️️️️️️️️️️️️️️️️️️️️️️️️️️️️️️️️️️️️️️️️️️️️️️️️️️️️️️️️️️️️️️️️️️️️️️️️️️️️️️️️️️️️️️️️️️️️️️️️️️️️️️️️️️️️️️️️️️️️️️️ ",
            "lastActive": "10:17:18 || thứ tư"
        },
        {
            "id": "100051518466776",
            "count": 14,
            "name": "Em Lương",
            "lastActive": "08:50:07 || thứ tư"
        },
        {
            "id": "100000895922054",
            "count": 0,
            "name": "Ng Van Hungg 🌸"
        },
        {
            "id": "100042163081010",
            "count": 0,
            "name": "Thiều Hồng Châm"
        },
        {
            "id": "100085268946242",
            "count": 0,
            "name": "Huỳnh Nam"
        },
        {
            "id": "100031362105535",
            "count": 14,
            "name": "ʚLy Lyɞ",
            "lastActive": "10:41:57 || thứ tư"
        },
        {
            "id": "61571601337114",
            "count": 44,
            "name": "Thu Thuỷ",
            "lastActive": "15:11:23 || thứ tư"
        },
        {
            "id": "1653887803",
            "count": 70,
            "name": "Lê Thời Việt Anh",
            "lastActive": "16:54:01 || thứ tư"
        },
        {
            "id": "61583041779277",
            "count": 12,
            "name": "Phạm Tùng",
            "lastActive": "17:22:32 || thứ ba"
        },
        {
            "id": "61560740597142",
            "count": 16,
            "lastActive": "21:24:17 || thứ ba"
        },
        {
            "id": "100044043570297",
            "count": 0
        }
    ],
    "day": [
        {
            "id": "100093151203610",
            "count": 0,
            "name": "Minhh Thư"
        },
        {
            "id": "100080607796297",
            "count": 4,
            "name": "Hàn Thị Thu Dịu",
            "lastActive": "10:27:44 || thứ tư"
        },
        {
            "id": "100088851920004",
            "count": 0,
            "name": "Ngọc Trang",
            "lastActive": "00:01:41 || thứ ba"
        },
        {
            "id": "100069836134885",
            "count": 0,
            "name": "Thái Dương"
        },
        {
            "id": "100035424193583",
            "count": 0,
            "name": "Hồng Ngọc",
            "lastActive": "21:27:11 || thứ ba"
        },
        {
            "id": "61554433842417",
            "count": 0,
            "name": "Hồng Huệ"
        },
        {
            "id": "100043422287968",
            "count": 0,
            "name": "Hoàng Quốc"
        },
        {
            "id": "61553597526822",
            "count": 0,
            "name": "Kim Trúc"
        },
        {
            "id": "100060834856135",
            "count": 0,
            "name": "Đào Đào",
            "lastActive": "21:31:23 || thứ ba"
        },
        {
            "id": "100058178289716",
            "count": 0,
            "name": "Minh Hoàng",
            "lastActive": "06:00:06 || thứ ba"
        },
        {
            "id": "100043933179132",
            "count": 0,
            "name": "Ng Hoàng Bảo Duy",
            "lastActive": "21:23:16 || thứ ba"
        },
        {
            "id": "100023645925136",
            "count": 8,
            "name": "Nguyễn Hoàng Phương Thảo",
            "lastActive": "10:59:40 || thứ tư"
        },
        {
            "id": "100014745841348",
            "count": 14,
            "name": "Trần Thị Tuyết Nhi",
            "lastActive": "11:00:24 || thứ tư"
        },
        {
            "id": "100014445460183",
            "count": 2,
            "name": "Trần Hạnh",
            "lastActive": "16:52:47 || thứ tư"
        },
        {
            "id": "100072084620334",
            "count": 4,
            "name": "Nguyễn Hào",
            "lastActive": "03:02:00 || thứ tư"
        },
        {
            "id": "100079295228498",
            "count": 0,
            "name": "Nguyễn Trang",
            "lastActive": "22:02:11 || thứ ba"
        },
        {
            "id": "100078830156674",
            "count": 4,
            "name": "Nguyễn Văn Trường",
            "lastActive": "08:40:33 || thứ tư"
        },
        {
            "id": "100067974105780",
            "count": 0,
            "name": "Trâm Phạm",
            "lastActive": "21:20:03 || thứ ba"
        },
        {
            "id": "100076293475426",
            "count": 6,
            "name": "Hoàng Tuấn",
            "lastActive": "11:00:45 || thứ tư"
        },
        {
            "id": "100033857178078",
            "count": 0,
            "name": "Nguyễn Tiến Thành",
            "lastActive": "22:02:02 || thứ ba"
        },
        {
            "id": "100026166136960",
            "count": 6,
            "name": "Huynh Võ Tuyết Anh",
            "lastActive": "15:08:54 || thứ tư"
        },
        {
            "id": "100034387628826",
            "count": 0,
            "name": "Phương Mina",
            "lastActive": "21:26:05 || thứ ba"
        },
        {
            "id": "100089912604401",
            "count": 0,
            "name": "Nguyễn Mạnh",
            "lastActive": "20:43:44 || thứ ba"
        },
        {
            "id": "100013466082415",
            "count": 0,
            "name": "Toan My"
        },
        {
            "id": "100076561754948",
            "count": 12,
            "name": "Ng Thị Tuyết Minh",
            "lastActive": "16:51:22 || thứ tư"
        },
        {
            "id": "100073210335753",
            "count": 2,
            "name": "Pham Anh Duan",
            "lastActive": "12:30:17 || thứ tư"
        },
        {
            "id": "100068185930069",
            "count": 26,
            "name": "Nguyen Minh Quan",
            "lastActive": "11:06:08 || thứ tư"
        },
        {
            "id": "100028431092766",
            "count": 0,
            "name": "Nguyen Bich Hong",
            "lastActive": "19:27:36 || thứ hai"
        },
        {
            "id": "100071178524714",
            "count": 0,
            "name": "Trần Thị Thu Thảo"
        },
        {
            "id": "100035217042473",
            "count": 0,
            "name": "Lê Hoàng Sang",
            "lastActive": "21:25:48 || thứ ba"
        },
        {
            "id": "100092303065804",
            "count": 2,
            "name": "Vũ Thị Huệ",
            "lastActive": "07:03:08 || thứ tư"
        },
        {
            "id": "100028958956842",
            "count": 0,
            "name": "Lê Thị Mỹ Trinh",
            "lastActive": "19:19:53 || thứ hai"
        },
        {
            "id": "100009736753936",
            "count": 0,
            "name": "Minh Anhh Trinh",
            "lastActive": "19:22:43 || thứ hai"
        },
        {
            "id": "100082698367588",
            "count": 0,
            "name": "Trần Thư"
        },
        {
            "id": "100068667114604",
            "count": 0,
            "name": "Diễm Quỳnh"
        },
        {
            "id": "100073984955468",
            "count": 0,
            "name": "Đào Khánh Linh",
            "lastActive": "21:31:54 || thứ hai"
        },
        {
            "id": "100034420336013",
            "count": 0,
            "name": "Hoàng Huy",
            "lastActive": "20:48:51 || chủ nhật"
        },
        {
            "id": "100021146132753",
            "count": 20,
            "name": "Vũ Ngọc Long",
            "lastActive": "11:07:14 || thứ tư"
        },
        {
            "id": "61556956535284",
            "count": 4,
            "name": "Thùy Dung",
            "lastActive": "13:50:12 || thứ tư"
        },
        {
            "id": "61556932951435",
            "count": 0,
            "name": "Thuu Hà",
            "lastActive": "21:20:32 || thứ ba"
        },
        {
            "id": "100087309560246",
            "count": 0,
            "name": "Dao Kim Tien"
        },
        {
            "id": "100032366202587",
            "count": 0,
            "name": "Nấm",
            "lastActive": "21:17:44 || chủ nhật"
        },
        {
            "id": "100066842235956",
            "count": 4,
            "name": "Nhật Thịnh",
            "lastActive": "11:00:21 || thứ tư"
        },
        {
            "id": "100003721717720",
            "count": 0,
            "name": "Nguyễn Văn Nam",
            "lastActive": "22:25:53 || thứ ba"
        },
        {
            "id": "100073113797089",
            "count": 0,
            "name": "Phương An"
        },
        {
            "id": "100015363039850",
            "count": 0,
            "name": "Nguyen Quang Duy"
        },
        {
            "id": "100051395551757",
            "count": 4,
            "name": "Hoài Thương",
            "lastActive": "08:14:38 || thứ tư"
        },
        {
            "id": "100028488301195",
            "count": 0,
            "name": "Thành Phạm"
        },
        {
            "id": "100033249734258",
            "count": 8,
            "name": "Quốc Thái",
            "lastActive": "07:13:23 || thứ tư"
        },
        {
            "id": "61578080757457",
            "count": 0,
            "name": "陳玉成"
        },
        {
            "id": "100084276703612",
            "count": 0,
            "name": "Thanh Trúc",
            "lastActive": "20:48:21 || thứ hai"
        },
        {
            "id": "100073639420918",
            "count": 0,
            "name": "Ng Van Hungg 💤"
        },
        {
            "id": "61550030184394",
            "count": 4,
            "name": "️️️️️️️️️️️️️️️️️️️️️️️️️️️️️️️️️️️️️️️️️️️️️️️️️️️️️️️️️️️️️️️️️️️️️️️️️️️️️️️️️️️️️️️️️️️️️️️️️️️️️️️️️️️️️️️️️️️️️️️️️️️️️️️️️️️️️️️️️️️️️️️️️️️️️️️️️️️️️️️️️️️️️️️️️️ ",
            "lastActive": "10:17:18 || thứ tư"
        },
        {
            "id": "100051518466776",
            "count": 10,
            "name": "Em Lương",
            "lastActive": "08:50:07 || thứ tư"
        },
        {
            "id": "100000895922054",
            "count": 0,
            "name": "Ng Van Hungg 🌸"
        },
        {
            "id": "100042163081010",
            "count": 0,
            "name": "Thiều Hồng Châm"
        },
        {
            "id": "100085268946242",
            "count": 0,
            "name": "Huỳnh Nam"
        },
        {
            "id": "100031362105535",
            "count": 2,
            "name": "ʚLy Lyɞ",
            "lastActive": "10:41:57 || thứ tư"
        },
        {
            "id": "61571601337114",
            "count": 14,
            "name": "Thu Thuỷ",
            "lastActive": "15:11:23 || thứ tư"
        },
        {
            "id": "1653887803",
            "count": 2,
            "name": "Lê Thời Việt Anh",
            "lastActive": "16:54:01 || thứ tư"
        },
        {
            "id": "61583041779277",
            "count": 0,
            "name": "Người dùng facebook",
            "lastActive": "17:22:32 || thứ ba"
        },
        {
            "id": "61560740597142",
            "count": 0,
            "lastActive": "21:24:17 || thứ ba"
        },
        {
            "id": "100044043570297",
            "count": 0
        }
    ],
    "time": 3,
    "last": {
        "time": 4,
        "day": [
            {
                "id": "100093151203610",
                "count": 0
            },
            {
                "id": "100080607796297",
                "count": 0
            },
            {
                "id": "100088851920004",
                "count": 0
            },
            {
                "id": "100069836134885",
                "count": 0
            },
            {
                "id": "100035424193583",
                "count": 0
            },
            {
                "id": "61554433842417",
                "count": 0
            },
            {
                "id": "100043422287968",
                "count": 0
            },
            {
                "id": "61553597526822",
                "count": 0
            },
            {
                "id": "100060834856135",
                "count": 0
            },
            {
                "id": "100058178289716",
                "count": 0
            },
            {
                "id": "100043933179132",
                "count": 0
            },
            {
                "id": "100023645925136",
                "count": 0
            },
            {
                "id": "100014745841348",
                "count": 0
            },
            {
                "id": "100031362105535",
                "count": 0
            },
            {
                "id": "100014445460183",
                "count": 0
            },
            {
                "id": "1653887803",
                "count": 0
            },
            {
                "id": "100072084620334",
                "count": 0
            },
            {
                "id": "100079295228498",
                "count": 0
            },
            {
                "id": "100078830156674",
                "count": 0
            },
            {
                "id": "100067974105780",
                "count": 0
            },
            {
                "id": "100076293475426",
                "count": 0
            },
            {
                "id": "100033857178078",
                "count": 0
            },
            {
                "id": "100026166136960",
                "count": 0
            },
            {
                "id": "100034387628826",
                "count": 0
            },
            {
                "id": "100089912604401",
                "count": 0
            },
            {
                "id": "100013466082415",
                "count": 0
            },
            {
                "id": "100076561754948",
                "count": 0
            },
            {
                "id": "100073210335753",
                "count": 0
            },
            {
                "id": "100068185930069",
                "count": 0
            },
            {
                "id": "100028431092766",
                "count": 0
            },
            {
                "id": "100071178524714",
                "count": 0
            },
            {
                "id": "100035217042473",
                "count": 0
            },
            {
                "id": "100092303065804",
                "count": 0
            },
            {
                "id": "100028958956842",
                "count": 0
            },
            {
                "id": "100009736753936",
                "count": 0
            },
            {
                "id": "100082698367588",
                "count": 0
            },
            {
                "id": "100068667114604",
                "count": 0
            },
            {
                "id": "100073984955468",
                "count": 0
            },
            {
                "id": "100034420336013",
                "count": 0
            },
            {
                "id": "100021146132753",
                "count": 0
            },
            {
                "id": "61556956535284",
                "count": 0
            },
            {
                "id": "61556932951435",
                "count": 0
            },
            {
                "id": "100087309560246",
                "count": 0
            },
            {
                "id": "100032366202587",
                "count": 0
            },
            {
                "id": "100066842235956",
                "count": 0
            },
            {
                "id": "100003721717720",
                "count": 0
            },
            {
                "id": "100073113797089",
                "count": 0
            },
            {
                "id": "100015363039850",
                "count": 0
            },
            {
                "id": "100051395551757",
                "count": 0
            },
            {
                "id": "100028488301195",
                "count": 0
            },
            {
                "id": "61571601337114",
                "count": 0
            },
            {
                "id": "100033249734258",
                "count": 0
            },
            {
                "id": "61578080757457",
                "count": 0
            },
            {
                "id": "100084276703612",
                "count": 0
            },
            {
                "id": "100073639420918",
                "count": 0
            },
            {
                "id": "61550030184394",
                "count": 0
            },
            {
                "id": "100051518466776",
                "count": 0
            },
            {
                "id": "100000895922054",
                "count": 0
            },
            {
                "id": "100042163081010",
                "count": 0
            },
            {
                "id": "100085268946242",
                "count": 0
            },
            {
                "id": "61583041779277",
                "count": 0
            },
            {
                "id": "61560740597142",
                "count": 0
            },
            {
                "id": "100044043570297",
                "count": 0
            }
        ],
        "week": [
            {
                "id": "100093151203610",
                "count": 0
            },
            {
                "id": "100080607796297",
                "count": 0
            },
            {
                "id": "100088851920004",
                "count": 0
            },
            {
                "id": "100069836134885",
                "count": 0
            },
            {
                "id": "100035424193583",
                "count": 0
            },
            {
                "id": "61554433842417",
                "count": 0
            },
            {
                "id": "100043422287968",
                "count": 0
            },
            {
                "id": "61553597526822",
                "count": 0
            },
            {
                "id": "100060834856135",
                "count": 0
            },
            {
                "id": "100058178289716",
                "count": 0
            },
            {
                "id": "100043933179132",
                "count": 0
            },
            {
                "id": "100023645925136",
                "count": 0
            },
            {
                "id": "100014745841348",
                "count": 0
            },
            {
                "id": "100031362105535",
                "count": 0
            },
            {
                "id": "100014445460183",
                "count": 0
            },
            {
                "id": "1653887803",
                "count": 0
            },
            {
                "id": "100072084620334",
                "count": 0
            },
            {
                "id": "100079295228498",
                "count": 0
            },
            {
                "id": "100078830156674",
                "count": 0
            },
            {
                "id": "100067974105780",
                "count": 0
            },
            {
                "id": "100076293475426",
                "count": 0
            },
            {
                "id": "100033857178078",
                "count": 0
            },
            {
                "id": "100026166136960",
                "count": 0
            },
            {
                "id": "100034387628826",
                "count": 0
            },
            {
                "id": "100089912604401",
                "count": 0
            },
            {
                "id": "100013466082415",
                "count": 0
            },
            {
                "id": "100076561754948",
                "count": 0
            },
            {
                "id": "100073210335753",
                "count": 0
            },
            {
                "id": "100068185930069",
                "count": 0
            },
            {
                "id": "100028431092766",
                "count": 0
            },
            {
                "id": "100071178524714",
                "count": 0
            },
            {
                "id": "100035217042473",
                "count": 0
            },
            {
                "id": "100092303065804",
                "count": 0
            },
            {
                "id": "100028958956842",
                "count": 0
            },
            {
                "id": "100009736753936",
                "count": 0
            },
            {
                "id": "100082698367588",
                "count": 0
            },
            {
                "id": "100068667114604",
                "count": 0
            },
            {
                "id": "100073984955468",
                "count": 0
            },
            {
                "id": "100034420336013",
                "count": 0
            },
            {
                "id": "100021146132753",
                "count": 0
            },
            {
                "id": "61556956535284",
                "count": 0
            },
            {
                "id": "61556932951435",
                "count": 0
            },
            {
                "id": "100087309560246",
                "count": 0
            },
            {
                "id": "100032366202587",
                "count": 0
            },
            {
                "id": "100066842235956",
                "count": 0
            },
            {
                "id": "100003721717720",
                "count": 0
            },
            {
                "id": "100073113797089",
                "count": 0
            },
            {
                "id": "100015363039850",
                "count": 0
            },
            {
                "id": "100051395551757",
                "count": 0
            },
            {
                "id": "100028488301195",
                "count": 0
            },
            {
                "id": "61571601337114",
                "count": 0
            },
            {
                "id": "100033249734258",
                "count": 0
            },
            {
                "id": "61578080757457",
                "count": 0
            },
            {
                "id": "100084276703612",
                "count": 0
            },
            {
                "id": "100073639420918",
                "count": 0
            },
            {
                "id": "61550030184394",
                "count": 0
            },
            {
                "id": "100051518466776",
                "count": 0
            },
            {
                "id": "100000895922054",
                "count": 0
            },
            {
                "id": "100042163081010",
                "count": 0
            },
            {
                "id": "100085268946242",
                "count": 0
            },
            {
                "id": "61583041779277",
                "count": 0
            },
            {
                "id": "61560740597142",
                "count": 0
            },
            {
                "id": "100044043570297",
                "count": 0
            }
        ]
    }
}