{
    "total": [
        {
            "id": "100047128875560",
            "count": 0
        },
        {
            "id": "100084153722727",
            "count": 2
        },
        {
            "id": "100015047057240",
            "count": 0
        },
        {
            "id": "100077250049300",
            "count": 2
        },
        {
            "id": "100073639420918",
            "count": 3
        },
        {
            "id": "1797773850",
            "count": 0
        },
        {
            "id": "100041871021842",
            "count": 1
        },
        {
            "id": "100000895922054",
            "count": 12
        },
        {
            "id": "61574981373448",
            "count": 7
        },
        {
            "id": "100037229083476",
            "count": 9
        },
        {
            "id": "61562105756497",
            "count": 0
        },
        {
            "id": "61570022586492",
            "count": 0
        },
        {
            "id": "61577911347388",
            "count": 0
        },
        {
            "id": "61567360564496",
            "count": 0
        }
    ],
    "week": [
        {
            "id": "100047128875560",
            "count": 0,
            "name": "Nguyễn Phát"
        },
        {
            "id": "100084153722727",
            "count": 0,
            "name": "Lê Tuấn Dương"
        },
        {
            "id": "100015047057240",
            "count": 0,
            "name": "SaSha Spinster"
        },
        {
            "id": "100077250049300",
            "count": 0,
            "name": "Jester McGregor"
        },
        {
            "id": "100073639420918",
            "count": 0,
            "name": "Ng Van Hungg 💤"
        },
        {
            "id": "1797773850",
            "count": 0,
            "name": "Ky Phan"
        },
        {
            "id": "100041871021842",
            "count": 0,
            "name": "Nguyễnn Trọngg🧸🫧💤"
        },
        {
            "id": "100000895922054",
            "count": 0,
            "name": "Ng Van Hungg 🌸"
        },
        {
            "id": "61574981373448",
            "count": 0,
            "name": "Quoc Toan"
        },
        {
            "id": "100037229083476",
            "count": 0,
            "name": "Lachi Mêøw"
        },
        {
            "id": "61562105756497",
            "count": 0,
            "name": "Người dùng Facebook"
        },
        {
            "id": "61570022586492",
            "count": 0,
            "name": "Tớ Là Kaws🐟💤🥀"
        },
        {
            "id": "61577911347388",
            "count": 0,
            "name": "Người dùng Facebook"
        },
        {
            "id": "61567360564496",
            "count": 0,
            "name": "Người dùng Facebook"
        }
    ],
    "day": [
        {
            "id": "100047128875560",
            "count": 0,
            "name": "Nguyễn Phát"
        },
        {
            "id": "100084153722727",
            "count": 0,
            "name": "Lê Tuấn Dương"
        },
        {
            "id": "100015047057240",
            "count": 0,
            "name": "SaSha Spinster"
        },
        {
            "id": "100077250049300",
            "count": 0,
            "name": "Jester McGregor"
        },
        {
            "id": "100073639420918",
            "count": 0,
            "name": "Ng Van Hungg 💤"
        },
        {
            "id": "1797773850",
            "count": 0,
            "name": "Ky Phan"
        },
        {
            "id": "100041871021842",
            "count": 0,
            "name": "Nguyễnn Trọngg🧸🫧💤"
        },
        {
            "id": "100000895922054",
            "count": 0,
            "name": "Ng Van Hungg 🌸"
        },
        {
            "id": "61574981373448",
            "count": 0,
            "name": "Quoc Toan"
        },
        {
            "id": "100037229083476",
            "count": 0,
            "name": "Lachi Mêøw"
        },
        {
            "id": "61562105756497",
            "count": 0,
            "name": "Người dùng Facebook"
        },
        {
            "id": "61570022586492",
            "count": 0,
            "name": "Tớ Là Kaws🐟💤🥀"
        },
        {
            "id": "61577911347388",
            "count": 0,
            "name": "Người dùng Facebook"
        },
        {
            "id": "61567360564496",
            "count": 0,
            "name": "Người dùng Facebook"
        }
    ],
    "time": 3,
    "last": {
        "time": 3,
        "day": [
            {
                "id": "100047128875560",
                "count": 0
            },
            {
                "id": "100084153722727",
                "count": 0
            },
            {
                "id": "100015047057240",
                "count": 0
            },
            {
                "id": "100077250049300",
                "count": 0
            },
            {
                "id": "100073639420918",
                "count": 0
            },
            {
                "id": "1797773850",
                "count": 0
            },
            {
                "id": "100041871021842",
                "count": 0
            },
            {
                "id": "100000895922054",
                "count": 0
            },
            {
                "id": "61574981373448",
                "count": 0
            },
            {
                "id": "61563906764722",
                "count": 0
            },
            {
                "id": "100037229083476",
                "count": 0
            },
            {
                "id": "61569500234435",
                "count": 0
            },
            {
                "id": "61562105756497",
                "count": 0
            },
            {
                "id": "61570022586492",
                "count": 0
            },
            {
                "id": "61577911347388",
                "count": 0
            },
            {
                "id": "61567360564496",
                "count": 0
            },
            {
                "id": "61577947804561",
                "count": 0
            },
            {
                "id": "61579373500811",
                "count": 0
            }
        ],
        "week": [
            {
                "id": "100047128875560",
                "count": 0
            },
            {
                "id": "100084153722727",
                "count": 0
            },
            {
                "id": "100015047057240",
                "count": 0
            },
            {
                "id": "100077250049300",
                "count": 0
            },
            {
                "id": "100073639420918",
                "count": 0
            },
            {
                "id": "1797773850",
                "count": 0
            },
            {
                "id": "100041871021842",
                "count": 0
            },
            {
                "id": "100000895922054",
                "count": 0
            },
            {
                "id": "61574981373448",
                "count": 0
            },
            {
                "id": "61563906764722",
                "count": 0
            },
            {
                "id": "100037229083476",
                "count": 0
            },
            {
                "id": "61569500234435",
                "count": 0
            },
            {
                "id": "61562105756497",
                "count": 0
            },
            {
                "id": "61570022586492",
                "count": 0
            },
            {
                "id": "61577911347388",
                "count": 0
            },
            {
                "id": "61567360564496",
                "count": 0
            },
            {
                "id": "61577947804561",
                "count": 0
            },
            {
                "id": "61579373500811",
                "count": 0
            }
        ]
    }
}