{
    "total": [
        {
            "id": "100080607796297",
            "count": 634,
            "lastActive": "10:37:43 || thứ tư"
        },
        {
            "id": "100093151203610",
            "count": 8,
            "lastActive": "10:42:43 || thứ tư"
        },
        {
            "id": "61556559805306",
            "count": 17,
            "lastActive": "05:40:55 || thứ ba"
        },
        {
            "id": "100092511354794",
            "count": 0
        },
        {
            "id": "61554040244736",
            "count": 133,
            "lastActive": "11:50:44 || thứ tư"
        },
        {
            "id": "61562823567508",
            "count": 8,
            "lastActive": "10:55:14 || thứ ba"
        },
        {
            "id": "100086990914006",
            "count": 0
        },
        {
            "id": "100071178524714",
            "count": 501,
            "lastActive": "16:54:03 || thứ tư"
        },
        {
            "id": "61569858300566",
            "count": 0
        },
        {
            "id": "100062555330528",
            "count": 2
        },
        {
            "id": "61571134154861",
            "count": 0
        },
        {
            "id": "61563785343559",
            "count": 262,
            "lastActive": "12:21:13 || thứ tư"
        },
        {
            "id": "61556345525928",
            "count": 97,
            "lastActive": "14:50:33 || thứ tư"
        },
        {
            "id": "100040234821144",
            "count": 55
        },
        {
            "id": "100068795672003",
            "count": 5
        },
        {
            "id": "100076293475426",
            "count": 1374,
            "lastActive": "16:27:26 || thứ tư"
        },
        {
            "id": "100073210335753",
            "count": 16
        },
        {
            "id": "100048707201922",
            "count": 0
        },
        {
            "id": "100058178289716",
            "count": 204,
            "lastActive": "14:12:09 || thứ tư"
        },
        {
            "id": "100091266557670",
            "count": 573,
            "lastActive": "13:13:16 || thứ tư"
        },
        {
            "id": "100014745841348",
            "count": 3452,
            "lastActive": "16:53:44 || thứ tư"
        },
        {
            "id": "100071884599784",
            "count": 14,
            "lastActive": "17:35:27 || thứ ba"
        },
        {
            "id": "100047302620838",
            "count": 37,
            "lastActive": "11:54:17 || thứ tư"
        },
        {
            "id": "100040401163363",
            "count": 0
        },
        {
            "id": "100060002829339",
            "count": 6
        },
        {
            "id": "100057197521928",
            "count": 65,
            "lastActive": "10:57:13 || thứ ba"
        },
        {
            "id": "100081477491155",
            "count": 14,
            "lastActive": "20:43:37 || thứ hai"
        },
        {
            "id": "100069281148531",
            "count": 1131,
            "lastActive": "16:11:48 || thứ tư"
        },
        {
            "id": "100063471035775",
            "count": 3
        },
        {
            "id": "61557927931887",
            "count": 327,
            "lastActive": "16:28:44 || thứ tư"
        },
        {
            "id": "100028413870353",
            "count": 755,
            "lastActive": "13:34:17 || thứ tư"
        },
        {
            "id": "61551019157693",
            "count": 0
        },
        {
            "id": "100087056393966",
            "count": 0
        },
        {
            "id": "61577429562849",
            "count": 0
        },
        {
            "id": "100038257657194",
            "count": 17
        },
        {
            "id": "100069836134885",
            "count": 14
        },
        {
            "id": "61573572813113",
            "count": 381,
            "lastActive": "11:47:33 || thứ tư"
        },
        {
            "id": "100089324273189",
            "count": 0
        },
        {
            "id": "61579400623134",
            "count": 10,
            "lastActive": "09:55:09 || thứ ba"
        },
        {
            "id": "100070851518476",
            "count": 22
        },
        {
            "id": "100080350179882",
            "count": 2
        },
        {
            "id": "100084276703612",
            "count": 350,
            "lastActive": "11:02:20 || thứ ba"
        },
        {
            "id": "100073639420918",
            "count": 2,
            "lastActive": "10:52:46 || thứ ba"
        },
        {
            "id": "61550030184394",
            "count": 180,
            "lastActive": "16:51:01 || thứ tư"
        },
        {
            "id": "100077312576968",
            "count": 25,
            "lastActive": "19:29:26 || thứ hai"
        },
        {
            "id": "100000895922054",
            "count": 232
        },
        {
            "id": "100036814308868",
            "count": 474,
            "lastActive": "12:48:20 || thứ tư"
        },
        {
            "id": "61582483277342",
            "count": 782,
            "lastActive": "12:51:32 || thứ tư"
        },
        {
            "id": "100035377392367",
            "count": 33,
            "lastActive": "15:34:37 || thứ tư"
        },
        {
            "id": "100075712890592",
            "count": 62,
            "lastActive": "17:09:21 || thứ hai"
        },
        {
            "id": "100069769005394",
            "count": 114,
            "lastActive": "11:18:11 || thứ tư"
        },
        {
            "id": "100014235219312",
            "count": 473,
            "lastActive": "14:53:57 || thứ tư"
        },
        {
            "id": "100073130299168",
            "count": 131
        },
        {
            "id": "61559586835839",
            "count": 53,
            "lastActive": "11:18:20 || thứ tư"
        },
        {
            "id": "61577984845026",
            "count": 134,
            "lastActive": "10:30:13 || thứ ba"
        },
        {
            "id": "1653887803",
            "count": 61,
            "lastActive": "16:53:32 || thứ tư"
        },
        {
            "id": "61552477929628",
            "count": 1894,
            "lastActive": "16:53:21 || thứ tư"
        },
        {
            "id": "100026487743684",
            "count": 25,
            "lastActive": "11:18:28 || thứ tư"
        },
        {
            "id": "100025066922685",
            "count": 450,
            "lastActive": "13:33:20 || thứ tư"
        },
        {
            "id": "100084711305859",
            "count": 216,
            "lastActive": "16:53:59 || thứ tư"
        },
        {
            "id": "100092595086702",
            "count": 100,
            "lastActive": "16:39:55 || thứ tư"
        },
        {
            "id": "100082147370249",
            "count": 8,
            "lastActive": "19:13:14 || thứ hai"
        },
        {
            "id": "100092706032838",
            "count": 426,
            "lastActive": "16:21:01 || thứ tư"
        },
        {
            "id": "61554599293034",
            "count": 104,
            "lastActive": "15:25:31 || thứ tư"
        },
        {
            "id": "100091841246613",
            "count": 162,
            "lastActive": "13:12:54 || thứ tư"
        },
        {
            "id": "100078888830842",
            "count": 0
        },
        {
            "id": "100066842235956",
            "count": 190,
            "lastActive": "16:18:09 || thứ tư"
        }
    ],
    "week": [
        {
            "id": "100080607796297",
            "count": 262,
            "name": "Hàn Thị Thu Dịu",
            "lastActive": "10:37:43 || thứ tư"
        },
        {
            "id": "100093151203610",
            "count": 6,
            "name": "Minhh Thư",
            "lastActive": "10:42:43 || thứ tư"
        },
        {
            "id": "61556559805306",
            "count": 6,
            "name": "Trà Yên",
            "lastActive": "05:40:55 || thứ ba"
        },
        {
            "id": "100092511354794",
            "count": 0,
            "name": "Hà Mie"
        },
        {
            "id": "61554040244736",
            "count": 4,
            "name": "Nhung Tr",
            "lastActive": "11:50:44 || thứ tư"
        },
        {
            "id": "61562823567508",
            "count": 8,
            "name": "Nguyễn Hữu Quân",
            "lastActive": "10:55:14 || thứ ba"
        },
        {
            "id": "100086990914006",
            "count": 0,
            "name": "Diễm My"
        },
        {
            "id": "100071178524714",
            "count": 126,
            "name": "Trần Thị Thu Thảo",
            "lastActive": "16:54:03 || thứ tư"
        },
        {
            "id": "61569858300566",
            "count": 0,
            "name": "Tuongg Vy"
        },
        {
            "id": "100062555330528",
            "count": 0,
            "name": "Ph My"
        },
        {
            "id": "61571134154861",
            "count": 0,
            "name": "Khánh Linh"
        },
        {
            "id": "61563785343559",
            "count": 111,
            "name": "Dieu Ny",
            "lastActive": "12:21:13 || thứ tư"
        },
        {
            "id": "61556345525928",
            "count": 16,
            "name": "Sadgirl B.Ngọc",
            "lastActive": "14:50:33 || thứ tư"
        },
        {
            "id": "100040234821144",
            "count": 0,
            "name": "Hoàng Vũ"
        },
        {
            "id": "100068795672003",
            "count": 0,
            "name": "Võ Phạm Hoàng Quyên"
        },
        {
            "id": "100076293475426",
            "count": 454,
            "name": "Hoàng Tuấn",
            "lastActive": "16:27:26 || thứ tư"
        },
        {
            "id": "100073210335753",
            "count": 0,
            "name": "Pham Anh Duan"
        },
        {
            "id": "100048707201922",
            "count": 0,
            "name": "Ngọc Trân"
        },
        {
            "id": "100058178289716",
            "count": 32,
            "name": "Minh Hoàng",
            "lastActive": "14:12:09 || thứ tư"
        },
        {
            "id": "100091266557670",
            "count": 176,
            "name": "Ánh Tuyết",
            "lastActive": "13:13:16 || thứ tư"
        },
        {
            "id": "100014745841348",
            "count": 1194,
            "name": "Trần Thị Tuyết Nhi",
            "lastActive": "16:53:44 || thứ tư"
        },
        {
            "id": "100071884599784",
            "count": 12,
            "name": "Mìu Tắc Phúc",
            "lastActive": "17:35:27 || thứ ba"
        },
        {
            "id": "100047302620838",
            "count": 30,
            "name": "Trương Xuân Hoàng",
            "lastActive": "11:54:17 || thứ tư"
        },
        {
            "id": "100040401163363",
            "count": 0,
            "name": "Thảo Nhi"
        },
        {
            "id": "100060002829339",
            "count": 0,
            "name": "Tuyet Quyen"
        },
        {
            "id": "100057197521928",
            "count": 16,
            "name": "Thu Hien",
            "lastActive": "10:57:13 || thứ ba"
        },
        {
            "id": "100081477491155",
            "count": 14,
            "name": "Ngọc Chi",
            "lastActive": "20:43:37 || thứ hai"
        },
        {
            "id": "100069281148531",
            "count": 504,
            "name": "Như Quỳnhh",
            "lastActive": "16:11:48 || thứ tư"
        },
        {
            "id": "100063471035775",
            "count": 0,
            "name": "Kieu Trang"
        },
        {
            "id": "61557927931887",
            "count": 80,
            "name": "Trúc Lamm",
            "lastActive": "16:28:44 || thứ tư"
        },
        {
            "id": "100028413870353",
            "count": 162,
            "name": "Thuỳ Linh",
            "lastActive": "13:34:17 || thứ tư"
        },
        {
            "id": "61551019157693",
            "count": 0,
            "name": "Mỹ Duyênn"
        },
        {
            "id": "100087056393966",
            "count": 0,
            "name": "Trân Trân"
        },
        {
            "id": "61577429562849",
            "count": 0,
            "name": "Nguyễn Ph.Anh"
        },
        {
            "id": "100038257657194",
            "count": 0,
            "name": "Yến Vy"
        },
        {
            "id": "100069836134885",
            "count": 0,
            "name": "Thái Dương"
        },
        {
            "id": "61573572813113",
            "count": 46,
            "name": "Nguyễn Đăng",
            "lastActive": "11:47:33 || thứ tư"
        },
        {
            "id": "100089324273189",
            "count": 0,
            "name": "Hương Giang"
        },
        {
            "id": "61579400623134",
            "count": 4,
            "name": "Thành Trung",
            "lastActive": "09:55:09 || thứ ba"
        },
        {
            "id": "100070851518476",
            "count": 0,
            "name": "Ng Như Ýy"
        },
        {
            "id": "100080350179882",
            "count": 0,
            "name": "Trúc Giang"
        },
        {
            "id": "100084276703612",
            "count": 60,
            "name": "Thanh Trúc",
            "lastActive": "11:02:20 || thứ ba"
        },
        {
            "id": "100073639420918",
            "count": 2,
            "name": "Ng Van Hungg 💤",
            "lastActive": "10:52:46 || thứ ba"
        },
        {
            "id": "61550030184394",
            "count": 160,
            "name": "️️️️️️️️️️️️️️️️️️️️️️️️️️️️️️️️️️️️️️️️️️️️️️️️️️️️️️️️️️️️️️️️️️️️️️️️️️️️️️️️️️️️️️️️️️️️️️️️️️️️️️️️️️️️️️️️️️️️️️️️️️️️️️️️️️️️️️️️️️️️️️️️️️️️️️️️️️️️️️️️️️️️️️️️️️ ",
            "lastActive": "16:51:01 || thứ tư"
        },
        {
            "id": "100077312576968",
            "count": 16,
            "name": "Ph Minh Dat",
            "lastActive": "19:29:26 || thứ hai"
        },
        {
            "id": "100000895922054",
            "count": 0,
            "name": "Ng Van Hungg 🌸"
        },
        {
            "id": "100036814308868",
            "count": 358,
            "name": "Nguyen Thu Trangg",
            "lastActive": "12:48:20 || thứ tư"
        },
        {
            "id": "61582483277342",
            "count": 240,
            "name": "Nguyễn Bình Bình",
            "lastActive": "12:51:32 || thứ tư"
        },
        {
            "id": "100035377392367",
            "count": 14,
            "name": "Minh Thoai Dinh",
            "lastActive": "15:34:37 || thứ tư"
        },
        {
            "id": "100075712890592",
            "count": 2,
            "name": "Chí Vỹ",
            "lastActive": "17:09:21 || thứ hai"
        },
        {
            "id": "100069769005394",
            "count": 26,
            "name": "Anh Duy",
            "lastActive": "11:18:11 || thứ tư"
        },
        {
            "id": "100014235219312",
            "count": 168,
            "name": "Cẩm  Hương",
            "lastActive": "14:53:57 || thứ tư"
        },
        {
            "id": "100073130299168",
            "count": 0,
            "name": "Ánh Thư"
        },
        {
            "id": "61559586835839",
            "count": 2,
            "name": "Anh Minh",
            "lastActive": "11:18:20 || thứ tư"
        },
        {
            "id": "61577984845026",
            "count": 18,
            "name": "Nguyễn Thành Luân",
            "lastActive": "10:30:13 || thứ ba"
        },
        {
            "id": "1653887803",
            "count": 26,
            "name": "Lê Thời Việt Anh",
            "lastActive": "16:53:32 || thứ tư"
        },
        {
            "id": "61552477929628",
            "count": 722,
            "lastActive": "16:53:21 || thứ tư",
            "name": "Khánh Ly"
        },
        {
            "id": "100026487743684",
            "count": 16,
            "name": "Vũ Trọng Hiếu",
            "lastActive": "11:18:28 || thứ tư"
        },
        {
            "id": "100025066922685",
            "count": 86,
            "name": "Vĩ Thái",
            "lastActive": "13:33:20 || thứ tư"
        },
        {
            "id": "100084711305859",
            "count": 200,
            "lastActive": "16:53:59 || thứ tư",
            "name": "Trần HoàngAnh"
        },
        {
            "id": "100092595086702",
            "count": 100,
            "lastActive": "16:39:55 || thứ tư"
        },
        {
            "id": "100082147370249",
            "count": 8,
            "lastActive": "19:13:14 || thứ hai"
        },
        {
            "id": "100092706032838",
            "count": 426,
            "lastActive": "16:21:01 || thứ tư"
        },
        {
            "id": "61554599293034",
            "count": 104,
            "lastActive": "15:25:31 || thứ tư"
        },
        {
            "id": "100091841246613",
            "count": 162,
            "lastActive": "13:12:54 || thứ tư"
        },
        {
            "id": "100078888830842",
            "count": 0
        },
        {
            "id": "100066842235956",
            "count": 190,
            "lastActive": "16:18:09 || thứ tư"
        }
    ],
    "day": [
        {
            "id": "100080607796297",
            "count": 2,
            "name": "Hàn Thị Thu Dịu",
            "lastActive": "10:37:43 || thứ tư"
        },
        {
            "id": "100093151203610",
            "count": 6,
            "name": "Minhh Thư",
            "lastActive": "10:42:43 || thứ tư"
        },
        {
            "id": "61556559805306",
            "count": 0,
            "name": "Trà Yên",
            "lastActive": "05:40:55 || thứ ba"
        },
        {
            "id": "100092511354794",
            "count": 0,
            "name": "Hà Mie"
        },
        {
            "id": "61554040244736",
            "count": 4,
            "name": "Nhung Tr",
            "lastActive": "11:50:44 || thứ tư"
        },
        {
            "id": "61562823567508",
            "count": 0,
            "name": "Nguyễn Hữu Quân",
            "lastActive": "10:55:14 || thứ ba"
        },
        {
            "id": "100086990914006",
            "count": 0,
            "name": "Diễm My"
        },
        {
            "id": "100071178524714",
            "count": 78,
            "name": "Trần Thị Thu Thảo",
            "lastActive": "16:54:03 || thứ tư"
        },
        {
            "id": "61569858300566",
            "count": 0,
            "name": "Tuongg Vy"
        },
        {
            "id": "100062555330528",
            "count": 0,
            "name": "Ph My"
        },
        {
            "id": "61571134154861",
            "count": 0,
            "name": "Khánh Linh"
        },
        {
            "id": "61563785343559",
            "count": 28,
            "name": "Dieu Ny",
            "lastActive": "12:21:13 || thứ tư"
        },
        {
            "id": "61556345525928",
            "count": 10,
            "name": "Sadgirl B.Ngọc",
            "lastActive": "14:50:33 || thứ tư"
        },
        {
            "id": "100040234821144",
            "count": 0,
            "name": "Hoàng Vũ"
        },
        {
            "id": "100068795672003",
            "count": 0,
            "name": "Võ Phạm Hoàng Quyên"
        },
        {
            "id": "100076293475426",
            "count": 184,
            "name": "Hoàng Tuấn",
            "lastActive": "16:27:26 || thứ tư"
        },
        {
            "id": "100073210335753",
            "count": 0,
            "name": "Pham Anh Duan"
        },
        {
            "id": "100048707201922",
            "count": 0,
            "name": "Ngọc Trân"
        },
        {
            "id": "100058178289716",
            "count": 18,
            "name": "Minh Hoàng",
            "lastActive": "14:12:09 || thứ tư"
        },
        {
            "id": "100091266557670",
            "count": 56,
            "name": "Ánh Tuyết",
            "lastActive": "13:13:16 || thứ tư"
        },
        {
            "id": "100014745841348",
            "count": 558,
            "name": "Trần Thị Tuyết Nhi",
            "lastActive": "16:53:44 || thứ tư"
        },
        {
            "id": "100071884599784",
            "count": 0,
            "name": "Mìu Tắc Phúc",
            "lastActive": "17:35:27 || thứ ba"
        },
        {
            "id": "100047302620838",
            "count": 10,
            "name": "Trương Xuân Hoàng",
            "lastActive": "11:54:17 || thứ tư"
        },
        {
            "id": "100040401163363",
            "count": 0,
            "name": "Thảo Nhi"
        },
        {
            "id": "100060002829339",
            "count": 0,
            "name": "Tuyet Quyen"
        },
        {
            "id": "100057197521928",
            "count": 0,
            "name": "Thu Hien",
            "lastActive": "10:57:13 || thứ ba"
        },
        {
            "id": "100081477491155",
            "count": 0,
            "name": "Ngọc Chi",
            "lastActive": "20:43:37 || thứ hai"
        },
        {
            "id": "100069281148531",
            "count": 192,
            "name": "Như Quỳnhh",
            "lastActive": "16:11:48 || thứ tư"
        },
        {
            "id": "100063471035775",
            "count": 0,
            "name": "Kieu Trang"
        },
        {
            "id": "61557927931887",
            "count": 36,
            "name": "Trúc Lamm",
            "lastActive": "16:28:44 || thứ tư"
        },
        {
            "id": "100028413870353",
            "count": 28,
            "name": "Thuỳ Linh",
            "lastActive": "13:34:17 || thứ tư"
        },
        {
            "id": "61551019157693",
            "count": 0,
            "name": "Mỹ Duyênn"
        },
        {
            "id": "100087056393966",
            "count": 0,
            "name": "Trân Trân"
        },
        {
            "id": "61577429562849",
            "count": 0,
            "name": "Nguyễn Ph.Anh"
        },
        {
            "id": "100038257657194",
            "count": 0,
            "name": "Yến Vy"
        },
        {
            "id": "100069836134885",
            "count": 0,
            "name": "Thái Dương"
        },
        {
            "id": "61573572813113",
            "count": 16,
            "name": "Nguyễn Đăng",
            "lastActive": "11:47:33 || thứ tư"
        },
        {
            "id": "100089324273189",
            "count": 0,
            "name": "Hương Giang"
        },
        {
            "id": "61579400623134",
            "count": 0,
            "name": "Thành Trung",
            "lastActive": "09:55:09 || thứ ba"
        },
        {
            "id": "100070851518476",
            "count": 0,
            "name": "Ng Như Ýy"
        },
        {
            "id": "100080350179882",
            "count": 0,
            "name": "Trúc Giang"
        },
        {
            "id": "100084276703612",
            "count": 0,
            "name": "Thanh Trúc",
            "lastActive": "11:02:20 || thứ ba"
        },
        {
            "id": "100073639420918",
            "count": 0,
            "name": "Ng Van Hungg 💤",
            "lastActive": "10:52:46 || thứ ba"
        },
        {
            "id": "61550030184394",
            "count": 52,
            "name": "️️️️️️️️️️️️️️️️️️️️️️️️️️️️️️️️️️️️️️️️️️️️️️️️️️️️️️️️️️️️️️️️️️️️️️️️️️️️️️️️️️️️️️️️️️️️️️️️️️️️️️️️️️️️️️️️️️️️️️️️️️️️️️️️️️️️️️️️️️️️️️️️️️️️️️️️️️️️️️️️️️️️️️️️️️ ",
            "lastActive": "16:51:01 || thứ tư"
        },
        {
            "id": "100077312576968",
            "count": 0,
            "name": "Ph Minh Dat",
            "lastActive": "19:29:26 || thứ hai"
        },
        {
            "id": "100000895922054",
            "count": 0,
            "name": "Ng Van Hungg 🌸"
        },
        {
            "id": "100036814308868",
            "count": 288,
            "name": "Nguyen Thu Trangg",
            "lastActive": "12:48:20 || thứ tư"
        },
        {
            "id": "61582483277342",
            "count": 66,
            "name": "Nguyễn Bình Bình",
            "lastActive": "12:51:32 || thứ tư"
        },
        {
            "id": "100035377392367",
            "count": 12,
            "name": "Minh Thoai Dinh",
            "lastActive": "15:34:37 || thứ tư"
        },
        {
            "id": "100075712890592",
            "count": 0,
            "name": "Chí Vỹ",
            "lastActive": "17:09:21 || thứ hai"
        },
        {
            "id": "100069769005394",
            "count": 6,
            "name": "Anh Duy",
            "lastActive": "11:18:11 || thứ tư"
        },
        {
            "id": "100014235219312",
            "count": 58,
            "name": "Cẩm  Hương",
            "lastActive": "14:53:57 || thứ tư"
        },
        {
            "id": "100073130299168",
            "count": 0,
            "name": "Ánh Thư"
        },
        {
            "id": "61559586835839",
            "count": 2,
            "name": "Anh Minh",
            "lastActive": "11:18:20 || thứ tư"
        },
        {
            "id": "61577984845026",
            "count": 0,
            "name": "Nguyễn Thành Luân",
            "lastActive": "10:30:13 || thứ ba"
        },
        {
            "id": "1653887803",
            "count": 20,
            "name": "Lê Thời Việt Anh",
            "lastActive": "16:53:32 || thứ tư"
        },
        {
            "id": "61552477929628",
            "count": 198,
            "name": "Khánh Ly",
            "lastActive": "16:53:21 || thứ tư"
        },
        {
            "id": "100026487743684",
            "count": 2,
            "name": "Vũ Trọng Hiếu",
            "lastActive": "11:18:28 || thứ tư"
        },
        {
            "id": "100025066922685",
            "count": 50,
            "name": "Vĩ Thái",
            "lastActive": "13:33:20 || thứ tư"
        },
        {
            "id": "100084711305859",
            "count": 12,
            "lastActive": "16:53:59 || thứ tư"
        },
        {
            "id": "100092595086702",
            "count": 16,
            "lastActive": "16:39:55 || thứ tư"
        },
        {
            "id": "100082147370249",
            "count": 0,
            "lastActive": "19:13:14 || thứ hai"
        },
        {
            "id": "100092706032838",
            "count": 88,
            "lastActive": "16:21:01 || thứ tư"
        },
        {
            "id": "61554599293034",
            "count": 58,
            "lastActive": "15:25:31 || thứ tư"
        },
        {
            "id": "100091841246613",
            "count": 70,
            "lastActive": "13:12:54 || thứ tư"
        },
        {
            "id": "100078888830842",
            "count": 0
        },
        {
            "id": "100066842235956",
            "count": 118,
            "lastActive": "16:18:09 || thứ tư"
        }
    ],
    "time": 3,
    "last": {
        "time": 3,
        "day": [
            {
                "id": "100080607796297",
                "count": 0
            },
            {
                "id": "100093151203610",
                "count": 0
            },
            {
                "id": "61556559805306",
                "count": 0
            },
            {
                "id": "100092511354794",
                "count": 0
            },
            {
                "id": "61554040244736",
                "count": 0
            },
            {
                "id": "61562823567508",
                "count": 0
            },
            {
                "id": "100086990914006",
                "count": 0
            },
            {
                "id": "100071178524714",
                "count": 0
            },
            {
                "id": "61569858300566",
                "count": 0
            },
            {
                "id": "100062555330528",
                "count": 0
            },
            {
                "id": "61571134154861",
                "count": 0
            },
            {
                "id": "61563785343559",
                "count": 0
            },
            {
                "id": "61556345525928",
                "count": 0
            },
            {
                "id": "100040234821144",
                "count": 0
            },
            {
                "id": "100068795672003",
                "count": 0
            },
            {
                "id": "100076293475426",
                "count": 0
            },
            {
                "id": "100073210335753",
                "count": 0
            },
            {
                "id": "100048707201922",
                "count": 0
            },
            {
                "id": "100058178289716",
                "count": 0
            },
            {
                "id": "100091266557670",
                "count": 0
            },
            {
                "id": "100014745841348",
                "count": 0
            },
            {
                "id": "100071884599784",
                "count": 0
            },
            {
                "id": "100047302620838",
                "count": 0
            },
            {
                "id": "100040401163363",
                "count": 0
            },
            {
                "id": "100060002829339",
                "count": 0
            },
            {
                "id": "100057197521928",
                "count": 0
            },
            {
                "id": "100081477491155",
                "count": 0
            },
            {
                "id": "100069281148531",
                "count": 0
            },
            {
                "id": "100063471035775",
                "count": 0
            },
            {
                "id": "61557927931887",
                "count": 0
            },
            {
                "id": "100028413870353",
                "count": 0
            },
            {
                "id": "61551019157693",
                "count": 0
            },
            {
                "id": "100087056393966",
                "count": 0
            },
            {
                "id": "61577429562849",
                "count": 0
            },
            {
                "id": "100038257657194",
                "count": 0
            },
            {
                "id": "100069836134885",
                "count": 0
            },
            {
                "id": "61573572813113",
                "count": 0
            },
            {
                "id": "100089324273189",
                "count": 0
            },
            {
                "id": "61579400623134",
                "count": 0
            },
            {
                "id": "100070851518476",
                "count": 0
            },
            {
                "id": "100080350179882",
                "count": 0
            },
            {
                "id": "61577984845026",
                "count": 0
            },
            {
                "id": "100084276703612",
                "count": 0
            },
            {
                "id": "100073639420918",
                "count": 0
            },
            {
                "id": "61550030184394",
                "count": 0
            },
            {
                "id": "100077312576968",
                "count": 0
            },
            {
                "id": "100000895922054",
                "count": 0
            },
            {
                "id": "100036814308868",
                "count": 0
            },
            {
                "id": "61582483277342",
                "count": 0
            },
            {
                "id": "100035377392367",
                "count": 0
            },
            {
                "id": "100075712890592",
                "count": 0
            },
            {
                "id": "100069769005394",
                "count": 0
            },
            {
                "id": "100014235219312",
                "count": 0
            },
            {
                "id": "100073130299168",
                "count": 0
            },
            {
                "id": "61559586835839",
                "count": 0
            },
            {
                "id": "1653887803",
                "count": 0
            },
            {
                "id": "61552477929628",
                "count": 0
            },
            {
                "id": "100026487743684",
                "count": 0
            },
            {
                "id": "100025066922685",
                "count": 0
            },
            {
                "id": "100084711305859",
                "count": 0
            },
            {
                "id": "100092595086702",
                "count": 0
            },
            {
                "id": "100082147370249",
                "count": 0
            },
            {
                "id": "100092706032838",
                "count": 0
            },
            {
                "id": "61554599293034",
                "count": 0
            },
            {
                "id": "100091841246613",
                "count": 0
            },
            {
                "id": "100078888830842",
                "count": 0
            },
            {
                "id": "100066842235956",
                "count": 0
            }
        ],
        "week": [
            {
                "id": "100080607796297",
                "count": 0
            },
            {
                "id": "100093151203610",
                "count": 0
            },
            {
                "id": "61556559805306",
                "count": 0
            },
            {
                "id": "100092511354794",
                "count": 0
            },
            {
                "id": "61554040244736",
                "count": 0
            },
            {
                "id": "61562823567508",
                "count": 0
            },
            {
                "id": "100086990914006",
                "count": 0
            },
            {
                "id": "100071178524714",
                "count": 0
            },
            {
                "id": "61569858300566",
                "count": 0
            },
            {
                "id": "100062555330528",
                "count": 0
            },
            {
                "id": "61571134154861",
                "count": 0
            },
            {
                "id": "61563785343559",
                "count": 0
            },
            {
                "id": "61556345525928",
                "count": 0
            },
            {
                "id": "100040234821144",
                "count": 0
            },
            {
                "id": "100068795672003",
                "count": 0
            },
            {
                "id": "100076293475426",
                "count": 0
            },
            {
                "id": "100073210335753",
                "count": 0
            },
            {
                "id": "100048707201922",
                "count": 0
            },
            {
                "id": "100058178289716",
                "count": 0
            },
            {
                "id": "100091266557670",
                "count": 0
            },
            {
                "id": "100014745841348",
                "count": 0
            },
            {
                "id": "100071884599784",
                "count": 0
            },
            {
                "id": "100047302620838",
                "count": 0
            },
            {
                "id": "100040401163363",
                "count": 0
            },
            {
                "id": "100060002829339",
                "count": 0
            },
            {
                "id": "100057197521928",
                "count": 0
            },
            {
                "id": "100081477491155",
                "count": 0
            },
            {
                "id": "100069281148531",
                "count": 0
            },
            {
                "id": "100063471035775",
                "count": 0
            },
            {
                "id": "61557927931887",
                "count": 0
            },
            {
                "id": "100028413870353",
                "count": 0
            },
            {
                "id": "61551019157693",
                "count": 0
            },
            {
                "id": "100087056393966",
                "count": 0
            },
            {
                "id": "61577429562849",
                "count": 0
            },
            {
                "id": "100038257657194",
                "count": 0
            },
            {
                "id": "100069836134885",
                "count": 0
            },
            {
                "id": "61573572813113",
                "count": 0
            },
            {
                "id": "100089324273189",
                "count": 0
            },
            {
                "id": "61579400623134",
                "count": 0
            },
            {
                "id": "100070851518476",
                "count": 0
            },
            {
                "id": "100080350179882",
                "count": 0
            },
            {
                "id": "61577984845026",
                "count": 0
            },
            {
                "id": "100084276703612",
                "count": 0
            },
            {
                "id": "100073639420918",
                "count": 0
            },
            {
                "id": "61550030184394",
                "count": 0
            },
            {
                "id": "100077312576968",
                "count": 0
            },
            {
                "id": "100000895922054",
                "count": 0
            },
            {
                "id": "100036814308868",
                "count": 0
            },
            {
                "id": "61582483277342",
                "count": 0
            },
            {
                "id": "100035377392367",
                "count": 0
            },
            {
                "id": "100075712890592",
                "count": 0
            },
            {
                "id": "100069769005394",
                "count": 0
            },
            {
                "id": "100014235219312",
                "count": 0
            },
            {
                "id": "100073130299168",
                "count": 0
            },
            {
                "id": "61559586835839",
                "count": 0
            },
            {
                "id": "1653887803",
                "count": 0
            },
            {
                "id": "61552477929628",
                "count": 0
            },
            {
                "id": "100026487743684",
                "count": 0
            },
            {
                "id": "100025066922685",
                "count": 0
            },
            {
                "id": "100084711305859",
                "count": 0
            },
            {
                "id": "100092595086702",
                "count": 0
            },
            {
                "id": "100082147370249",
                "count": 0
            },
            {
                "id": "100092706032838",
                "count": 0
            },
            {
                "id": "61554599293034",
                "count": 0
            },
            {
                "id": "100091841246613",
                "count": 0
            },
            {
                "id": "100078888830842",
                "count": 0
            },
            {
                "id": "100066842235956",
                "count": 0
            }
        ]
    }
}