{
    "total": [
        {
            "id": "100054892668998",
            "count": 23,
            "lastActive": "00:02:32 || thứ tư"
        },
        {
            "id": "100010168535869",
            "count": 0
        },
        {
            "id": "61559214267206",
            "count": 0
        },
        {
            "id": "100030982187357",
            "count": 322,
            "lastActive": "18:21:42 || thứ ba"
        },
        {
            "id": "61554755845672",
            "count": 0
        },
        {
            "id": "100085607483096",
            "count": 54,
            "lastActive": "12:18:25 || thứ tư"
        },
        {
            "id": "61561846031952",
            "count": 2
        },
        {
            "id": "100074996724205",
            "count": 12
        },
        {
            "id": "61555004005653",
            "count": 0
        },
        {
            "id": "100019357358917",
            "count": 22
        },
        {
            "id": "100093859291675",
            "count": 1
        },
        {
            "id": "100071992406751",
            "count": 0
        },
        {
            "id": "100079905999959",
            "count": 8,
            "lastActive": "20:19:01 || thứ hai"
        },
        {
            "id": "100055602692785",
            "count": 1
        },
        {
            "id": "100077701390678",
            "count": 84,
            "lastActive": "12:19:51 || thứ tư"
        },
        {
            "id": "61568807833068",
            "count": 45,
            "lastActive": "11:53:00 || thứ hai"
        },
        {
            "id": "100065635456706",
            "count": 0
        },
        {
            "id": "100090515795579",
            "count": 4
        },
        {
            "id": "100078352794166",
            "count": 14,
            "lastActive": "17:18:40 || chủ nhật"
        },
        {
            "id": "100076251362051",
            "count": 17
        },
        {
            "id": "61556973321179",
            "count": 0
        },
        {
            "id": "100058474429434",
            "count": 0
        },
        {
            "id": "100091546088288",
            "count": 143,
            "lastActive": "20:45:48 || thứ ba"
        },
        {
            "id": "100001830738561",
            "count": 2
        },
        {
            "id": "100089763477492",
            "count": 40,
            "lastActive": "19:27:57 || thứ hai"
        },
        {
            "id": "61570151165872",
            "count": 0
        },
        {
            "id": "100044260308304",
            "count": 0
        },
        {
            "id": "100048705202944",
            "count": 0
        },
        {
            "id": "61554840782389",
            "count": 1
        },
        {
            "id": "100087628736204",
            "count": 0
        },
        {
            "id": "100065659055837",
            "count": 16,
            "lastActive": "20:29:09 || thứ hai"
        },
        {
            "id": "61550966581897",
            "count": 0
        },
        {
            "id": "61557157391070",
            "count": 3
        },
        {
            "id": "100085106690774",
            "count": 0
        },
        {
            "id": "61561314154950",
            "count": 0
        },
        {
            "id": "100083344811377",
            "count": 0
        },
        {
            "id": "100060689804363",
            "count": 1
        },
        {
            "id": "100092239887080",
            "count": 0
        },
        {
            "id": "100076327337732",
            "count": 0
        },
        {
            "id": "100042959357023",
            "count": 0
        },
        {
            "id": "61568501957456",
            "count": 0
        },
        {
            "id": "100066222223543",
            "count": 0
        },
        {
            "id": "61564637039893",
            "count": 15
        },
        {
            "id": "100080480798492",
            "count": 275,
            "lastActive": "07:25:18 || thứ tư"
        },
        {
            "id": "61573040128883",
            "count": 0
        },
        {
            "id": "100010827932778",
            "count": 0
        },
        {
            "id": "100071133815128",
            "count": 1
        },
        {
            "id": "100034733823324",
            "count": 0
        },
        {
            "id": "100085434116387",
            "count": 0
        },
        {
            "id": "61556801938106",
            "count": 2
        },
        {
            "id": "61573891397322",
            "count": 0
        },
        {
            "id": "100082684274354",
            "count": 12
        },
        {
            "id": "61560269624650",
            "count": 0
        },
        {
            "id": "100058544584125",
            "count": 5
        },
        {
            "id": "100051733902762",
            "count": 3
        },
        {
            "id": "61559291063590",
            "count": 3
        },
        {
            "id": "61575071946849",
            "count": 3
        },
        {
            "id": "61550108074830",
            "count": 7
        },
        {
            "id": "61576878881860",
            "count": 41,
            "lastActive": "00:24:27 || thứ tư"
        },
        {
            "id": "61555134279746",
            "count": 0
        },
        {
            "id": "61575767660992",
            "count": 0
        },
        {
            "id": "100093849429396",
            "count": 2
        },
        {
            "id": "100091935623925",
            "count": 0
        },
        {
            "id": "61571693494861",
            "count": 0
        },
        {
            "id": "61578971607160",
            "count": 0
        },
        {
            "id": "100020864288686",
            "count": 0
        },
        {
            "id": "61554127105220",
            "count": 0
        },
        {
            "id": "100085333683103",
            "count": 0
        },
        {
            "id": "61563759530684",
            "count": 0
        },
        {
            "id": "61557674924403",
            "count": 0
        },
        {
            "id": "100093028400105",
            "count": 18
        },
        {
            "id": "100072234173831",
            "count": 0
        },
        {
            "id": "100095215464809",
            "count": 20
        },
        {
            "id": "61550844096635",
            "count": 14
        },
        {
            "id": "61559460276452",
            "count": 0
        },
        {
            "id": "61557417623236",
            "count": 56
        },
        {
            "id": "61558570270683",
            "count": 0
        },
        {
            "id": "61558622291897",
            "count": 0
        },
        {
            "id": "61557020936637",
            "count": 1
        },
        {
            "id": "61552151392098",
            "count": 0
        },
        {
            "id": "61564360988672",
            "count": 4
        },
        {
            "id": "100075396121822",
            "count": 0
        },
        {
            "id": "61556366287733",
            "count": 8,
            "lastActive": "11:48:53 || thứ hai"
        },
        {
            "id": "100095330057562",
            "count": 37,
            "lastActive": "10:42:25 || thứ ba"
        },
        {
            "id": "100064552718188",
            "count": 0
        },
        {
            "id": "100092701026645",
            "count": 0
        },
        {
            "id": "100077098945996",
            "count": 2
        },
        {
            "id": "61567129514017",
            "count": 0
        },
        {
            "id": "100074793253581",
            "count": 41
        },
        {
            "id": "61561633201772",
            "count": 52,
            "lastActive": "19:28:42 || thứ hai"
        },
        {
            "id": "100072096072776",
            "count": 161,
            "lastActive": "18:22:34 || thứ ba"
        },
        {
            "id": "61571401845575",
            "count": 0
        },
        {
            "id": "61560299280947",
            "count": 79,
            "lastActive": "21:57:19 || chủ nhật"
        },
        {
            "id": "61577620636217",
            "count": 1
        },
        {
            "id": "61550030184394",
            "count": 30,
            "lastActive": "10:17:18 || thứ tư"
        },
        {
            "id": "100000895922054",
            "count": 34
        },
        {
            "id": "100070182486318",
            "count": 10
        }
    ],
    "week": [
        {
            "id": "100054892668998",
            "count": 6,
            "name": "Khanh Phuong",
            "lastActive": "00:02:32 || thứ tư"
        },
        {
            "id": "100010168535869",
            "count": 0,
            "name": "NT Ngọc Bích"
        },
        {
            "id": "61559214267206",
            "count": 0,
            "name": "Minh Hồng"
        },
        {
            "id": "100030982187357",
            "count": 24,
            "name": "Ming Cuonh",
            "lastActive": "18:21:42 || thứ ba"
        },
        {
            "id": "61554755845672",
            "count": 0,
            "name": "Luu Giaa Bảo"
        },
        {
            "id": "100085607483096",
            "count": 16,
            "name": "Mai Anh",
            "lastActive": "12:18:25 || thứ tư"
        },
        {
            "id": "61561846031952",
            "count": 0,
            "name": "Cao Phương Linh"
        },
        {
            "id": "100074996724205",
            "count": 0,
            "name": "Hưng Trần"
        },
        {
            "id": "61555004005653",
            "count": 0,
            "name": "Quynh Chi Nguyen Tran"
        },
        {
            "id": "100019357358917",
            "count": 0,
            "name": "Ma Thanh Tùng"
        },
        {
            "id": "100093859291675",
            "count": 0,
            "name": "Bao Nam"
        },
        {
            "id": "100071992406751",
            "count": 0,
            "name": "Ngọc Uyên"
        },
        {
            "id": "100079905999959",
            "count": 6,
            "name": "Nguyen Soc",
            "lastActive": "20:19:01 || thứ hai"
        },
        {
            "id": "100055602692785",
            "count": 0,
            "name": "Lâm Tâm Như"
        },
        {
            "id": "100077701390678",
            "count": 16,
            "name": "Yeii Nhie",
            "lastActive": "12:19:51 || thứ tư"
        },
        {
            "id": "61568807833068",
            "count": 2,
            "name": "Kim Ngân",
            "lastActive": "11:53:00 || thứ hai"
        },
        {
            "id": "100065635456706",
            "count": 0,
            "name": "Càri Xàocảichua"
        },
        {
            "id": "100090515795579",
            "count": 0,
            "name": "Ng Nhaan"
        },
        {
            "id": "100078352794166",
            "count": 0,
            "name": "NG Anh Sasi",
            "lastActive": "17:18:40 || chủ nhật"
        },
        {
            "id": "100076251362051",
            "count": 0,
            "name": "Hương Giang"
        },
        {
            "id": "61556973321179",
            "count": 0,
            "name": "Thịnh Phạm"
        },
        {
            "id": "100058474429434",
            "count": 0,
            "name": "Bich Hang"
        },
        {
            "id": "100091546088288",
            "count": 12,
            "name": "Nguyễn Vũ Minh Anh",
            "lastActive": "20:45:48 || thứ ba"
        },
        {
            "id": "100001830738561",
            "count": 0,
            "name": "Hoàng Anh"
        },
        {
            "id": "100089763477492",
            "count": 24,
            "name": "Quỳnh Trang",
            "lastActive": "19:27:57 || thứ hai"
        },
        {
            "id": "61570151165872",
            "count": 0,
            "name": "Ng Thành Trung"
        },
        {
            "id": "100044260308304",
            "count": 0,
            "name": "Trung Lqp"
        },
        {
            "id": "100048705202944",
            "count": 0,
            "name": "Ng Ph Thảo"
        },
        {
            "id": "61554840782389",
            "count": 0,
            "name": "Hoàng Nam"
        },
        {
            "id": "100087628736204",
            "count": 0,
            "name": "Thanh Hương"
        },
        {
            "id": "100065659055837",
            "count": 6,
            "name": "Kiều Ngân",
            "lastActive": "20:29:09 || thứ hai"
        },
        {
            "id": "61550966581897",
            "count": 0,
            "name": "Cô Đào Khó Tính"
        },
        {
            "id": "61557157391070",
            "count": 0,
            "name": "Ph Hai Anh"
        },
        {
            "id": "100085106690774",
            "count": 0,
            "name": "Huyen Trang"
        },
        {
            "id": "61561314154950",
            "count": 0,
            "name": "Uýnh Lộn Không"
        },
        {
            "id": "100083344811377",
            "count": 0,
            "name": "Wyn Anh"
        },
        {
            "id": "100060689804363",
            "count": 0,
            "name": "Lê Pyn"
        },
        {
            "id": "100092239887080",
            "count": 0,
            "name": "Haii Anh"
        },
        {
            "id": "100076327337732",
            "count": 0,
            "name": "Kiều Khanh"
        },
        {
            "id": "100042959357023",
            "count": 0,
            "name": "Nh Phan"
        },
        {
            "id": "61568501957456",
            "count": 0,
            "name": "Bảo Trân"
        },
        {
            "id": "100066222223543",
            "count": 0,
            "name": "Huỳnh Như"
        },
        {
            "id": "61564637039893",
            "count": 0,
            "name": "Nọc Tuyền Ctee"
        },
        {
            "id": "100080480798492",
            "count": 34,
            "name": "HN Nanhh",
            "lastActive": "07:25:18 || thứ tư"
        },
        {
            "id": "61573040128883",
            "count": 0,
            "name": "Bảo Như"
        },
        {
            "id": "100010827932778",
            "count": 0,
            "name": "Nguyễn Văn HHoạt"
        },
        {
            "id": "100071133815128",
            "count": 0,
            "name": "Ng Bao Nhu"
        },
        {
            "id": "100034733823324",
            "count": 0,
            "name": "Người dùng Facebook"
        },
        {
            "id": "100085434116387",
            "count": 0,
            "name": "Yurika Koiri"
        },
        {
            "id": "61556801938106",
            "count": 0,
            "name": "Sophie Ky Nguyen"
        },
        {
            "id": "61573891397322",
            "count": 0,
            "name": "Chi Chi"
        },
        {
            "id": "100082684274354",
            "count": 0,
            "name": "Tran Quy Hai Dang"
        },
        {
            "id": "61560269624650",
            "count": 0,
            "name": "Hoàng Gia Chương"
        },
        {
            "id": "100058544584125",
            "count": 0,
            "name": "Minh Khuê"
        },
        {
            "id": "100051733902762",
            "count": 0,
            "name": "Nguyen Bich Huee"
        },
        {
            "id": "61559291063590",
            "count": 0,
            "name": "Phạm Khánh Trung"
        },
        {
            "id": "61575071946849",
            "count": 0,
            "name": "Ngoc Vy"
        },
        {
            "id": "61550108074830",
            "count": 0,
            "name": "Hoàng Linh"
        },
        {
            "id": "61576878881860",
            "count": 2,
            "name": "Ngọc Tiến",
            "lastActive": "00:24:27 || thứ tư"
        },
        {
            "id": "61555134279746",
            "count": 0,
            "name": "Hồ Vy"
        },
        {
            "id": "61575767660992",
            "count": 0,
            "name": "Trần Ngọc Phan Thư"
        },
        {
            "id": "100093849429396",
            "count": 0,
            "name": "Dieu Anh"
        },
        {
            "id": "100091935623925",
            "count": 0,
            "name": "Hoang Phuong Anh"
        },
        {
            "id": "61571693494861",
            "count": 0,
            "name": "Tr Ami"
        },
        {
            "id": "61578971607160",
            "count": 0,
            "name": "Quynh Anh Le"
        },
        {
            "id": "100020864288686",
            "count": 0,
            "name": "Đường Cát Vàng"
        },
        {
            "id": "61554127105220",
            "count": 0,
            "name": "St Flag"
        },
        {
            "id": "100085333683103",
            "count": 0,
            "name": "Nam Hoàng"
        },
        {
            "id": "61563759530684",
            "count": 0,
            "name": "Nguyễn Thiên Phúc"
        },
        {
            "id": "61557674924403",
            "count": 0,
            "name": "chú cá"
        },
        {
            "id": "100093028400105",
            "count": 0,
            "name": "Tr Phuong Anh"
        },
        {
            "id": "100072234173831",
            "count": 0,
            "name": "Minh Thảo"
        },
        {
            "id": "100095215464809",
            "count": 0,
            "name": "Dương Bảo"
        },
        {
            "id": "61550844096635",
            "count": 0,
            "name": "Ng Đạt"
        },
        {
            "id": "61559460276452",
            "count": 0,
            "name": "Mg Thuong"
        },
        {
            "id": "61557417623236",
            "count": 0,
            "name": "Đặngg Thơ"
        },
        {
            "id": "61558570270683",
            "count": 0,
            "name": "Naoto San"
        },
        {
            "id": "61558622291897",
            "count": 0,
            "name": "Tyy Hwing"
        },
        {
            "id": "61557020936637",
            "count": 0,
            "name": "Quỳnh Ngg"
        },
        {
            "id": "61552151392098",
            "count": 0,
            "name": "Nhàn Thanh"
        },
        {
            "id": "61564360988672",
            "count": 0,
            "name": "Phương Ly"
        },
        {
            "id": "100075396121822",
            "count": 0,
            "name": "Trần Ngọc Khánh Vy"
        },
        {
            "id": "61556366287733",
            "count": 2,
            "name": "Hoang Ni",
            "lastActive": "11:48:53 || thứ hai"
        },
        {
            "id": "100095330057562",
            "count": 4,
            "name": "Phan Thanh Uan",
            "lastActive": "10:42:25 || thứ ba"
        },
        {
            "id": "100064552718188",
            "count": 0,
            "name": "Anh Hong"
        },
        {
            "id": "100092701026645",
            "count": 0,
            "name": "Khúc Phong"
        },
        {
            "id": "100077098945996",
            "count": 0,
            "name": "Nhi Tuyết"
        },
        {
            "id": "61567129514017",
            "count": 0,
            "name": "Khánh An"
        },
        {
            "id": "100074793253581",
            "count": 0,
            "name": "Mỹ Linh"
        },
        {
            "id": "61561633201772",
            "count": 30,
            "name": "Julyaa Luongg",
            "lastActive": "19:28:42 || thứ hai"
        },
        {
            "id": "100072096072776",
            "count": 14,
            "name": "Linh Gia",
            "lastActive": "18:22:34 || thứ ba"
        },
        {
            "id": "61571401845575",
            "count": 0,
            "name": "Hoàng Dũng"
        },
        {
            "id": "61560299280947",
            "count": 0,
            "name": "Minh Nh",
            "lastActive": "21:57:19 || chủ nhật"
        },
        {
            "id": "61577620636217",
            "count": 0,
            "name": "Như Mai"
        },
        {
            "id": "61550030184394",
            "count": 20,
            "name": "️️️️️️️️️️️️️️️️️️️️️️️️️️️️️️️️️️️️️️️️️️️️️️️️️️️️️️️️️️️️️️️️️️️️️️️️️️️️️️️️️️️️️️️️️️️️️️️️️️️️️️️️️️️️️️️️️️️️️️️️️️️️️️️️️️️️️️️️️️️️️️️️️️️️️️️️️️️️️️️️️️️️️️️️️️ ",
            "lastActive": "10:17:18 || thứ tư"
        },
        {
            "id": "100000895922054",
            "count": 0,
            "name": "Ng Van Hungg 🌸"
        },
        {
            "id": "100070182486318",
            "count": 0,
            "name": "Tuệ Nhi"
        }
    ],
    "day": [
        {
            "id": "100054892668998",
            "count": 4,
            "name": "Khanh Phuong",
            "lastActive": "00:02:32 || thứ tư"
        },
        {
            "id": "100010168535869",
            "count": 0,
            "name": "NT Ngọc Bích"
        },
        {
            "id": "61559214267206",
            "count": 0,
            "name": "Minh Hồng"
        },
        {
            "id": "100030982187357",
            "count": 0,
            "name": "Ming Cuonh",
            "lastActive": "18:21:42 || thứ ba"
        },
        {
            "id": "61554755845672",
            "count": 0,
            "name": "Luu Giaa Bảo"
        },
        {
            "id": "100085607483096",
            "count": 2,
            "name": "Mai Anh",
            "lastActive": "12:18:25 || thứ tư"
        },
        {
            "id": "61561846031952",
            "count": 0,
            "name": "Cao Phương Linh"
        },
        {
            "id": "100074996724205",
            "count": 0,
            "name": "Hưng Trần"
        },
        {
            "id": "61555004005653",
            "count": 0,
            "name": "Quynh Chi Nguyen Tran"
        },
        {
            "id": "100019357358917",
            "count": 0,
            "name": "Ma Thanh Tùng"
        },
        {
            "id": "100093859291675",
            "count": 0,
            "name": "Bao Nam"
        },
        {
            "id": "100071992406751",
            "count": 0,
            "name": "Ngọc Uyên"
        },
        {
            "id": "100079905999959",
            "count": 0,
            "name": "Nguyen Soc",
            "lastActive": "20:19:01 || thứ hai"
        },
        {
            "id": "100055602692785",
            "count": 0,
            "name": "Lâm Tâm Như"
        },
        {
            "id": "100077701390678",
            "count": 6,
            "name": "Yeii Nhie",
            "lastActive": "12:19:51 || thứ tư"
        },
        {
            "id": "61568807833068",
            "count": 0,
            "name": "Kim Ngân",
            "lastActive": "11:53:00 || thứ hai"
        },
        {
            "id": "100065635456706",
            "count": 0,
            "name": "Càri Xàocảichua"
        },
        {
            "id": "100090515795579",
            "count": 0,
            "name": "Ng Nhaan"
        },
        {
            "id": "100078352794166",
            "count": 0,
            "name": "NG Anh Sasi",
            "lastActive": "17:18:40 || chủ nhật"
        },
        {
            "id": "100076251362051",
            "count": 0,
            "name": "Hương Giang"
        },
        {
            "id": "61556973321179",
            "count": 0,
            "name": "Thịnh Phạm"
        },
        {
            "id": "100058474429434",
            "count": 0,
            "name": "Bich Hang"
        },
        {
            "id": "100091546088288",
            "count": 0,
            "name": "Nguyễn Vũ Minh Anh",
            "lastActive": "20:45:48 || thứ ba"
        },
        {
            "id": "100001830738561",
            "count": 0,
            "name": "Hoàng Anh"
        },
        {
            "id": "100089763477492",
            "count": 0,
            "name": "Quỳnh Trang",
            "lastActive": "19:27:57 || thứ hai"
        },
        {
            "id": "61570151165872",
            "count": 0,
            "name": "Ng Thành Trung"
        },
        {
            "id": "100044260308304",
            "count": 0,
            "name": "Trung Lqp"
        },
        {
            "id": "100048705202944",
            "count": 0,
            "name": "Ng Ph Thảo"
        },
        {
            "id": "61554840782389",
            "count": 0,
            "name": "Hoàng Nam"
        },
        {
            "id": "100087628736204",
            "count": 0,
            "name": "Thanh Hương"
        },
        {
            "id": "100065659055837",
            "count": 0,
            "name": "Kiều Ngân",
            "lastActive": "20:29:09 || thứ hai"
        },
        {
            "id": "61550966581897",
            "count": 0,
            "name": "Cô Đào Khó Tính"
        },
        {
            "id": "61557157391070",
            "count": 0,
            "name": "Ph Hai Anh"
        },
        {
            "id": "100085106690774",
            "count": 0,
            "name": "Huyen Trang"
        },
        {
            "id": "61561314154950",
            "count": 0,
            "name": "Uýnh Lộn Không"
        },
        {
            "id": "100083344811377",
            "count": 0,
            "name": "Wyn Anh"
        },
        {
            "id": "100060689804363",
            "count": 0,
            "name": "Lê Pyn"
        },
        {
            "id": "100092239887080",
            "count": 0,
            "name": "Haii Anh"
        },
        {
            "id": "100076327337732",
            "count": 0,
            "name": "Kiều Khanh"
        },
        {
            "id": "100042959357023",
            "count": 0,
            "name": "Nh Phan"
        },
        {
            "id": "61568501957456",
            "count": 0,
            "name": "Bảo Trân"
        },
        {
            "id": "100066222223543",
            "count": 0,
            "name": "Huỳnh Như"
        },
        {
            "id": "61564637039893",
            "count": 0,
            "name": "Nọc Tuyền Ctee"
        },
        {
            "id": "100080480798492",
            "count": 8,
            "name": "HN Nanhh",
            "lastActive": "07:25:18 || thứ tư"
        },
        {
            "id": "61573040128883",
            "count": 0,
            "name": "Bảo Như"
        },
        {
            "id": "100010827932778",
            "count": 0,
            "name": "Nguyễn Văn HHoạt"
        },
        {
            "id": "100071133815128",
            "count": 0,
            "name": "Ng Bao Nhu"
        },
        {
            "id": "100034733823324",
            "count": 0,
            "name": "Người dùng Facebook"
        },
        {
            "id": "100085434116387",
            "count": 0,
            "name": "Yurika Koiri"
        },
        {
            "id": "61556801938106",
            "count": 0,
            "name": "Sophie Ky Nguyen"
        },
        {
            "id": "61573891397322",
            "count": 0,
            "name": "Chi Chi"
        },
        {
            "id": "100082684274354",
            "count": 0,
            "name": "Tran Quy Hai Dang"
        },
        {
            "id": "61560269624650",
            "count": 0,
            "name": "Hoàng Gia Chương"
        },
        {
            "id": "100058544584125",
            "count": 0,
            "name": "Minh Khuê"
        },
        {
            "id": "100051733902762",
            "count": 0,
            "name": "Nguyen Bich Huee"
        },
        {
            "id": "61559291063590",
            "count": 0,
            "name": "Phạm Khánh Trung"
        },
        {
            "id": "61575071946849",
            "count": 0,
            "name": "Ngoc Vy"
        },
        {
            "id": "61550108074830",
            "count": 0,
            "name": "Hoàng Linh"
        },
        {
            "id": "61576878881860",
            "count": 2,
            "name": "Ngọc Tiến",
            "lastActive": "00:24:27 || thứ tư"
        },
        {
            "id": "61555134279746",
            "count": 0,
            "name": "Hồ Vy"
        },
        {
            "id": "61575767660992",
            "count": 0,
            "name": "Trần Ngọc Phan Thư"
        },
        {
            "id": "100093849429396",
            "count": 0,
            "name": "Dieu Anh"
        },
        {
            "id": "100091935623925",
            "count": 0,
            "name": "Hoang Phuong Anh"
        },
        {
            "id": "61571693494861",
            "count": 0,
            "name": "Tr Ami"
        },
        {
            "id": "61578971607160",
            "count": 0,
            "name": "Quynh Anh Le"
        },
        {
            "id": "100020864288686",
            "count": 0,
            "name": "Đường Cát Vàng"
        },
        {
            "id": "61554127105220",
            "count": 0,
            "name": "St Flag"
        },
        {
            "id": "100085333683103",
            "count": 0,
            "name": "Nam Hoàng"
        },
        {
            "id": "61563759530684",
            "count": 0,
            "name": "Nguyễn Thiên Phúc"
        },
        {
            "id": "61557674924403",
            "count": 0,
            "name": "chú cá"
        },
        {
            "id": "100093028400105",
            "count": 0,
            "name": "Người dùng facebook"
        },
        {
            "id": "100072234173831",
            "count": 0,
            "name": "Minh Thảo"
        },
        {
            "id": "100095215464809",
            "count": 0,
            "name": "Dương Bảo"
        },
        {
            "id": "61550844096635",
            "count": 0,
            "name": "Ng Đạt"
        },
        {
            "id": "61559460276452",
            "count": 0,
            "name": "Mg Thuong"
        },
        {
            "id": "61557417623236",
            "count": 0,
            "name": "Đặngg Thơ"
        },
        {
            "id": "61558570270683",
            "count": 0,
            "name": "Naoto San"
        },
        {
            "id": "61558622291897",
            "count": 0,
            "name": "Tyy Hwing"
        },
        {
            "id": "61557020936637",
            "count": 0,
            "name": "Quỳnh Ngg"
        },
        {
            "id": "61552151392098",
            "count": 0,
            "name": "Nhàn Thanh"
        },
        {
            "id": "61564360988672",
            "count": 0,
            "name": "Phương Ly"
        },
        {
            "id": "100075396121822",
            "count": 0,
            "name": "Trần Ngọc Khánh Vy"
        },
        {
            "id": "61556366287733",
            "count": 0,
            "name": "Hoang Ni",
            "lastActive": "11:48:53 || thứ hai"
        },
        {
            "id": "100095330057562",
            "count": 0,
            "name": "Phan Thanh Uan",
            "lastActive": "10:42:25 || thứ ba"
        },
        {
            "id": "100064552718188",
            "count": 0,
            "name": "Anh Hong"
        },
        {
            "id": "100092701026645",
            "count": 0,
            "name": "Khúc Phong"
        },
        {
            "id": "100077098945996",
            "count": 0,
            "name": "Nhi Tuyết"
        },
        {
            "id": "61567129514017",
            "count": 0,
            "name": "Khánh An"
        },
        {
            "id": "100074793253581",
            "count": 0,
            "name": "Mỹ Linh"
        },
        {
            "id": "61561633201772",
            "count": 0,
            "name": "Julyaa Luongg",
            "lastActive": "19:28:42 || thứ hai"
        },
        {
            "id": "100072096072776",
            "count": 0,
            "name": "Linh Gia",
            "lastActive": "18:22:34 || thứ ba"
        },
        {
            "id": "61571401845575",
            "count": 0,
            "name": "Hoàng Dũng"
        },
        {
            "id": "61560299280947",
            "count": 0,
            "name": "Minh Nh",
            "lastActive": "21:57:19 || chủ nhật"
        },
        {
            "id": "61577620636217",
            "count": 0,
            "name": "Như Mai"
        },
        {
            "id": "61550030184394",
            "count": 4,
            "name": "️️️️️️️️️️️️️️️️️️️️️️️️️️️️️️️️️️️️️️️️️️️️️️️️️️️️️️️️️️️️️️️️️️️️️️️️️️️️️️️️️️️️️️️️️️️️️️️️️️️️️️️️️️️️️️️️️️️️️️️️️️️️️️️️️️️️️️️️️️️️️️️️️️️️️️️️️️️️️️️️️️️️️️️️️️ ",
            "lastActive": "10:17:18 || thứ tư"
        },
        {
            "id": "100000895922054",
            "count": 0,
            "name": "Ng Van Hungg 🌸"
        },
        {
            "id": "100070182486318",
            "count": 0,
            "name": "Tuệ Nhi"
        }
    ],
    "time": 3,
    "last": {
        "time": 5,
        "day": [
            {
                "id": "100054892668998",
                "count": 0
            },
            {
                "id": "100010168535869",
                "count": 0
            },
            {
                "id": "61559214267206",
                "count": 0
            },
            {
                "id": "100030982187357",
                "count": 0
            },
            {
                "id": "61554755845672",
                "count": 0
            },
            {
                "id": "100085607483096",
                "count": 0
            },
            {
                "id": "61561846031952",
                "count": 0
            },
            {
                "id": "100074996724205",
                "count": 0
            },
            {
                "id": "61555004005653",
                "count": 0
            },
            {
                "id": "100019357358917",
                "count": 0
            },
            {
                "id": "100093859291675",
                "count": 0
            },
            {
                "id": "100070182486318",
                "count": 0
            },
            {
                "id": "100071992406751",
                "count": 0
            },
            {
                "id": "100079905999959",
                "count": 0
            },
            {
                "id": "100055602692785",
                "count": 0
            },
            {
                "id": "100077701390678",
                "count": 0
            },
            {
                "id": "61568807833068",
                "count": 0
            },
            {
                "id": "100065635456706",
                "count": 0
            },
            {
                "id": "100090515795579",
                "count": 0
            },
            {
                "id": "100078352794166",
                "count": 0
            },
            {
                "id": "100076251362051",
                "count": 0
            },
            {
                "id": "61556973321179",
                "count": 0
            },
            {
                "id": "100058474429434",
                "count": 0
            },
            {
                "id": "100091546088288",
                "count": 0
            },
            {
                "id": "100001830738561",
                "count": 0
            },
            {
                "id": "100089763477492",
                "count": 0
            },
            {
                "id": "61570151165872",
                "count": 0
            },
            {
                "id": "100044260308304",
                "count": 0
            },
            {
                "id": "100048705202944",
                "count": 0
            },
            {
                "id": "61554840782389",
                "count": 0
            },
            {
                "id": "100087628736204",
                "count": 0
            },
            {
                "id": "100065659055837",
                "count": 0
            },
            {
                "id": "61550966581897",
                "count": 0
            },
            {
                "id": "61557157391070",
                "count": 0
            },
            {
                "id": "100085106690774",
                "count": 0
            },
            {
                "id": "61561314154950",
                "count": 0
            },
            {
                "id": "100083344811377",
                "count": 0
            },
            {
                "id": "100060689804363",
                "count": 0
            },
            {
                "id": "100092239887080",
                "count": 0
            },
            {
                "id": "100076327337732",
                "count": 0
            },
            {
                "id": "100042959357023",
                "count": 0
            },
            {
                "id": "61568501957456",
                "count": 0
            },
            {
                "id": "100066222223543",
                "count": 0
            },
            {
                "id": "61564637039893",
                "count": 0
            },
            {
                "id": "100080480798492",
                "count": 0
            },
            {
                "id": "61573040128883",
                "count": 0
            },
            {
                "id": "100010827932778",
                "count": 0
            },
            {
                "id": "100071133815128",
                "count": 0
            },
            {
                "id": "100034733823324",
                "count": 0
            },
            {
                "id": "100085434116387",
                "count": 0
            },
            {
                "id": "61556801938106",
                "count": 0
            },
            {
                "id": "61573891397322",
                "count": 0
            },
            {
                "id": "100082684274354",
                "count": 0
            },
            {
                "id": "61560269624650",
                "count": 0
            },
            {
                "id": "100058544584125",
                "count": 0
            },
            {
                "id": "100051733902762",
                "count": 0
            },
            {
                "id": "61559291063590",
                "count": 0
            },
            {
                "id": "61575071946849",
                "count": 0
            },
            {
                "id": "61550108074830",
                "count": 0
            },
            {
                "id": "61576878881860",
                "count": 0
            },
            {
                "id": "61555134279746",
                "count": 0
            },
            {
                "id": "61575767660992",
                "count": 0
            },
            {
                "id": "100093849429396",
                "count": 0
            },
            {
                "id": "100091935623925",
                "count": 0
            },
            {
                "id": "61571693494861",
                "count": 0
            },
            {
                "id": "61578971607160",
                "count": 0
            },
            {
                "id": "100020864288686",
                "count": 0
            },
            {
                "id": "61554127105220",
                "count": 0
            },
            {
                "id": "100085333683103",
                "count": 0
            },
            {
                "id": "61563759530684",
                "count": 0
            },
            {
                "id": "61557674924403",
                "count": 0
            },
            {
                "id": "100093028400105",
                "count": 0
            },
            {
                "id": "100072234173831",
                "count": 0
            },
            {
                "id": "100095215464809",
                "count": 0
            },
            {
                "id": "61550844096635",
                "count": 0
            },
            {
                "id": "61559460276452",
                "count": 0
            },
            {
                "id": "61557417623236",
                "count": 0
            },
            {
                "id": "61558570270683",
                "count": 0
            },
            {
                "id": "61558622291897",
                "count": 0
            },
            {
                "id": "61557020936637",
                "count": 0
            },
            {
                "id": "61552151392098",
                "count": 0
            },
            {
                "id": "61564360988672",
                "count": 0
            },
            {
                "id": "100075396121822",
                "count": 0
            },
            {
                "id": "61556366287733",
                "count": 0
            },
            {
                "id": "100095330057562",
                "count": 0
            },
            {
                "id": "100064552718188",
                "count": 0
            },
            {
                "id": "100092701026645",
                "count": 0
            },
            {
                "id": "100077098945996",
                "count": 0
            },
            {
                "id": "61567129514017",
                "count": 0
            },
            {
                "id": "100074793253581",
                "count": 0
            },
            {
                "id": "61561633201772",
                "count": 0
            },
            {
                "id": "100072096072776",
                "count": 0
            },
            {
                "id": "61571401845575",
                "count": 0
            },
            {
                "id": "61560299280947",
                "count": 0
            },
            {
                "id": "61577620636217",
                "count": 0
            },
            {
                "id": "61550030184394",
                "count": 0
            },
            {
                "id": "100000895922054",
                "count": 0
            }
        ],
        "week": [
            {
                "id": "100054892668998",
                "count": 0
            },
            {
                "id": "100010168535869",
                "count": 0
            },
            {
                "id": "61559214267206",
                "count": 0
            },
            {
                "id": "100030982187357",
                "count": 0
            },
            {
                "id": "61554755845672",
                "count": 0
            },
            {
                "id": "100085607483096",
                "count": 0
            },
            {
                "id": "61561846031952",
                "count": 0
            },
            {
                "id": "100074996724205",
                "count": 0
            },
            {
                "id": "61555004005653",
                "count": 0
            },
            {
                "id": "100019357358917",
                "count": 0
            },
            {
                "id": "100093859291675",
                "count": 0
            },
            {
                "id": "100070182486318",
                "count": 0
            },
            {
                "id": "100071992406751",
                "count": 0
            },
            {
                "id": "100079905999959",
                "count": 0
            },
            {
                "id": "100055602692785",
                "count": 0
            },
            {
                "id": "100077701390678",
                "count": 0
            },
            {
                "id": "61568807833068",
                "count": 0
            },
            {
                "id": "100065635456706",
                "count": 0
            },
            {
                "id": "100090515795579",
                "count": 0
            },
            {
                "id": "100078352794166",
                "count": 0
            },
            {
                "id": "100076251362051",
                "count": 0
            },
            {
                "id": "61556973321179",
                "count": 0
            },
            {
                "id": "100058474429434",
                "count": 0
            },
            {
                "id": "100091546088288",
                "count": 0
            },
            {
                "id": "100001830738561",
                "count": 0
            },
            {
                "id": "100089763477492",
                "count": 0
            },
            {
                "id": "61570151165872",
                "count": 0
            },
            {
                "id": "100044260308304",
                "count": 0
            },
            {
                "id": "100048705202944",
                "count": 0
            },
            {
                "id": "61554840782389",
                "count": 0
            },
            {
                "id": "100087628736204",
                "count": 0
            },
            {
                "id": "100065659055837",
                "count": 0
            },
            {
                "id": "61550966581897",
                "count": 0
            },
            {
                "id": "61557157391070",
                "count": 0
            },
            {
                "id": "100085106690774",
                "count": 0
            },
            {
                "id": "61561314154950",
                "count": 0
            },
            {
                "id": "100083344811377",
                "count": 0
            },
            {
                "id": "100060689804363",
                "count": 0
            },
            {
                "id": "100092239887080",
                "count": 0
            },
            {
                "id": "100076327337732",
                "count": 0
            },
            {
                "id": "100042959357023",
                "count": 0
            },
            {
                "id": "61568501957456",
                "count": 0
            },
            {
                "id": "100066222223543",
                "count": 0
            },
            {
                "id": "61564637039893",
                "count": 0
            },
            {
                "id": "100080480798492",
                "count": 0
            },
            {
                "id": "61573040128883",
                "count": 0
            },
            {
                "id": "100010827932778",
                "count": 0
            },
            {
                "id": "100071133815128",
                "count": 0
            },
            {
                "id": "100034733823324",
                "count": 0
            },
            {
                "id": "100085434116387",
                "count": 0
            },
            {
                "id": "61556801938106",
                "count": 0
            },
            {
                "id": "61573891397322",
                "count": 0
            },
            {
                "id": "100082684274354",
                "count": 0
            },
            {
                "id": "61560269624650",
                "count": 0
            },
            {
                "id": "100058544584125",
                "count": 0
            },
            {
                "id": "100051733902762",
                "count": 0
            },
            {
                "id": "61559291063590",
                "count": 0
            },
            {
                "id": "61575071946849",
                "count": 0
            },
            {
                "id": "61550108074830",
                "count": 0
            },
            {
                "id": "61576878881860",
                "count": 0
            },
            {
                "id": "61555134279746",
                "count": 0
            },
            {
                "id": "61575767660992",
                "count": 0
            },
            {
                "id": "100093849429396",
                "count": 0
            },
            {
                "id": "100091935623925",
                "count": 0
            },
            {
                "id": "61571693494861",
                "count": 0
            },
            {
                "id": "61578971607160",
                "count": 0
            },
            {
                "id": "100020864288686",
                "count": 0
            },
            {
                "id": "61554127105220",
                "count": 0
            },
            {
                "id": "100085333683103",
                "count": 0
            },
            {
                "id": "61563759530684",
                "count": 0
            },
            {
                "id": "61557674924403",
                "count": 0
            },
            {
                "id": "100093028400105",
                "count": 0
            },
            {
                "id": "100072234173831",
                "count": 0
            },
            {
                "id": "100095215464809",
                "count": 0
            },
            {
                "id": "61550844096635",
                "count": 0
            },
            {
                "id": "61559460276452",
                "count": 0
            },
            {
                "id": "61557417623236",
                "count": 0
            },
            {
                "id": "61558570270683",
                "count": 0
            },
            {
                "id": "61558622291897",
                "count": 0
            },
            {
                "id": "61557020936637",
                "count": 0
            },
            {
                "id": "61552151392098",
                "count": 0
            },
            {
                "id": "61564360988672",
                "count": 0
            },
            {
                "id": "100075396121822",
                "count": 0
            },
            {
                "id": "61556366287733",
                "count": 0
            },
            {
                "id": "100095330057562",
                "count": 0
            },
            {
                "id": "100064552718188",
                "count": 0
            },
            {
                "id": "100092701026645",
                "count": 0
            },
            {
                "id": "100077098945996",
                "count": 0
            },
            {
                "id": "61567129514017",
                "count": 0
            },
            {
                "id": "100074793253581",
                "count": 0
            },
            {
                "id": "61561633201772",
                "count": 0
            },
            {
                "id": "100072096072776",
                "count": 0
            },
            {
                "id": "61571401845575",
                "count": 0
            },
            {
                "id": "61560299280947",
                "count": 0
            },
            {
                "id": "61577620636217",
                "count": 0
            },
            {
                "id": "61550030184394",
                "count": 0
            },
            {
                "id": "100000895922054",
                "count": 0
            }
        ]
    }
}