{
    "total": [
        {
            "id": "61560299280947",
            "count": 34
        },
        {
            "id": "61570151165872",
            "count": 0
        },
        {
            "id": "100055602692785",
            "count": 35,
            "lastActive": "21:57:47 || thứ ba"
        },
        {
            "id": "100074996724205",
            "count": 38,
            "lastActive": "21:50:44 || chủ nhật"
        },
        {
            "id": "100091546088288",
            "count": 56,
            "lastActive": "19:33:32 || thứ hai"
        },
        {
            "id": "61575325054866",
            "count": 0
        },
        {
            "id": "100071784282885",
            "count": 2
        },
        {
            "id": "61554840782389",
            "count": 1
        },
        {
            "id": "61576767542544",
            "count": 87,
            "lastActive": "17:09:11 || thứ ba"
        },
        {
            "id": "100089619697709",
            "count": 16,
            "lastActive": "20:39:54 || thứ hai"
        },
        {
            "id": "100074108749863",
            "count": 16,
            "lastActive": "19:12:39 || chủ nhật"
        },
        {
            "id": "100040531276966",
            "count": 56
        },
        {
            "id": "100081219016785",
            "count": 0
        },
        {
            "id": "100036191915968",
            "count": 0
        },
        {
            "id": "61557157391070",
            "count": 2
        },
        {
            "id": "100085607483096",
            "count": 71
        },
        {
            "id": "61554506773040",
            "count": 0
        },
        {
            "id": "61561314154950",
            "count": 0
        },
        {
            "id": "100084703230729",
            "count": 0
        },
        {
            "id": "100054892668998",
            "count": 649,
            "lastActive": "10:18:19 || thứ tư"
        },
        {
            "id": "100077701390678",
            "count": 564,
            "lastActive": "00:06:59 || thứ tư"
        },
        {
            "id": "100095215464809",
            "count": 22,
            "lastActive": "21:46:33 || chủ nhật"
        },
        {
            "id": "61557380211849",
            "count": 0
        },
        {
            "id": "61580080272115",
            "count": 0
        },
        {
            "id": "100075396121822",
            "count": 46
        },
        {
            "id": "100069082772484",
            "count": 257,
            "lastActive": "20:47:10 || thứ ba"
        },
        {
            "id": "61571918674596",
            "count": 0
        },
        {
            "id": "61567735851247",
            "count": 0
        },
        {
            "id": "100090135602775",
            "count": 0
        },
        {
            "id": "61572736733440",
            "count": 0
        },
        {
            "id": "61557068405577",
            "count": 0
        },
        {
            "id": "61567094880263",
            "count": 0
        },
        {
            "id": "100081740430379",
            "count": 0
        },
        {
            "id": "61581867830752",
            "count": 0
        },
        {
            "id": "100082684274354",
            "count": 50
        },
        {
            "id": "100089466910568",
            "count": 0
        },
        {
            "id": "100062531664871",
            "count": 2
        },
        {
            "id": "61551252604738",
            "count": 1
        },
        {
            "id": "100077376274493",
            "count": 1034,
            "lastActive": "00:04:58 || thứ tư"
        },
        {
            "id": "61556562713676",
            "count": 24
        },
        {
            "id": "61566903755218",
            "count": 611,
            "lastActive": "17:39:46 || thứ ba"
        },
        {
            "id": "61550030184394",
            "count": 57,
            "lastActive": "10:18:20 || thứ tư"
        },
        {
            "id": "100000895922054",
            "count": 304
        },
        {
            "id": "100064280830280",
            "count": 1
        },
        {
            "id": "100088545249547",
            "count": 84
        },
        {
            "id": "100093562294023",
            "count": 3
        },
        {
            "id": "61572689643559",
            "count": 22
        },
        {
            "id": "100094897749049",
            "count": 2
        },
        {
            "id": "61566212084883",
            "count": 133,
            "lastActive": "17:39:31 || thứ ba"
        },
        {
            "id": "100080251004899",
            "count": 72,
            "lastActive": "19:28:17 || thứ hai"
        },
        {
            "id": "100089373969702",
            "count": 48,
            "lastActive": "06:24:57 || thứ tư"
        },
        {
            "id": "100027423277261",
            "count": 0
        },
        {
            "id": "61561633201772",
            "count": 6,
            "lastActive": "19:26:34 || thứ hai"
        }
    ],
    "week": [
        {
            "id": "61560299280947",
            "count": 0,
            "name": "Minh Nh"
        },
        {
            "id": "61570151165872",
            "count": 0,
            "name": "Ng Thành Trung"
        },
        {
            "id": "100055602692785",
            "count": 20,
            "name": "Lâm Tâm Như",
            "lastActive": "21:57:47 || thứ ba"
        },
        {
            "id": "100074996724205",
            "count": 0,
            "name": "Hưng Trần",
            "lastActive": "21:50:44 || chủ nhật"
        },
        {
            "id": "100091546088288",
            "count": 2,
            "name": "Nguyễn Vũ Minh Anh",
            "lastActive": "19:33:32 || thứ hai"
        },
        {
            "id": "61575325054866",
            "count": 0,
            "name": "Người dùng Facebook"
        },
        {
            "id": "100071784282885",
            "count": 0,
            "name": "Nguyễn Quốc Huy"
        },
        {
            "id": "61554840782389",
            "count": 0,
            "name": "Hoàng Nam"
        },
        {
            "id": "61576767542544",
            "count": 2,
            "name": "Hưng Thịnh",
            "lastActive": "17:09:11 || thứ ba"
        },
        {
            "id": "100089619697709",
            "count": 4,
            "name": "Huỳnh Hoang Vĩnh Hải",
            "lastActive": "20:39:54 || thứ hai"
        },
        {
            "id": "100074108749863",
            "count": 0,
            "name": "Thành Nguyễn",
            "lastActive": "19:12:39 || chủ nhật"
        },
        {
            "id": "100040531276966",
            "count": 0,
            "name": "Bảo Nguyễn"
        },
        {
            "id": "100081219016785",
            "count": 0,
            "name": "Nguyễn Tnhii"
        },
        {
            "id": "100036191915968",
            "count": 0,
            "name": "Thanh Hương"
        },
        {
            "id": "61557157391070",
            "count": 0,
            "name": "Ph Hai Anh"
        },
        {
            "id": "100085607483096",
            "count": 0,
            "name": "Mai Anh"
        },
        {
            "id": "61554506773040",
            "count": 0,
            "name": "Quang Vinh"
        },
        {
            "id": "61561314154950",
            "count": 0,
            "name": "Uýnh Lộn Không"
        },
        {
            "id": "100084703230729",
            "count": 0,
            "name": "Nguyễn Nam"
        },
        {
            "id": "100054892668998",
            "count": 76,
            "name": "Khanh Phuong",
            "lastActive": "10:18:19 || thứ tư"
        },
        {
            "id": "100077701390678",
            "count": 72,
            "name": "Yeii Nhie",
            "lastActive": "00:06:59 || thứ tư"
        },
        {
            "id": "100095215464809",
            "count": 0,
            "name": "Dương Bảo",
            "lastActive": "21:46:33 || chủ nhật"
        },
        {
            "id": "61557380211849",
            "count": 0,
            "name": "Ngô Diễm My"
        },
        {
            "id": "61580080272115",
            "count": 0,
            "name": "Le Phuong Thao"
        },
        {
            "id": "100075396121822",
            "count": 0,
            "name": "Trần Ngọc Khánh Vy"
        },
        {
            "id": "100069082772484",
            "count": 6,
            "name": "Nguyễn Nghĩa",
            "lastActive": "20:47:10 || thứ ba"
        },
        {
            "id": "61571918674596",
            "count": 0,
            "name": "Người dùng Facebook"
        },
        {
            "id": "61567735851247",
            "count": 0,
            "name": "Lâm Bel"
        },
        {
            "id": "100090135602775",
            "count": 0,
            "name": "Người dùng Facebook"
        },
        {
            "id": "61572736733440",
            "count": 0,
            "name": "Guen Miyuki"
        },
        {
            "id": "61557068405577",
            "count": 0,
            "name": "Phạm Minh Hoàng"
        },
        {
            "id": "61567094880263",
            "count": 0,
            "name": "Kha Đào"
        },
        {
            "id": "100081740430379",
            "count": 0,
            "name": "Lưu Mdiep"
        },
        {
            "id": "61581867830752",
            "count": 0,
            "name": "Người dùng Facebook"
        },
        {
            "id": "100082684274354",
            "count": 0,
            "name": "Tran Quy Hai Dang"
        },
        {
            "id": "100089466910568",
            "count": 0,
            "name": "Lý Hoàng Long"
        },
        {
            "id": "100062531664871",
            "count": 0,
            "name": "Hoàng Ngọc"
        },
        {
            "id": "61551252604738",
            "count": 0,
            "name": "Tuan Anh🦖"
        },
        {
            "id": "100077376274493",
            "count": 54,
            "name": "Kin Kin",
            "lastActive": "00:04:58 || thứ tư"
        },
        {
            "id": "61556562713676",
            "count": 0,
            "name": "Khang Lưu"
        },
        {
            "id": "61566903755218",
            "count": 34,
            "name": "Minh Anh",
            "lastActive": "17:39:46 || thứ ba"
        },
        {
            "id": "61550030184394",
            "count": 24,
            "name": "️️️️️️️️️️️️️️️️️️️️️️️️️️️️️️️️️️️️️️️️️️️️️️️️️️️️️️️️️️️️️️️️️️️️️️️️️️️️️️️️️️️️️️️️️️️️️️️️️️️️️️️️️️️️️️️️️️️️️️️️️️️️️️️️️️️️️️️️️️️️️️️️️️️️️️️️️️️️️️️️️️️️️️️️️️ ",
            "lastActive": "10:18:20 || thứ tư"
        },
        {
            "id": "100000895922054",
            "count": 0,
            "name": "Ng Van Hungg 🌸"
        },
        {
            "id": "100064280830280",
            "count": 0,
            "name": "Hậu Nguyễn"
        },
        {
            "id": "100088545249547",
            "count": 0,
            "name": "Lê Hoàng"
        },
        {
            "id": "100093562294023",
            "count": 0,
            "name": "Vũ Tuấn"
        },
        {
            "id": "61572689643559",
            "count": 0,
            "name": "Thyy Chiee"
        },
        {
            "id": "100094897749049",
            "count": 0,
            "name": "Thanh Vũ"
        },
        {
            "id": "61566212084883",
            "count": 30,
            "name": "Trường An",
            "lastActive": "17:39:31 || thứ ba"
        },
        {
            "id": "100080251004899",
            "count": 6,
            "lastActive": "19:28:17 || thứ hai",
            "name": "Trần Minh"
        },
        {
            "id": "100089373969702",
            "count": 8,
            "lastActive": "06:24:57 || thứ tư",
            "name": "Huy Võ"
        },
        {
            "id": "100027423277261",
            "count": 0,
            "name": "Phạm Bảo Long"
        },
        {
            "id": "61561633201772",
            "count": 6,
            "lastActive": "19:26:34 || thứ hai"
        }
    ],
    "day": [
        {
            "id": "61560299280947",
            "count": 0,
            "name": "Minh Nh"
        },
        {
            "id": "61570151165872",
            "count": 0,
            "name": "Ng Thành Trung"
        },
        {
            "id": "100055602692785",
            "count": 0,
            "name": "Lâm Tâm Như",
            "lastActive": "21:57:47 || thứ ba"
        },
        {
            "id": "100074996724205",
            "count": 0,
            "name": "Hưng Trần",
            "lastActive": "21:50:44 || chủ nhật"
        },
        {
            "id": "100091546088288",
            "count": 0,
            "name": "Nguyễn Vũ Minh Anh",
            "lastActive": "19:33:32 || thứ hai"
        },
        {
            "id": "61575325054866",
            "count": 0,
            "name": "Người dùng Facebook"
        },
        {
            "id": "100071784282885",
            "count": 0,
            "name": "Nguyễn Quốc Huy"
        },
        {
            "id": "61554840782389",
            "count": 0,
            "name": "Hoàng Nam"
        },
        {
            "id": "61576767542544",
            "count": 0,
            "name": "Hưng Thịnh",
            "lastActive": "17:09:11 || thứ ba"
        },
        {
            "id": "100089619697709",
            "count": 0,
            "name": "Huỳnh Hoang Vĩnh Hải",
            "lastActive": "20:39:54 || thứ hai"
        },
        {
            "id": "100074108749863",
            "count": 0,
            "name": "Thành Nguyễn",
            "lastActive": "19:12:39 || chủ nhật"
        },
        {
            "id": "100040531276966",
            "count": 0,
            "name": "Bảo Nguyễn"
        },
        {
            "id": "100081219016785",
            "count": 0,
            "name": "Nguyễn Tnhii"
        },
        {
            "id": "100036191915968",
            "count": 0,
            "name": "Thanh Hương"
        },
        {
            "id": "61557157391070",
            "count": 0,
            "name": "Ph Hai Anh"
        },
        {
            "id": "100085607483096",
            "count": 0,
            "name": "Mai Anh"
        },
        {
            "id": "61554506773040",
            "count": 0,
            "name": "Quang Vinh"
        },
        {
            "id": "61561314154950",
            "count": 0,
            "name": "Uýnh Lộn Không"
        },
        {
            "id": "100084703230729",
            "count": 0,
            "name": "Nguyễn Nam"
        },
        {
            "id": "100054892668998",
            "count": 10,
            "name": "Khanh Phuong",
            "lastActive": "10:18:19 || thứ tư"
        },
        {
            "id": "100077701390678",
            "count": 12,
            "name": "Yeii Nhie",
            "lastActive": "00:06:59 || thứ tư"
        },
        {
            "id": "100095215464809",
            "count": 0,
            "name": "Dương Bảo",
            "lastActive": "21:46:33 || chủ nhật"
        },
        {
            "id": "61557380211849",
            "count": 0,
            "name": "Ngô Diễm My"
        },
        {
            "id": "61580080272115",
            "count": 0,
            "name": "Le Phuong Thao"
        },
        {
            "id": "100075396121822",
            "count": 0,
            "name": "Trần Ngọc Khánh Vy"
        },
        {
            "id": "100069082772484",
            "count": 0,
            "name": "Nguyễn Nghĩa",
            "lastActive": "20:47:10 || thứ ba"
        },
        {
            "id": "61571918674596",
            "count": 0,
            "name": "Người dùng Facebook"
        },
        {
            "id": "61567735851247",
            "count": 0,
            "name": "Lâm Bel"
        },
        {
            "id": "100090135602775",
            "count": 0,
            "name": "Người dùng Facebook"
        },
        {
            "id": "61572736733440",
            "count": 0,
            "name": "Guen Miyuki"
        },
        {
            "id": "61557068405577",
            "count": 0,
            "name": "Phạm Minh Hoàng"
        },
        {
            "id": "61567094880263",
            "count": 0,
            "name": "Kha Đào"
        },
        {
            "id": "100081740430379",
            "count": 0,
            "name": "Lưu Mdiep"
        },
        {
            "id": "61581867830752",
            "count": 0,
            "name": "Người dùng Facebook"
        },
        {
            "id": "100082684274354",
            "count": 0,
            "name": "Tran Quy Hai Dang"
        },
        {
            "id": "100089466910568",
            "count": 0,
            "name": "Lý Hoàng Long"
        },
        {
            "id": "100062531664871",
            "count": 0,
            "name": "Hoàng Ngọc"
        },
        {
            "id": "61551252604738",
            "count": 0,
            "name": "Tuan Anh🦖"
        },
        {
            "id": "100077376274493",
            "count": 24,
            "name": "Kin Kin",
            "lastActive": "00:04:58 || thứ tư"
        },
        {
            "id": "61556562713676",
            "count": 0,
            "name": "Khang Lưu"
        },
        {
            "id": "61566903755218",
            "count": 0,
            "name": "Minh Anh",
            "lastActive": "17:39:46 || thứ ba"
        },
        {
            "id": "61550030184394",
            "count": 6,
            "name": "️️️️️️️️️️️️️️️️️️️️️️️️️️️️️️️️️️️️️️️️️️️️️️️️️️️️️️️️️️️️️️️️️️️️️️️️️️️️️️️️️️️️️️️️️️️️️️️️️️️️️️️️️️️️️️️️️️️️️️️️️️️️️️️️️️️️️️️️️️️️️️️️️️️️️️️️️️️️️️️️️️️️️️️️️️ ",
            "lastActive": "10:18:20 || thứ tư"
        },
        {
            "id": "100000895922054",
            "count": 0,
            "name": "Ng Van Hungg 🌸"
        },
        {
            "id": "100064280830280",
            "count": 0,
            "name": "Hậu Nguyễn"
        },
        {
            "id": "100088545249547",
            "count": 0,
            "name": "Lê Hoàng"
        },
        {
            "id": "100093562294023",
            "count": 0,
            "name": "Vũ Tuấn"
        },
        {
            "id": "61572689643559",
            "count": 0,
            "name": "Thyy Chiee"
        },
        {
            "id": "100094897749049",
            "count": 0,
            "name": "Thanh Vũ"
        },
        {
            "id": "61566212084883",
            "count": 0,
            "name": "Người dùng facebook",
            "lastActive": "17:39:31 || thứ ba"
        },
        {
            "id": "100080251004899",
            "count": 0,
            "name": "Trần Minh",
            "lastActive": "19:28:17 || thứ hai"
        },
        {
            "id": "100089373969702",
            "count": 2,
            "name": "Người dùng facebook",
            "lastActive": "06:24:57 || thứ tư"
        },
        {
            "id": "100027423277261",
            "count": 0,
            "name": "Người dùng facebook"
        },
        {
            "id": "61561633201772",
            "count": 0,
            "lastActive": "19:26:34 || thứ hai"
        }
    ],
    "time": 3,
    "last": {
        "time": 5,
        "day": [
            {
                "id": "61560299280947",
                "count": 0
            },
            {
                "id": "61570151165872",
                "count": 0
            },
            {
                "id": "100055602692785",
                "count": 0
            },
            {
                "id": "100074996724205",
                "count": 0
            },
            {
                "id": "100091546088288",
                "count": 0
            },
            {
                "id": "61575325054866",
                "count": 0
            },
            {
                "id": "100071784282885",
                "count": 0
            },
            {
                "id": "61554840782389",
                "count": 0
            },
            {
                "id": "61576767542544",
                "count": 0
            },
            {
                "id": "100089619697709",
                "count": 0
            },
            {
                "id": "100074108749863",
                "count": 0
            },
            {
                "id": "100040531276966",
                "count": 0
            },
            {
                "id": "100081219016785",
                "count": 0
            },
            {
                "id": "100036191915968",
                "count": 0
            },
            {
                "id": "61557157391070",
                "count": 0
            },
            {
                "id": "100085607483096",
                "count": 0
            },
            {
                "id": "61554506773040",
                "count": 0
            },
            {
                "id": "61561314154950",
                "count": 0
            },
            {
                "id": "100084703230729",
                "count": 0
            },
            {
                "id": "100054892668998",
                "count": 0
            },
            {
                "id": "100077701390678",
                "count": 0
            },
            {
                "id": "100095215464809",
                "count": 0
            },
            {
                "id": "61557380211849",
                "count": 0
            },
            {
                "id": "61580080272115",
                "count": 0
            },
            {
                "id": "100075396121822",
                "count": 0
            },
            {
                "id": "100069082772484",
                "count": 0
            },
            {
                "id": "61571918674596",
                "count": 0
            },
            {
                "id": "61567735851247",
                "count": 0
            },
            {
                "id": "100090135602775",
                "count": 0
            },
            {
                "id": "61572736733440",
                "count": 0
            },
            {
                "id": "61557068405577",
                "count": 0
            },
            {
                "id": "61567094880263",
                "count": 0
            },
            {
                "id": "100081740430379",
                "count": 0
            },
            {
                "id": "61581867830752",
                "count": 0
            },
            {
                "id": "100082684274354",
                "count": 0
            },
            {
                "id": "100089466910568",
                "count": 0
            },
            {
                "id": "100062531664871",
                "count": 0
            },
            {
                "id": "61551252604738",
                "count": 0
            },
            {
                "id": "100077376274493",
                "count": 0
            },
            {
                "id": "61556562713676",
                "count": 0
            },
            {
                "id": "61566903755218",
                "count": 0
            },
            {
                "id": "61550030184394",
                "count": 0
            },
            {
                "id": "100000895922054",
                "count": 0
            },
            {
                "id": "100064280830280",
                "count": 0
            },
            {
                "id": "100088545249547",
                "count": 0
            },
            {
                "id": "61566212084883",
                "count": 0
            },
            {
                "id": "100093562294023",
                "count": 0
            },
            {
                "id": "61572689643559",
                "count": 0
            },
            {
                "id": "100094897749049",
                "count": 0
            },
            {
                "id": "100080251004899",
                "count": 0
            },
            {
                "id": "100089373969702",
                "count": 0
            },
            {
                "id": "100027423277261",
                "count": 0
            },
            {
                "id": "61561633201772",
                "count": 0
            }
        ],
        "week": [
            {
                "id": "61560299280947",
                "count": 0
            },
            {
                "id": "61570151165872",
                "count": 0
            },
            {
                "id": "100055602692785",
                "count": 0
            },
            {
                "id": "100074996724205",
                "count": 0
            },
            {
                "id": "100091546088288",
                "count": 0
            },
            {
                "id": "61575325054866",
                "count": 0
            },
            {
                "id": "100071784282885",
                "count": 0
            },
            {
                "id": "61554840782389",
                "count": 0
            },
            {
                "id": "61576767542544",
                "count": 0
            },
            {
                "id": "100089619697709",
                "count": 0
            },
            {
                "id": "100074108749863",
                "count": 0
            },
            {
                "id": "100040531276966",
                "count": 0
            },
            {
                "id": "100081219016785",
                "count": 0
            },
            {
                "id": "100036191915968",
                "count": 0
            },
            {
                "id": "61557157391070",
                "count": 0
            },
            {
                "id": "100085607483096",
                "count": 0
            },
            {
                "id": "61554506773040",
                "count": 0
            },
            {
                "id": "61561314154950",
                "count": 0
            },
            {
                "id": "100084703230729",
                "count": 0
            },
            {
                "id": "100054892668998",
                "count": 0
            },
            {
                "id": "100077701390678",
                "count": 0
            },
            {
                "id": "100095215464809",
                "count": 0
            },
            {
                "id": "61557380211849",
                "count": 0
            },
            {
                "id": "61580080272115",
                "count": 0
            },
            {
                "id": "100075396121822",
                "count": 0
            },
            {
                "id": "100069082772484",
                "count": 0
            },
            {
                "id": "61571918674596",
                "count": 0
            },
            {
                "id": "61567735851247",
                "count": 0
            },
            {
                "id": "100090135602775",
                "count": 0
            },
            {
                "id": "61572736733440",
                "count": 0
            },
            {
                "id": "61557068405577",
                "count": 0
            },
            {
                "id": "61567094880263",
                "count": 0
            },
            {
                "id": "100081740430379",
                "count": 0
            },
            {
                "id": "61581867830752",
                "count": 0
            },
            {
                "id": "100082684274354",
                "count": 0
            },
            {
                "id": "100089466910568",
                "count": 0
            },
            {
                "id": "100062531664871",
                "count": 0
            },
            {
                "id": "61551252604738",
                "count": 0
            },
            {
                "id": "100077376274493",
                "count": 0
            },
            {
                "id": "61556562713676",
                "count": 0
            },
            {
                "id": "61566903755218",
                "count": 0
            },
            {
                "id": "61550030184394",
                "count": 0
            },
            {
                "id": "100000895922054",
                "count": 0
            },
            {
                "id": "100064280830280",
                "count": 0
            },
            {
                "id": "100088545249547",
                "count": 0
            },
            {
                "id": "61566212084883",
                "count": 0
            },
            {
                "id": "100093562294023",
                "count": 0
            },
            {
                "id": "61572689643559",
                "count": 0
            },
            {
                "id": "100094897749049",
                "count": 0
            },
            {
                "id": "100080251004899",
                "count": 0
            },
            {
                "id": "100089373969702",
                "count": 0
            },
            {
                "id": "100027423277261",
                "count": 0
            },
            {
                "id": "61561633201772",
                "count": 0
            }
        ]
    }
}