{
    "total": [
        {
            "id": "100085850988039",
            "count": 495,
            "lastActive": "15:07:52 || thứ tư"
        },
        {
            "id": "100067827494573",
            "count": 410,
            "lastActive": "15:05:34 || thứ tư"
        },
        {
            "id": "61551202621743",
            "count": 46
        },
        {
            "id": "100083411540341",
            "count": 115,
            "lastActive": "21:38:58 || thứ ba"
        },
        {
            "id": "100000493975005",
            "count": 3115,
            "lastActive": "15:10:06 || thứ tư"
        },
        {
            "id": "100054581515180",
            "count": 972
        },
        {
            "id": "100016757713599",
            "count": 47
        },
        {
            "id": "61568176484099",
            "count": 1313,
            "lastActive": "17:57:08 || thứ ba"
        },
        {
            "id": "61577714247816",
            "count": 732
        },
        {
            "id": "61554620715942",
            "count": 102,
            "lastActive": "17:30:32 || chủ nhật"
        },
        {
            "id": "100089304260882",
            "count": 1475,
            "lastActive": "15:32:07 || thứ tư"
        },
        {
            "id": "1429451704",
            "count": 992
        },
        {
            "id": "61577782566454",
            "count": 308
        },
        {
            "id": "100094324782308",
            "count": 323
        },
        {
            "id": "100091450334568",
            "count": 0
        },
        {
            "id": "61561400514605",
            "count": 41,
            "lastActive": "14:02:14 || thứ tư"
        },
        {
            "id": "502275138",
            "count": 3156,
            "lastActive": "15:05:44 || thứ tư"
        },
        {
            "id": "100018277053087",
            "count": 6610,
            "lastActive": "14:01:47 || thứ tư"
        },
        {
            "id": "61558219527956",
            "count": 507
        },
        {
            "id": "61572135665820",
            "count": 661,
            "lastActive": "07:21:47 || thứ ba"
        },
        {
            "id": "61575203132001",
            "count": 7265,
            "lastActive": "15:11:43 || thứ tư"
        },
        {
            "id": "100004854283037",
            "count": 341,
            "lastActive": "17:50:44 || thứ ba"
        },
        {
            "id": "61555389591442",
            "count": 25
        },
        {
            "id": "100066234321905",
            "count": 62
        },
        {
            "id": "61578364984920",
            "count": 126
        },
        {
            "id": "100000895922054",
            "count": 3129,
            "lastActive": "17:49:52 || thứ ba"
        },
        {
            "id": "100073639420918",
            "count": 8579,
            "lastActive": "01:02:13 || thứ tư"
        },
        {
            "id": "61555831794379",
            "count": 4259,
            "lastActive": "15:07:01 || thứ tư"
        },
        {
            "id": "61579322057584",
            "count": 114
        },
        {
            "id": "100081039556527",
            "count": 2507,
            "lastActive": "15:32:27 || thứ tư"
        },
        {
            "id": "100088866878939",
            "count": 53
        },
        {
            "id": "100072900513635",
            "count": 366,
            "lastActive": "15:32:18 || thứ tư"
        },
        {
            "id": "100015708247902",
            "count": 291
        },
        {
            "id": "61580984167291",
            "count": 104
        },
        {
            "id": "61555809030974",
            "count": 498,
            "lastActive": "07:27:54 || thứ ba"
        },
        {
            "id": "100079046768397",
            "count": 0
        },
        {
            "id": "61577725191900",
            "count": 39
        },
        {
            "id": "100079543967576",
            "count": 332,
            "lastActive": "14:43:30 || thứ tư"
        },
        {
            "id": "100013278762542",
            "count": 0
        },
        {
            "id": "61550528673840",
            "count": 6
        },
        {
            "id": "61570396340386",
            "count": 59
        },
        {
            "id": "100068310261131",
            "count": 402,
            "lastActive": "09:14:05 || thứ tư"
        },
        {
            "id": "61575844890550",
            "count": 0
        },
        {
            "id": "61561924220341",
            "count": 143,
            "lastActive": "00:00:11 || thứ tư"
        },
        {
            "id": "100081730332704",
            "count": 58,
            "lastActive": "09:27:44 || thứ tư"
        },
        {
            "id": "100055619407039",
            "count": 2
        },
        {
            "id": "100018096263453",
            "count": 3
        },
        {
            "id": "61550030184394",
            "count": 195,
            "lastActive": "15:32:22 || thứ tư"
        },
        {
            "id": "61554787502210",
            "count": 174,
            "lastActive": "14:29:40 || thứ tư"
        },
        {
            "id": "100043094071300",
            "count": 22
        },
        {
            "id": "100094486966209",
            "count": 0
        },
        {
            "id": "61553614323370",
            "count": 16
        },
        {
            "id": "100077870917015",
            "count": 7
        },
        {
            "id": "61582463462553",
            "count": 199
        },
        {
            "id": "61575999835460",
            "count": 16
        },
        {
            "id": "100023734157519",
            "count": 110
        },
        {
            "id": "100090458979503",
            "count": 953,
            "lastActive": "00:20:41 || thứ tư"
        },
        {
            "id": "1631016269",
            "count": 193,
            "lastActive": "09:17:02 || thứ tư"
        },
        {
            "id": "100029378752728",
            "count": 48
        },
        {
            "id": "61582557485011",
            "count": 7
        },
        {
            "id": "61582662419769",
            "count": 46,
            "lastActive": "20:52:09 || thứ ba"
        },
        {
            "id": "61580278989317",
            "count": 238,
            "lastActive": "15:32:22 || thứ tư"
        },
        {
            "id": "100014260212229",
            "count": 11,
            "lastActive": "00:02:20 || thứ tư"
        },
        {
            "id": "100024871212620",
            "count": 42,
            "lastActive": "14:29:41 || thứ tư"
        },
        {
            "id": "61575326246044",
            "count": 0
        },
        {
            "id": "61580782596177",
            "count": 24,
            "lastActive": "15:02:18 || thứ tư"
        }
    ],
    "week": [
        {
            "id": "100085850988039",
            "count": 6,
            "name": "Nguyen Nam",
            "lastActive": "15:07:52 || thứ tư"
        },
        {
            "id": "100067827494573",
            "count": 14,
            "name": "Minh Truong",
            "lastActive": "15:05:34 || thứ tư"
        },
        {
            "id": "61551202621743",
            "count": 0,
            "name": "💫🧸Ng Chien Thang 🧸💤"
        },
        {
            "id": "100083411540341",
            "count": 16,
            "name": "Quang Huy",
            "lastActive": "21:38:58 || thứ ba"
        },
        {
            "id": "100000493975005",
            "count": 42,
            "name": "Nguyễn Đinh Tiến Dũng",
            "lastActive": "15:10:06 || thứ tư"
        },
        {
            "id": "100054581515180",
            "count": 0,
            "name": "️️️️️️️️️️️️️️️️️️️️️️️️️️️️️️️️️️️️️️️️️️️️️️️️️️️️️️️️️️️️️️️️️️️️️️️️️️️️️️️️️️️️️️️️️️️️️️️️️️️️️️️️️️️️️️️️️️️️️️️️️️️️️️️️️️️️️️️️️️️️️️️️️️️️️️️️️️️️️️️️️️️️️️️️️️"
        },
        {
            "id": "100016757713599",
            "count": 0,
            "name": "Phạm Trung Kiên"
        },
        {
            "id": "61568176484099",
            "count": 20,
            "name": "Nguyễn Việt Hoàng",
            "lastActive": "17:57:08 || thứ ba"
        },
        {
            "id": "61577714247816",
            "count": 0,
            "name": "Tr Minh Hoàng"
        },
        {
            "id": "61554620715942",
            "count": 0,
            "name": "Dang Danh",
            "lastActive": "17:30:32 || chủ nhật"
        },
        {
            "id": "100089304260882",
            "count": 46,
            "name": "Trần Quy",
            "lastActive": "15:32:07 || thứ tư"
        },
        {
            "id": "1429451704",
            "count": 0,
            "name": "Hoàng Gia Bảo"
        },
        {
            "id": "61577782566454",
            "count": 0,
            "name": "Hoàn Lê"
        },
        {
            "id": "100094324782308",
            "count": 0,
            "name": "Ace Edgar"
        },
        {
            "id": "100091450334568",
            "count": 0,
            "name": "🚀Duy Khanh⚙️🌠"
        },
        {
            "id": "61561400514605",
            "count": 4,
            "name": "👑 Thành Đạt 🐻✨",
            "lastActive": "14:02:14 || thứ tư"
        },
        {
            "id": "502275138",
            "count": 22,
            "name": "Phạm Minh Đồng",
            "lastActive": "15:05:44 || thứ tư"
        },
        {
            "id": "100018277053087",
            "count": 254,
            "name": "Lương Trường Khôi",
            "lastActive": "14:01:47 || thứ tư"
        },
        {
            "id": "61558219527956",
            "count": 0,
            "name": "Hải Yến"
        },
        {
            "id": "61572135665820",
            "count": 12,
            "name": "Anh Kiet",
            "lastActive": "07:21:47 || thứ ba"
        },
        {
            "id": "61575203132001",
            "count": 474,
            "name": "Bảo Satoru",
            "lastActive": "15:11:43 || thứ tư"
        },
        {
            "id": "100004854283037",
            "count": 6,
            "name": "Đến Đi Làmtổnthươngnhauđi",
            "lastActive": "17:50:44 || thứ ba"
        },
        {
            "id": "61555389591442",
            "count": 0,
            "name": "Tran Anh Duc"
        },
        {
            "id": "100066234321905",
            "count": 0,
            "name": "Tr Nh Anh Kiet"
        },
        {
            "id": "61578364984920",
            "count": 0,
            "name": "Liễu Như Yên"
        },
        {
            "id": "100000895922054",
            "count": 2,
            "name": "Ng Van Hungg 🌸",
            "lastActive": "17:49:52 || thứ ba"
        },
        {
            "id": "100073639420918",
            "count": 32,
            "name": "Ng Van Hungg 💤",
            "lastActive": "01:02:13 || thứ tư"
        },
        {
            "id": "61555831794379",
            "count": 448,
            "name": "Tường Vy",
            "lastActive": "15:07:01 || thứ tư"
        },
        {
            "id": "61579322057584",
            "count": 0,
            "name": "Nguyễn Tý"
        },
        {
            "id": "100081039556527",
            "count": 140,
            "name": "Đặng Nguyễn Kim Anh",
            "lastActive": "15:32:27 || thứ tư"
        },
        {
            "id": "100088866878939",
            "count": 0,
            "name": "Taizo Bất Diệt"
        },
        {
            "id": "100072900513635",
            "count": 18,
            "name": "Huy Hoàng",
            "lastActive": "15:32:18 || thứ tư"
        },
        {
            "id": "100015708247902",
            "count": 0,
            "name": "Lê Tuấn Vỹ"
        },
        {
            "id": "61580984167291",
            "count": 0,
            "name": "Đỗ Bảo"
        },
        {
            "id": "61555809030974",
            "count": 12,
            "name": "Hoàng Quyết Tiến",
            "lastActive": "07:27:54 || thứ ba"
        },
        {
            "id": "100079046768397",
            "count": 0,
            "name": "Đức Mạnh"
        },
        {
            "id": "61577725191900",
            "count": 0,
            "name": "Nhật Dương"
        },
        {
            "id": "100079543967576",
            "count": 24,
            "name": "Le Ngoc Duy",
            "lastActive": "14:43:30 || thứ tư"
        },
        {
            "id": "100013278762542",
            "count": 0,
            "name": "Tri Báo"
        },
        {
            "id": "61550528673840",
            "count": 0,
            "name": "Đỗ Nguyễn Hữu Thắng"
        },
        {
            "id": "61570396340386",
            "count": 0,
            "name": "Lâm An Như"
        },
        {
            "id": "100068310261131",
            "count": 20,
            "name": "Văn Thuận",
            "lastActive": "09:14:05 || thứ tư"
        },
        {
            "id": "61575844890550",
            "count": 0,
            "name": "Nhật Dương"
        },
        {
            "id": "61561924220341",
            "count": 6,
            "name": "Ngọc Nhung",
            "lastActive": "00:00:11 || thứ tư"
        },
        {
            "id": "100081730332704",
            "count": 12,
            "name": "Hoàng Quỳnh",
            "lastActive": "09:27:44 || thứ tư"
        },
        {
            "id": "100055619407039",
            "count": 0,
            "name": "Nguyễn Hoang Anh"
        },
        {
            "id": "100018096263453",
            "count": 0,
            "name": "𝑫𝒂𝒏𝒈 𝑵𝒈𝒖𝒚𝒆𝒏 𝑵𝒉𝒂𝒕 𝑨𝒏𝒉𓅪"
        },
        {
            "id": "61550030184394",
            "count": 48,
            "name": "️️️️️️️️️️️️️️️️️️️️️️️️️️️️️️️️️️️️️️️️️️️️️️️️️️️️️️️️️️️️️️️️️️️️️️️️️️️️️️️️️️️️️️️️️️️️️️️️️️️️️️️️️️️️️️️️️️️️️️️️️️️️️️️️️️️️️️️️️️️️️️️️️️️️️️️️️️️️️️️️️️️️️️️️️️ ",
            "lastActive": "15:32:22 || thứ tư"
        },
        {
            "id": "61554787502210",
            "count": 52,
            "name": "Nguyễn Nhất Tín",
            "lastActive": "14:29:40 || thứ tư"
        },
        {
            "id": "100043094071300",
            "count": 0,
            "name": "Phong Thuỷ"
        },
        {
            "id": "100094486966209",
            "count": 0,
            "name": "𝑁𝑔 𝑉𝑎̆𝑛 𝐻𝑢̛𝑛𝑔"
        },
        {
            "id": "61553614323370",
            "count": 0,
            "name": "Con Mew Lạnh Lùng"
        },
        {
            "id": "100077870917015",
            "count": 0,
            "name": "Hà Minh"
        },
        {
            "id": "61582463462553",
            "count": 0,
            "name": "Lavender"
        },
        {
            "id": "61575999835460",
            "count": 0,
            "name": "Thanh Nghia"
        },
        {
            "id": "100023734157519",
            "count": 0,
            "name": "Le The Khoi"
        },
        {
            "id": "100090458979503",
            "count": 56,
            "name": "🌸🎧💙👾 Tuan Khanh 🎶🌙✨💤",
            "lastActive": "00:20:41 || thứ tư"
        },
        {
            "id": "1631016269",
            "count": 2,
            "name": "Phạm Minh Đồng",
            "lastActive": "09:17:02 || thứ tư"
        },
        {
            "id": "100029378752728",
            "count": 0,
            "name": "Lương Thiên Bảo"
        },
        {
            "id": "61582557485011",
            "count": 0,
            "name": "Phương Ly"
        },
        {
            "id": "61582662419769",
            "count": 20,
            "name": "Nguyễn Trương Khang",
            "lastActive": "20:52:09 || thứ ba"
        },
        {
            "id": "61580278989317",
            "count": 64,
            "lastActive": "15:32:22 || thứ tư",
            "name": "Nguyễn Nhất Tín"
        },
        {
            "id": "100014260212229",
            "count": 7,
            "lastActive": "00:02:20 || thứ tư",
            "name": "Lê Thu Thủy"
        },
        {
            "id": "100024871212620",
            "count": 28,
            "name": "✅ Nguyễn Đinh Tiến Dũng ✅☠️️🏹🔰️🎱👑️🎧💔️🥊️🎳️🎖️️🏅️🥇️🥈️🥉️🏆",
            "lastActive": "14:29:41 || thứ tư"
        },
        {
            "id": "61575326246044",
            "count": 0
        },
        {
            "id": "61580782596177",
            "count": 24,
            "lastActive": "15:02:18 || thứ tư"
        }
    ],
    "day": [
        {
            "id": "100085850988039",
            "count": 6,
            "name": "Nguyen Nam",
            "lastActive": "15:07:52 || thứ tư"
        },
        {
            "id": "100067827494573",
            "count": 12,
            "name": "Minh Truong",
            "lastActive": "15:05:34 || thứ tư"
        },
        {
            "id": "61551202621743",
            "count": 0,
            "name": "💫🧸Ng Chien Thang 🧸💤"
        },
        {
            "id": "100083411540341",
            "count": 0,
            "name": "Quang Huy",
            "lastActive": "21:38:58 || thứ ba"
        },
        {
            "id": "100000493975005",
            "count": 24,
            "name": "Nguyễn Đinh Tiến Dũng",
            "lastActive": "15:10:06 || thứ tư"
        },
        {
            "id": "100054581515180",
            "count": 0,
            "name": "️️️️️️️️️️️️️️️️️️️️️️️️️️️️️️️️️️️️️️️️️️️️️️️️️️️️️️️️️️️️️️️️️️️️️️️️️️️️️️️️️️️️️️️️️️️️️️️️️️️️️️️️️️️️️️️️️️️️️️️️️️️️️️️️️️️️️️️️️️️️️️️️️️️️️️️️️️️️️️️️️️️️️️️️️️"
        },
        {
            "id": "100016757713599",
            "count": 0,
            "name": "Phạm Trung Kiên"
        },
        {
            "id": "61568176484099",
            "count": 0,
            "name": "Nguyễn Việt Hoàng",
            "lastActive": "17:57:08 || thứ ba"
        },
        {
            "id": "61577714247816",
            "count": 0,
            "name": "Tr Minh Hoàng"
        },
        {
            "id": "61554620715942",
            "count": 0,
            "name": "Dang Danh",
            "lastActive": "17:30:32 || chủ nhật"
        },
        {
            "id": "100089304260882",
            "count": 4,
            "name": "Trần Quy",
            "lastActive": "15:32:07 || thứ tư"
        },
        {
            "id": "1429451704",
            "count": 0,
            "name": "Hoàng Gia Bảo"
        },
        {
            "id": "61577782566454",
            "count": 0,
            "name": "Hoàn Lê"
        },
        {
            "id": "100094324782308",
            "count": 0,
            "name": "Ace Edgar"
        },
        {
            "id": "100091450334568",
            "count": 0,
            "name": "🚀Duy Khanh⚙️🌠"
        },
        {
            "id": "61561400514605",
            "count": 4,
            "name": "👑 Thành Đạt 🐻✨",
            "lastActive": "14:02:14 || thứ tư"
        },
        {
            "id": "502275138",
            "count": 10,
            "name": "Phạm Minh Đồng",
            "lastActive": "15:05:44 || thứ tư"
        },
        {
            "id": "100018277053087",
            "count": 50,
            "name": "Lương Trường Khôi",
            "lastActive": "14:01:47 || thứ tư"
        },
        {
            "id": "61558219527956",
            "count": 0,
            "name": "Hải Yến"
        },
        {
            "id": "61572135665820",
            "count": 0,
            "name": "Anh Kiet",
            "lastActive": "07:21:47 || thứ ba"
        },
        {
            "id": "61575203132001",
            "count": 294,
            "name": "Bảo Satoru",
            "lastActive": "15:11:43 || thứ tư"
        },
        {
            "id": "100004854283037",
            "count": 0,
            "name": "Đến Đi Làmtổnthươngnhauđi",
            "lastActive": "17:50:44 || thứ ba"
        },
        {
            "id": "61555389591442",
            "count": 0,
            "name": "Tran Anh Duc"
        },
        {
            "id": "100066234321905",
            "count": 0,
            "name": "Tr Nh Anh Kiet"
        },
        {
            "id": "61578364984920",
            "count": 0,
            "name": "Liễu Như Yên"
        },
        {
            "id": "100000895922054",
            "count": 0,
            "name": "Ng Van Hungg 🌸",
            "lastActive": "17:49:52 || thứ ba"
        },
        {
            "id": "100073639420918",
            "count": 14,
            "name": "Ng Van Hungg 💤",
            "lastActive": "01:02:13 || thứ tư"
        },
        {
            "id": "61555831794379",
            "count": 288,
            "name": "Tường Vy",
            "lastActive": "15:07:01 || thứ tư"
        },
        {
            "id": "61579322057584",
            "count": 0,
            "name": "Nguyễn Tý"
        },
        {
            "id": "100081039556527",
            "count": 28,
            "name": "Đặng Nguyễn Kim Anh",
            "lastActive": "15:32:27 || thứ tư"
        },
        {
            "id": "100088866878939",
            "count": 0,
            "name": "Taizo Bất Diệt"
        },
        {
            "id": "100072900513635",
            "count": 12,
            "name": "Huy Hoàng",
            "lastActive": "15:32:18 || thứ tư"
        },
        {
            "id": "100015708247902",
            "count": 0,
            "name": "Lê Tuấn Vỹ"
        },
        {
            "id": "61580984167291",
            "count": 0,
            "name": "Đỗ Bảo"
        },
        {
            "id": "61555809030974",
            "count": 0,
            "name": "Hoàng Quyết Tiến",
            "lastActive": "07:27:54 || thứ ba"
        },
        {
            "id": "100079046768397",
            "count": 0,
            "name": "Đức Mạnh"
        },
        {
            "id": "61577725191900",
            "count": 0,
            "name": "Nhật Dương"
        },
        {
            "id": "100079543967576",
            "count": 20,
            "name": "Le Ngoc Duy",
            "lastActive": "14:43:30 || thứ tư"
        },
        {
            "id": "100013278762542",
            "count": 0,
            "name": "Tri Báo"
        },
        {
            "id": "61550528673840",
            "count": 0,
            "name": "Đỗ Nguyễn Hữu Thắng"
        },
        {
            "id": "61570396340386",
            "count": 0,
            "name": "Lâm An Như"
        },
        {
            "id": "100068310261131",
            "count": 4,
            "name": "Văn Thuận",
            "lastActive": "09:14:05 || thứ tư"
        },
        {
            "id": "61575844890550",
            "count": 0,
            "name": "Nhật Dương"
        },
        {
            "id": "61561924220341",
            "count": 2,
            "name": "Ngọc Nhung",
            "lastActive": "00:00:11 || thứ tư"
        },
        {
            "id": "100081730332704",
            "count": 6,
            "name": "Hoàng Quỳnh",
            "lastActive": "09:27:44 || thứ tư"
        },
        {
            "id": "100055619407039",
            "count": 0,
            "name": "Nguyễn Hoang Anh"
        },
        {
            "id": "100018096263453",
            "count": 0,
            "name": "𝑫𝒂𝒏𝒈 𝑵𝒈𝒖𝒚𝒆𝒏 𝑵𝒉𝒂𝒕 𝑨𝒏𝒉𓅪"
        },
        {
            "id": "61550030184394",
            "count": 22,
            "name": "️️️️️️️️️️️️️️️️️️️️️️️️️️️️️️️️️️️️️️️️️️️️️️️️️️️️️️️️️️️️️️️️️️️️️️️️️️️️️️️️️️️️️️️️️️️️️️️️️️️️️️️️️️️️️️️️️️️️️️️️️️️️️️️️️️️️️️️️️️️️️️️️️️️️️️️️️️️️️️️️️️️️️️️️️️ ",
            "lastActive": "15:32:22 || thứ tư"
        },
        {
            "id": "61554787502210",
            "count": 6,
            "name": "Nguyễn Nhất Tín",
            "lastActive": "14:29:40 || thứ tư"
        },
        {
            "id": "100043094071300",
            "count": 0,
            "name": "Phong Thuỷ"
        },
        {
            "id": "100094486966209",
            "count": 0,
            "name": "𝑁𝑔 𝑉𝑎̆𝑛 𝐻𝑢̛𝑛𝑔"
        },
        {
            "id": "61553614323370",
            "count": 0,
            "name": "Con Mew Lạnh Lùng"
        },
        {
            "id": "100077870917015",
            "count": 0,
            "name": "Hà Minh"
        },
        {
            "id": "61582463462553",
            "count": 0,
            "name": "Lavender"
        },
        {
            "id": "61575999835460",
            "count": 0,
            "name": "Thanh Nghia"
        },
        {
            "id": "100023734157519",
            "count": 0,
            "name": "Le The Khoi"
        },
        {
            "id": "100090458979503",
            "count": 4,
            "name": "🌸🎧💙👾 Tuan Khanh 🎶🌙✨💤",
            "lastActive": "00:20:41 || thứ tư"
        },
        {
            "id": "1631016269",
            "count": 2,
            "name": "Phạm Minh Đồng",
            "lastActive": "09:17:02 || thứ tư"
        },
        {
            "id": "100029378752728",
            "count": 0,
            "name": "Lương Thiên Bảo"
        },
        {
            "id": "61582557485011",
            "count": 0,
            "name": "Phương Ly"
        },
        {
            "id": "61582662419769",
            "count": 0,
            "name": "Người dùng facebook",
            "lastActive": "20:52:09 || thứ ba"
        },
        {
            "id": "61580278989317",
            "count": 22,
            "name": "Người dùng facebook",
            "lastActive": "15:32:22 || thứ tư"
        },
        {
            "id": "100014260212229",
            "count": 2,
            "name": "Lê Thu Thủy",
            "lastActive": "00:02:20 || thứ tư"
        },
        {
            "id": "100024871212620",
            "count": 6,
            "lastActive": "14:29:41 || thứ tư"
        },
        {
            "id": "61575326246044",
            "count": 0
        },
        {
            "id": "61580782596177",
            "count": 24,
            "lastActive": "15:02:18 || thứ tư"
        }
    ],
    "time": 3,
    "last": {
        "time": 3,
        "day": [
            {
                "id": "100085850988039",
                "count": 0
            },
            {
                "id": "100067827494573",
                "count": 0
            },
            {
                "id": "61551202621743",
                "count": 0
            },
            {
                "id": "100083411540341",
                "count": 0
            },
            {
                "id": "100000493975005",
                "count": 0
            },
            {
                "id": "100054581515180",
                "count": 0
            },
            {
                "id": "100016757713599",
                "count": 0
            },
            {
                "id": "61550528673840",
                "count": 0
            },
            {
                "id": "61568176484099",
                "count": 0
            },
            {
                "id": "61577714247816",
                "count": 0
            },
            {
                "id": "61554620715942",
                "count": 0
            },
            {
                "id": "100089304260882",
                "count": 0
            },
            {
                "id": "1429451704",
                "count": 0
            },
            {
                "id": "61577782566454",
                "count": 0
            },
            {
                "id": "100094324782308",
                "count": 0
            },
            {
                "id": "100091450334568",
                "count": 0
            },
            {
                "id": "100024871212620",
                "count": 0
            },
            {
                "id": "61561400514605",
                "count": 0
            },
            {
                "id": "502275138",
                "count": 0
            },
            {
                "id": "100018277053087",
                "count": 0
            },
            {
                "id": "61558219527956",
                "count": 0
            },
            {
                "id": "61572135665820",
                "count": 0
            },
            {
                "id": "61575203132001",
                "count": 0
            },
            {
                "id": "100014260212229",
                "count": 0
            },
            {
                "id": "100004854283037",
                "count": 0
            },
            {
                "id": "100073639420918",
                "count": 0
            },
            {
                "id": "61555389591442",
                "count": 0
            },
            {
                "id": "100090458979503",
                "count": 0
            },
            {
                "id": "100066234321905",
                "count": 0
            },
            {
                "id": "61555809030974",
                "count": 0
            },
            {
                "id": "61555831794379",
                "count": 0
            },
            {
                "id": "61578364984920",
                "count": 0
            },
            {
                "id": "100000895922054",
                "count": 0
            },
            {
                "id": "61550030184394",
                "count": 0
            },
            {
                "id": "61579322057584",
                "count": 0
            },
            {
                "id": "100088866878939",
                "count": 0
            },
            {
                "id": "100081039556527",
                "count": 0
            },
            {
                "id": "100015708247902",
                "count": 0
            },
            {
                "id": "100072900513635",
                "count": 0
            },
            {
                "id": "61580984167291",
                "count": 0
            },
            {
                "id": "61554787502210",
                "count": 0
            },
            {
                "id": "100079046768397",
                "count": 0
            },
            {
                "id": "61577725191900",
                "count": 0
            },
            {
                "id": "100079543967576",
                "count": 0
            },
            {
                "id": "100013278762542",
                "count": 0
            },
            {
                "id": "61570396340386",
                "count": 0
            },
            {
                "id": "100068310261131",
                "count": 0
            },
            {
                "id": "61575844890550",
                "count": 0
            },
            {
                "id": "61561924220341",
                "count": 0
            },
            {
                "id": "100081730332704",
                "count": 0
            },
            {
                "id": "100055619407039",
                "count": 0
            },
            {
                "id": "100018096263453",
                "count": 0
            },
            {
                "id": "100043094071300",
                "count": 0
            },
            {
                "id": "100094486966209",
                "count": 0
            },
            {
                "id": "61553614323370",
                "count": 0
            },
            {
                "id": "100077870917015",
                "count": 0
            },
            {
                "id": "61582463462553",
                "count": 0
            },
            {
                "id": "61575999835460",
                "count": 0
            },
            {
                "id": "100023734157519",
                "count": 0
            },
            {
                "id": "1631016269",
                "count": 0
            },
            {
                "id": "100029378752728",
                "count": 0
            },
            {
                "id": "61582557485011",
                "count": 0
            },
            {
                "id": "61582662419769",
                "count": 0
            },
            {
                "id": "61580278989317",
                "count": 0
            },
            {
                "id": "61575326246044",
                "count": 0
            },
            {
                "id": "61580782596177",
                "count": 0
            }
        ],
        "week": [
            {
                "id": "100085850988039",
                "count": 0
            },
            {
                "id": "100067827494573",
                "count": 0
            },
            {
                "id": "61551202621743",
                "count": 0
            },
            {
                "id": "100083411540341",
                "count": 0
            },
            {
                "id": "100000493975005",
                "count": 0
            },
            {
                "id": "100054581515180",
                "count": 0
            },
            {
                "id": "100016757713599",
                "count": 0
            },
            {
                "id": "61550528673840",
                "count": 0
            },
            {
                "id": "61568176484099",
                "count": 0
            },
            {
                "id": "61577714247816",
                "count": 0
            },
            {
                "id": "61554620715942",
                "count": 0
            },
            {
                "id": "100089304260882",
                "count": 0
            },
            {
                "id": "1429451704",
                "count": 0
            },
            {
                "id": "61577782566454",
                "count": 0
            },
            {
                "id": "100094324782308",
                "count": 0
            },
            {
                "id": "100091450334568",
                "count": 0
            },
            {
                "id": "100024871212620",
                "count": 0
            },
            {
                "id": "61561400514605",
                "count": 0
            },
            {
                "id": "502275138",
                "count": 0
            },
            {
                "id": "100018277053087",
                "count": 0
            },
            {
                "id": "61558219527956",
                "count": 0
            },
            {
                "id": "61572135665820",
                "count": 0
            },
            {
                "id": "61575203132001",
                "count": 0
            },
            {
                "id": "100014260212229",
                "count": 0
            },
            {
                "id": "100004854283037",
                "count": 0
            },
            {
                "id": "100073639420918",
                "count": 0
            },
            {
                "id": "61555389591442",
                "count": 0
            },
            {
                "id": "100090458979503",
                "count": 0
            },
            {
                "id": "100066234321905",
                "count": 0
            },
            {
                "id": "61555809030974",
                "count": 0
            },
            {
                "id": "61555831794379",
                "count": 0
            },
            {
                "id": "61578364984920",
                "count": 0
            },
            {
                "id": "100000895922054",
                "count": 0
            },
            {
                "id": "61550030184394",
                "count": 0
            },
            {
                "id": "61579322057584",
                "count": 0
            },
            {
                "id": "100088866878939",
                "count": 0
            },
            {
                "id": "100081039556527",
                "count": 0
            },
            {
                "id": "100015708247902",
                "count": 0
            },
            {
                "id": "100072900513635",
                "count": 0
            },
            {
                "id": "61580984167291",
                "count": 0
            },
            {
                "id": "61554787502210",
                "count": 0
            },
            {
                "id": "100079046768397",
                "count": 0
            },
            {
                "id": "61577725191900",
                "count": 0
            },
            {
                "id": "100079543967576",
                "count": 0
            },
            {
                "id": "100013278762542",
                "count": 0
            },
            {
                "id": "61570396340386",
                "count": 0
            },
            {
                "id": "100068310261131",
                "count": 0
            },
            {
                "id": "61575844890550",
                "count": 0
            },
            {
                "id": "61561924220341",
                "count": 0
            },
            {
                "id": "100081730332704",
                "count": 0
            },
            {
                "id": "100055619407039",
                "count": 0
            },
            {
                "id": "100018096263453",
                "count": 0
            },
            {
                "id": "100043094071300",
                "count": 0
            },
            {
                "id": "100094486966209",
                "count": 0
            },
            {
                "id": "61553614323370",
                "count": 0
            },
            {
                "id": "100077870917015",
                "count": 0
            },
            {
                "id": "61582463462553",
                "count": 0
            },
            {
                "id": "61575999835460",
                "count": 0
            },
            {
                "id": "100023734157519",
                "count": 0
            },
            {
                "id": "1631016269",
                "count": 0
            },
            {
                "id": "100029378752728",
                "count": 0
            },
            {
                "id": "61582557485011",
                "count": 0
            },
            {
                "id": "61582662419769",
                "count": 0
            },
            {
                "id": "61580278989317",
                "count": 0
            },
            {
                "id": "61575326246044",
                "count": 0
            },
            {
                "id": "61580782596177",
                "count": 0
            }
        ]
    }
}