{
    "total": [
        {
            "id": "100067762346985",
            "count": 11
        },
        {
            "id": "100077701390678",
            "count": 65,
            "lastActive": "12:27:58 || thứ tư"
        },
        {
            "id": "100068316821236",
            "count": 1287,
            "lastActive": "13:14:44 || thứ tư"
        },
        {
            "id": "100061174536258",
            "count": 12
        },
        {
            "id": "100054892668998",
            "count": 52,
            "lastActive": "00:02:25 || thứ tư"
        },
        {
            "id": "61560299280947",
            "count": 17
        },
        {
            "id": "100055602692785",
            "count": 4,
            "lastActive": "15:52:23 || thứ tư"
        },
        {
            "id": "100009811592355",
            "count": 1
        },
        {
            "id": "61565984843285",
            "count": 0
        },
        {
            "id": "61566733762411",
            "count": 9,
            "lastActive": "21:54:04 || chủ nhật"
        },
        {
            "id": "61570151165872",
            "count": 0
        },
        {
            "id": "61551943685646",
            "count": 0
        },
        {
            "id": "61556326374793",
            "count": 0
        },
        {
            "id": "61553727634628",
            "count": 10
        },
        {
            "id": "100089714360459",
            "count": 0
        },
        {
            "id": "61577097355786",
            "count": 0
        },
        {
            "id": "61554840782389",
            "count": 0
        },
        {
            "id": "100050479659238",
            "count": 1
        },
        {
            "id": "100074996724205",
            "count": 35
        },
        {
            "id": "100091546088288",
            "count": 132
        },
        {
            "id": "61577881390543",
            "count": 0
        },
        {
            "id": "100090626161268",
            "count": 11
        },
        {
            "id": "100055895057964",
            "count": 0
        },
        {
            "id": "100067482545961",
            "count": 0
        },
        {
            "id": "61575325054866",
            "count": 0
        },
        {
            "id": "100044928167783",
            "count": 0
        },
        {
            "id": "100066448096627",
            "count": 21,
            "lastActive": "00:09:37 || thứ tư"
        },
        {
            "id": "61559938184851",
            "count": 0
        },
        {
            "id": "100051051543308",
            "count": 0
        },
        {
            "id": "61553558605450",
            "count": 0
        },
        {
            "id": "61561552701008",
            "count": 0
        },
        {
            "id": "100078323227439",
            "count": 0
        },
        {
            "id": "61575613327538",
            "count": 0
        },
        {
            "id": "100077963860686",
            "count": 0
        },
        {
            "id": "100088426219830",
            "count": 0
        },
        {
            "id": "100048754506008",
            "count": 0
        },
        {
            "id": "61558441716614",
            "count": 0
        },
        {
            "id": "61578971607160",
            "count": 0
        },
        {
            "id": "61578836465935",
            "count": 0
        },
        {
            "id": "100094754260793",
            "count": 10,
            "lastActive": "20:39:41 || thứ ba"
        },
        {
            "id": "100087060211940",
            "count": 0
        },
        {
            "id": "61562012202944",
            "count": 578,
            "lastActive": "00:10:19 || thứ tư"
        },
        {
            "id": "100085016986815",
            "count": 0
        },
        {
            "id": "100065370638978",
            "count": 23
        },
        {
            "id": "61578927640157",
            "count": 0
        },
        {
            "id": "61550827899436",
            "count": 0
        },
        {
            "id": "100038942591428",
            "count": 0
        },
        {
            "id": "100085607483096",
            "count": 0
        },
        {
            "id": "61553963800784",
            "count": 0
        },
        {
            "id": "100036829351054",
            "count": 0
        },
        {
            "id": "100080502275669",
            "count": 37,
            "lastActive": "13:13:11 || thứ tư"
        },
        {
            "id": "100010518458604",
            "count": 0
        },
        {
            "id": "61557157391070",
            "count": 1
        },
        {
            "id": "61552346162273",
            "count": 0
        },
        {
            "id": "100080805073413",
            "count": 0
        },
        {
            "id": "61579710682455",
            "count": 0
        },
        {
            "id": "100062349794145",
            "count": 0
        },
        {
            "id": "100081334188726",
            "count": 264,
            "lastActive": "07:36:02 || thứ tư"
        },
        {
            "id": "61576023256863",
            "count": 0
        },
        {
            "id": "61561314154950",
            "count": 0
        },
        {
            "id": "61577005193001",
            "count": 0
        },
        {
            "id": "61554567401436",
            "count": 2
        },
        {
            "id": "100074746410249",
            "count": 0
        },
        {
            "id": "61564833196267",
            "count": 2,
            "lastActive": "12:52:16 || thứ hai"
        },
        {
            "id": "100043541642095",
            "count": 0
        },
        {
            "id": "100086270058605",
            "count": 1
        },
        {
            "id": "100086378153011",
            "count": 0
        },
        {
            "id": "100084059730401",
            "count": 0
        },
        {
            "id": "100053831121112",
            "count": 0
        },
        {
            "id": "100064515240142",
            "count": 0
        },
        {
            "id": "61553080887316",
            "count": 1
        },
        {
            "id": "100032799195183",
            "count": 0
        },
        {
            "id": "100073777014715",
            "count": 0
        },
        {
            "id": "100068512297985",
            "count": 0
        },
        {
            "id": "61552136395546",
            "count": 9
        },
        {
            "id": "61556229643274",
            "count": 0
        },
        {
            "id": "61568866331701",
            "count": 0
        },
        {
            "id": "100090239137473",
            "count": 1
        },
        {
            "id": "61557826493018",
            "count": 8
        },
        {
            "id": "100094616652749",
            "count": 0
        },
        {
            "id": "61555378030856",
            "count": 0
        },
        {
            "id": "100095215464809",
            "count": 66
        },
        {
            "id": "100027324110387",
            "count": 25,
            "lastActive": "10:11:45 || thứ hai"
        },
        {
            "id": "100095248286184",
            "count": 15
        },
        {
            "id": "100006719976211",
            "count": 0
        },
        {
            "id": "100052215825675",
            "count": 0
        },
        {
            "id": "61562603836358",
            "count": 0
        },
        {
            "id": "100093309101654",
            "count": 0
        },
        {
            "id": "100075088031724",
            "count": 0
        },
        {
            "id": "100086087582399",
            "count": 8
        },
        {
            "id": "100075396121822",
            "count": 4
        },
        {
            "id": "100018000042459",
            "count": 0
        },
        {
            "id": "100059661438902",
            "count": 1
        },
        {
            "id": "61572378579955",
            "count": 0
        },
        {
            "id": "100082684274354",
            "count": 0
        },
        {
            "id": "100057994772236",
            "count": 0
        },
        {
            "id": "100095382374642",
            "count": 0
        },
        {
            "id": "100053539778547",
            "count": 0
        },
        {
            "id": "61550030184394",
            "count": 22,
            "lastActive": "10:17:18 || thứ tư"
        },
        {
            "id": "100000895922054",
            "count": 38
        },
        {
            "id": "100073639420918",
            "count": 6
        },
        {
            "id": "100070182486318",
            "count": 7
        }
    ],
    "week": [
        {
            "id": "100067762346985",
            "count": 0,
            "name": "Siva Nguyễn"
        },
        {
            "id": "100077701390678",
            "count": 24,
            "name": "Yeii Nhie",
            "lastActive": "12:27:58 || thứ tư"
        },
        {
            "id": "100068316821236",
            "count": 124,
            "name": "Ng Tú",
            "lastActive": "13:14:44 || thứ tư"
        },
        {
            "id": "100061174536258",
            "count": 0,
            "name": "Gia Minh"
        },
        {
            "id": "100054892668998",
            "count": 4,
            "name": "Khanh Phuong",
            "lastActive": "00:02:25 || thứ tư"
        },
        {
            "id": "61560299280947",
            "count": 0,
            "name": "Minh Nh"
        },
        {
            "id": "100055602692785",
            "count": 2,
            "name": "Lâm Tâm Như",
            "lastActive": "15:52:23 || thứ tư"
        },
        {
            "id": "100009811592355",
            "count": 0,
            "name": "Thanh Sơn"
        },
        {
            "id": "61565984843285",
            "count": 0,
            "name": "Tue Nhi"
        },
        {
            "id": "61566733762411",
            "count": 0,
            "name": "Mai Thy",
            "lastActive": "21:54:04 || chủ nhật"
        },
        {
            "id": "61570151165872",
            "count": 0,
            "name": "Ng Thành Trung"
        },
        {
            "id": "61551943685646",
            "count": 0,
            "name": "Đặng Nhật Minh"
        },
        {
            "id": "61556326374793",
            "count": 0,
            "name": "Baoo Khangg"
        },
        {
            "id": "61553727634628",
            "count": 0,
            "name": "Hồng Vân"
        },
        {
            "id": "100089714360459",
            "count": 0,
            "name": "Người Tình Của Mintchoco"
        },
        {
            "id": "61577097355786",
            "count": 0,
            "name": "Người dùng Facebook"
        },
        {
            "id": "61554840782389",
            "count": 0,
            "name": "Hoàng Nam"
        },
        {
            "id": "100050479659238",
            "count": 0,
            "name": "Tr Kien"
        },
        {
            "id": "100074996724205",
            "count": 0,
            "name": "Hưng Trần"
        },
        {
            "id": "100091546088288",
            "count": 0,
            "name": "Nguyễn Vũ Minh Anh"
        },
        {
            "id": "61577881390543",
            "count": 0,
            "name": "Vũ Ankk"
        },
        {
            "id": "100090626161268",
            "count": 0,
            "name": "Kim Ngan Bui"
        },
        {
            "id": "100055895057964",
            "count": 0,
            "name": "Quốc Đạt"
        },
        {
            "id": "100067482545961",
            "count": 0,
            "name": "Trường Giang"
        },
        {
            "id": "61575325054866",
            "count": 0,
            "name": "Người dùng Facebook"
        },
        {
            "id": "100044928167783",
            "count": 0,
            "name": "Gia Minh"
        },
        {
            "id": "100066448096627",
            "count": 6,
            "name": "Dương Quang Anh",
            "lastActive": "00:09:37 || thứ tư"
        },
        {
            "id": "61559938184851",
            "count": 0,
            "name": "Lan Anh"
        },
        {
            "id": "100051051543308",
            "count": 0,
            "name": "Tram Trâm"
        },
        {
            "id": "61553558605450",
            "count": 0,
            "name": "Minh Nguyenn"
        },
        {
            "id": "61561552701008",
            "count": 0,
            "name": "Tả Uyển"
        },
        {
            "id": "100078323227439",
            "count": 0,
            "name": "ÝNhi Trần"
        },
        {
            "id": "61575613327538",
            "count": 0,
            "name": "NT Yến Nhi"
        },
        {
            "id": "100077963860686",
            "count": 0,
            "name": "Nga Lê"
        },
        {
            "id": "100088426219830",
            "count": 0,
            "name": "Mỹ Ngọc"
        },
        {
            "id": "100048754506008",
            "count": 0,
            "name": "Huỳnh Nguyễn Minh Huy"
        },
        {
            "id": "61558441716614",
            "count": 0,
            "name": "Thao Nguyen"
        },
        {
            "id": "61578971607160",
            "count": 0,
            "name": "Quynh Anh Le"
        },
        {
            "id": "61578836465935",
            "count": 0,
            "name": "Người dùng Facebook"
        },
        {
            "id": "100094754260793",
            "count": 6,
            "name": "Ka Ka",
            "lastActive": "20:39:41 || thứ ba"
        },
        {
            "id": "100087060211940",
            "count": 0,
            "name": "Phạm Thu Hà"
        },
        {
            "id": "61562012202944",
            "count": 84,
            "name": "Hong Anh Mimi",
            "lastActive": "00:10:19 || thứ tư"
        },
        {
            "id": "100085016986815",
            "count": 0,
            "name": "Nguyễn Thị Mộng Quỳnh"
        },
        {
            "id": "100065370638978",
            "count": 0,
            "name": "Quỳnh Chi"
        },
        {
            "id": "61578927640157",
            "count": 0,
            "name": "Cung Khòn"
        },
        {
            "id": "61550827899436",
            "count": 0,
            "name": "Panh Ng"
        },
        {
            "id": "100038942591428",
            "count": 0,
            "name": "Thanh Trúc"
        },
        {
            "id": "100085607483096",
            "count": 0,
            "name": "Mai Anh"
        },
        {
            "id": "61553963800784",
            "count": 0,
            "name": "Đàm Thị Hà Trang"
        },
        {
            "id": "100036829351054",
            "count": 0,
            "name": "Hoang Anh"
        },
        {
            "id": "100080502275669",
            "count": 4,
            "name": "Sơn Đinh",
            "lastActive": "13:13:11 || thứ tư"
        },
        {
            "id": "100010518458604",
            "count": 0,
            "name": "Đỗ Trường"
        },
        {
            "id": "61557157391070",
            "count": 0,
            "name": "Ph Hai Anh"
        },
        {
            "id": "61552346162273",
            "count": 0,
            "name": "Nguyen Dai"
        },
        {
            "id": "100080805073413",
            "count": 0,
            "name": "Minh Anh Le"
        },
        {
            "id": "61579710682455",
            "count": 0,
            "name": "Huy Nguyễn "
        },
        {
            "id": "100062349794145",
            "count": 0,
            "name": "Anh Tien"
        },
        {
            "id": "100081334188726",
            "count": 12,
            "name": "Nguyen Bii",
            "lastActive": "07:36:02 || thứ tư"
        },
        {
            "id": "61576023256863",
            "count": 0,
            "name": "nguyen khanh🪼🐾"
        },
        {
            "id": "61561314154950",
            "count": 0,
            "name": "Uýnh Lộn Không"
        },
        {
            "id": "61577005193001",
            "count": 0,
            "name": "Tra Myy"
        },
        {
            "id": "61554567401436",
            "count": 0,
            "name": "Hồ Trúc Vi"
        },
        {
            "id": "100074746410249",
            "count": 0,
            "name": "Ng Thị Như Ýy"
        },
        {
            "id": "61564833196267",
            "count": 2,
            "name": "Khánh Linh",
            "lastActive": "12:52:16 || thứ hai"
        },
        {
            "id": "100043541642095",
            "count": 0,
            "name": "Tuyết Trânn"
        },
        {
            "id": "100086270058605",
            "count": 0,
            "name": "Hoai Anh"
        },
        {
            "id": "100086378153011",
            "count": 0,
            "name": "Hong Nhungg"
        },
        {
            "id": "100084059730401",
            "count": 0,
            "name": "Bách Hợp"
        },
        {
            "id": "100053831121112",
            "count": 0,
            "name": "Ph Ann"
        },
        {
            "id": "100064515240142",
            "count": 0,
            "name": "Minh Hiếu"
        },
        {
            "id": "61553080887316",
            "count": 0,
            "name": "Ngọc Ánh"
        },
        {
            "id": "100032799195183",
            "count": 0,
            "name": "Thư Nguyễn"
        },
        {
            "id": "100073777014715",
            "count": 0,
            "name": "Trần Andy"
        },
        {
            "id": "100068512297985",
            "count": 0,
            "name": "Khánh Trang"
        },
        {
            "id": "61552136395546",
            "count": 0,
            "name": "Hoàngg Phong"
        },
        {
            "id": "61556229643274",
            "count": 0,
            "name": "Võ Thái"
        },
        {
            "id": "61568866331701",
            "count": 0,
            "name": "Ha Ngoc Diep"
        },
        {
            "id": "100090239137473",
            "count": 0,
            "name": "Tr Băng"
        },
        {
            "id": "61557826493018",
            "count": 0,
            "name": "Nguyễn Hân"
        },
        {
            "id": "100094616652749",
            "count": 0,
            "name": "Gia Huy"
        },
        {
            "id": "61555378030856",
            "count": 0,
            "name": "Nguyễn P.Anh"
        },
        {
            "id": "100095215464809",
            "count": 0,
            "name": "Dương Bảo"
        },
        {
            "id": "100027324110387",
            "count": 22,
            "name": "Mãi Một Mối Tình",
            "lastActive": "10:11:45 || thứ hai"
        },
        {
            "id": "100095248286184",
            "count": 0,
            "name": "Võ Ngọc Minh"
        },
        {
            "id": "100006719976211",
            "count": 0,
            "name": "Immortal Knight"
        },
        {
            "id": "100052215825675",
            "count": 0,
            "name": "Quynh Nhu"
        },
        {
            "id": "61562603836358",
            "count": 0,
            "name": "Người dùng Facebook"
        },
        {
            "id": "100093309101654",
            "count": 0,
            "name": "Ngọc Hiếu"
        },
        {
            "id": "100075088031724",
            "count": 0,
            "name": "Yến Oanh"
        },
        {
            "id": "100086087582399",
            "count": 0,
            "name": "Truc Linh"
        },
        {
            "id": "100075396121822",
            "count": 0,
            "name": "Trần Ngọc Khánh Vy"
        },
        {
            "id": "100018000042459",
            "count": 0,
            "name": "Thúy Ngân"
        },
        {
            "id": "100059661438902",
            "count": 0,
            "name": "Thanh Huyen"
        },
        {
            "id": "61572378579955",
            "count": 0,
            "name": "Người dùng Facebook"
        },
        {
            "id": "100082684274354",
            "count": 0,
            "name": "Tran Quy Hai Dang"
        },
        {
            "id": "100057994772236",
            "count": 0,
            "name": "Gia Hân"
        },
        {
            "id": "100095382374642",
            "count": 0,
            "name": "Tú Anh Nee"
        },
        {
            "id": "100053539778547",
            "count": 0,
            "name": "Sami Anh Duong"
        },
        {
            "id": "61550030184394",
            "count": 8,
            "name": "️️️️️️️️️️️️️️️️️️️️️️️️️️️️️️️️️️️️️️️️️️️️️️️️️️️️️️️️️️️️️️️️️️️️️️️️️️️️️️️️️️️️️️️️️️️️️️️️️️️️️️️️️️️️️️️️️️️️️️️️️️️️️️️️️️️️️️️️️️️️️️️️️️️️️️️️️️️️️️️️️️️️️️️️️️ ",
            "lastActive": "10:17:18 || thứ tư"
        },
        {
            "id": "100000895922054",
            "count": 0,
            "name": "Ng Van Hungg 🌸"
        },
        {
            "id": "100073639420918",
            "count": 0,
            "name": "Ng Van Hungg 💤"
        },
        {
            "id": "100070182486318",
            "count": 0,
            "name": "Tuệ Nhi"
        }
    ],
    "day": [
        {
            "id": "100067762346985",
            "count": 0,
            "name": "Siva Nguyễn"
        },
        {
            "id": "100077701390678",
            "count": 24,
            "name": "Yeii Nhie",
            "lastActive": "12:27:58 || thứ tư"
        },
        {
            "id": "100068316821236",
            "count": 32,
            "name": "Ng Tú",
            "lastActive": "13:14:44 || thứ tư"
        },
        {
            "id": "100061174536258",
            "count": 0,
            "name": "Gia Minh"
        },
        {
            "id": "100054892668998",
            "count": 4,
            "name": "Khanh Phuong",
            "lastActive": "00:02:25 || thứ tư"
        },
        {
            "id": "61560299280947",
            "count": 0,
            "name": "Minh Nh"
        },
        {
            "id": "100055602692785",
            "count": 2,
            "name": "Lâm Tâm Như",
            "lastActive": "15:52:23 || thứ tư"
        },
        {
            "id": "100009811592355",
            "count": 0,
            "name": "Thanh Sơn"
        },
        {
            "id": "61565984843285",
            "count": 0,
            "name": "Tue Nhi"
        },
        {
            "id": "61566733762411",
            "count": 0,
            "name": "Mai Thy",
            "lastActive": "21:54:04 || chủ nhật"
        },
        {
            "id": "61570151165872",
            "count": 0,
            "name": "Ng Thành Trung"
        },
        {
            "id": "61551943685646",
            "count": 0,
            "name": "Đặng Nhật Minh"
        },
        {
            "id": "61556326374793",
            "count": 0,
            "name": "Baoo Khangg"
        },
        {
            "id": "61553727634628",
            "count": 0,
            "name": "Hồng Vân"
        },
        {
            "id": "100089714360459",
            "count": 0,
            "name": "Người Tình Của Mintchoco"
        },
        {
            "id": "61577097355786",
            "count": 0,
            "name": "Người dùng Facebook"
        },
        {
            "id": "61554840782389",
            "count": 0,
            "name": "Hoàng Nam"
        },
        {
            "id": "100050479659238",
            "count": 0,
            "name": "Tr Kien"
        },
        {
            "id": "100074996724205",
            "count": 0,
            "name": "Hưng Trần"
        },
        {
            "id": "100091546088288",
            "count": 0,
            "name": "Nguyễn Vũ Minh Anh"
        },
        {
            "id": "61577881390543",
            "count": 0,
            "name": "Vũ Ankk"
        },
        {
            "id": "100090626161268",
            "count": 0,
            "name": "Kim Ngan Bui"
        },
        {
            "id": "100055895057964",
            "count": 0,
            "name": "Quốc Đạt"
        },
        {
            "id": "100067482545961",
            "count": 0,
            "name": "Trường Giang"
        },
        {
            "id": "61575325054866",
            "count": 0,
            "name": "Người dùng Facebook"
        },
        {
            "id": "100044928167783",
            "count": 0,
            "name": "Gia Minh"
        },
        {
            "id": "100066448096627",
            "count": 4,
            "name": "Dương Quang Anh",
            "lastActive": "00:09:37 || thứ tư"
        },
        {
            "id": "61559938184851",
            "count": 0,
            "name": "Lan Anh"
        },
        {
            "id": "100051051543308",
            "count": 0,
            "name": "Tram Trâm"
        },
        {
            "id": "61553558605450",
            "count": 0,
            "name": "Minh Nguyenn"
        },
        {
            "id": "61561552701008",
            "count": 0,
            "name": "Tả Uyển"
        },
        {
            "id": "100078323227439",
            "count": 0,
            "name": "ÝNhi Trần"
        },
        {
            "id": "61575613327538",
            "count": 0,
            "name": "NT Yến Nhi"
        },
        {
            "id": "100077963860686",
            "count": 0,
            "name": "Nga Lê"
        },
        {
            "id": "100088426219830",
            "count": 0,
            "name": "Mỹ Ngọc"
        },
        {
            "id": "100048754506008",
            "count": 0,
            "name": "Huỳnh Nguyễn Minh Huy"
        },
        {
            "id": "61558441716614",
            "count": 0,
            "name": "Thao Nguyen"
        },
        {
            "id": "61578971607160",
            "count": 0,
            "name": "Quynh Anh Le"
        },
        {
            "id": "61578836465935",
            "count": 0,
            "name": "Người dùng Facebook"
        },
        {
            "id": "100094754260793",
            "count": 0,
            "name": "Ka Ka",
            "lastActive": "20:39:41 || thứ ba"
        },
        {
            "id": "100087060211940",
            "count": 0,
            "name": "Phạm Thu Hà"
        },
        {
            "id": "61562012202944",
            "count": 4,
            "name": "Hong Anh Mimi",
            "lastActive": "00:10:19 || thứ tư"
        },
        {
            "id": "100085016986815",
            "count": 0,
            "name": "Nguyễn Thị Mộng Quỳnh"
        },
        {
            "id": "100065370638978",
            "count": 0,
            "name": "Quỳnh Chi"
        },
        {
            "id": "61578927640157",
            "count": 0,
            "name": "Cung Khòn"
        },
        {
            "id": "61550827899436",
            "count": 0,
            "name": "Panh Ng"
        },
        {
            "id": "100038942591428",
            "count": 0,
            "name": "Thanh Trúc"
        },
        {
            "id": "100085607483096",
            "count": 0,
            "name": "Mai Anh"
        },
        {
            "id": "61553963800784",
            "count": 0,
            "name": "Đàm Thị Hà Trang"
        },
        {
            "id": "100036829351054",
            "count": 0,
            "name": "Hoang Anh"
        },
        {
            "id": "100080502275669",
            "count": 4,
            "name": "Sơn Đinh",
            "lastActive": "13:13:11 || thứ tư"
        },
        {
            "id": "100010518458604",
            "count": 0,
            "name": "Đỗ Trường"
        },
        {
            "id": "61557157391070",
            "count": 0,
            "name": "Ph Hai Anh"
        },
        {
            "id": "61552346162273",
            "count": 0,
            "name": "Nguyen Dai"
        },
        {
            "id": "100080805073413",
            "count": 0,
            "name": "Minh Anh Le"
        },
        {
            "id": "61579710682455",
            "count": 0,
            "name": "Huy Nguyễn "
        },
        {
            "id": "100062349794145",
            "count": 0,
            "name": "Anh Tien"
        },
        {
            "id": "100081334188726",
            "count": 6,
            "name": "Nguyen Bii",
            "lastActive": "07:36:02 || thứ tư"
        },
        {
            "id": "61576023256863",
            "count": 0,
            "name": "nguyen khanh🪼🐾"
        },
        {
            "id": "61561314154950",
            "count": 0,
            "name": "Uýnh Lộn Không"
        },
        {
            "id": "61577005193001",
            "count": 0,
            "name": "Tra Myy"
        },
        {
            "id": "61554567401436",
            "count": 0,
            "name": "Hồ Trúc Vi"
        },
        {
            "id": "100074746410249",
            "count": 0,
            "name": "Ng Thị Như Ýy"
        },
        {
            "id": "61564833196267",
            "count": 0,
            "name": "Khánh Linh",
            "lastActive": "12:52:16 || thứ hai"
        },
        {
            "id": "100043541642095",
            "count": 0,
            "name": "Tuyết Trânn"
        },
        {
            "id": "100086270058605",
            "count": 0,
            "name": "Hoai Anh"
        },
        {
            "id": "100086378153011",
            "count": 0,
            "name": "Hong Nhungg"
        },
        {
            "id": "100084059730401",
            "count": 0,
            "name": "Bách Hợp"
        },
        {
            "id": "100053831121112",
            "count": 0,
            "name": "Ph Ann"
        },
        {
            "id": "100064515240142",
            "count": 0,
            "name": "Minh Hiếu"
        },
        {
            "id": "61553080887316",
            "count": 0,
            "name": "Ngọc Ánh"
        },
        {
            "id": "100032799195183",
            "count": 0,
            "name": "Thư Nguyễn"
        },
        {
            "id": "100073777014715",
            "count": 0,
            "name": "Trần Andy"
        },
        {
            "id": "100068512297985",
            "count": 0,
            "name": "Khánh Trang"
        },
        {
            "id": "61552136395546",
            "count": 0,
            "name": "Hoàngg Phong"
        },
        {
            "id": "61556229643274",
            "count": 0,
            "name": "Võ Thái"
        },
        {
            "id": "61568866331701",
            "count": 0,
            "name": "Ha Ngoc Diep"
        },
        {
            "id": "100090239137473",
            "count": 0,
            "name": "Tr Băng"
        },
        {
            "id": "61557826493018",
            "count": 0,
            "name": "Nguyễn Hân"
        },
        {
            "id": "100094616652749",
            "count": 0,
            "name": "Gia Huy"
        },
        {
            "id": "61555378030856",
            "count": 0,
            "name": "Nguyễn P.Anh"
        },
        {
            "id": "100095215464809",
            "count": 0,
            "name": "Dương Bảo"
        },
        {
            "id": "100027324110387",
            "count": 0,
            "name": "Mãi Một Mối Tình",
            "lastActive": "10:11:45 || thứ hai"
        },
        {
            "id": "100095248286184",
            "count": 0,
            "name": "Võ Ngọc Minh"
        },
        {
            "id": "100006719976211",
            "count": 0,
            "name": "Immortal Knight"
        },
        {
            "id": "100052215825675",
            "count": 0,
            "name": "Quynh Nhu"
        },
        {
            "id": "61562603836358",
            "count": 0,
            "name": "Người dùng Facebook"
        },
        {
            "id": "100093309101654",
            "count": 0,
            "name": "Ngọc Hiếu"
        },
        {
            "id": "100075088031724",
            "count": 0,
            "name": "Yến Oanh"
        },
        {
            "id": "100086087582399",
            "count": 0,
            "name": "Truc Linh"
        },
        {
            "id": "100075396121822",
            "count": 0,
            "name": "Trần Ngọc Khánh Vy"
        },
        {
            "id": "100018000042459",
            "count": 0,
            "name": "Thúy Ngân"
        },
        {
            "id": "100059661438902",
            "count": 0,
            "name": "Thanh Huyen"
        },
        {
            "id": "61572378579955",
            "count": 0,
            "name": "Người dùng Facebook"
        },
        {
            "id": "100082684274354",
            "count": 0,
            "name": "Tran Quy Hai Dang"
        },
        {
            "id": "100057994772236",
            "count": 0,
            "name": "Gia Hân"
        },
        {
            "id": "100095382374642",
            "count": 0,
            "name": "Tú Anh Nee"
        },
        {
            "id": "100053539778547",
            "count": 0,
            "name": "Sami Anh Duong"
        },
        {
            "id": "61550030184394",
            "count": 4,
            "name": "️️️️️️️️️️️️️️️️️️️️️️️️️️️️️️️️️️️️️️️️️️️️️️️️️️️️️️️️️️️️️️️️️️️️️️️️️️️️️️️️️️️️️️️️️️️️️️️️️️️️️️️️️️️️️️️️️️️️️️️️️️️️️️️️️️️️️️️️️️️️️️️️️️️️️️️️️️️️️️️️️️️️️️️️️️ ",
            "lastActive": "10:17:18 || thứ tư"
        },
        {
            "id": "100000895922054",
            "count": 0,
            "name": "Ng Van Hungg 🌸"
        },
        {
            "id": "100073639420918",
            "count": 0,
            "name": "Ng Van Hungg 💤"
        },
        {
            "id": "100070182486318",
            "count": 0,
            "name": "Tuệ Nhi"
        }
    ],
    "time": 3,
    "last": {
        "time": 5,
        "day": [
            {
                "id": "100067762346985",
                "count": 0
            },
            {
                "id": "100077701390678",
                "count": 0
            },
            {
                "id": "100068316821236",
                "count": 0
            },
            {
                "id": "100061174536258",
                "count": 0
            },
            {
                "id": "100054892668998",
                "count": 0
            },
            {
                "id": "61560299280947",
                "count": 0
            },
            {
                "id": "100055602692785",
                "count": 0
            },
            {
                "id": "100009811592355",
                "count": 0
            },
            {
                "id": "100070182486318",
                "count": 0
            },
            {
                "id": "61565984843285",
                "count": 0
            },
            {
                "id": "61566733762411",
                "count": 0
            },
            {
                "id": "61570151165872",
                "count": 0
            },
            {
                "id": "61551943685646",
                "count": 0
            },
            {
                "id": "61556326374793",
                "count": 0
            },
            {
                "id": "61553727634628",
                "count": 0
            },
            {
                "id": "100089714360459",
                "count": 0
            },
            {
                "id": "61577097355786",
                "count": 0
            },
            {
                "id": "61554840782389",
                "count": 0
            },
            {
                "id": "100050479659238",
                "count": 0
            },
            {
                "id": "100074996724205",
                "count": 0
            },
            {
                "id": "100091546088288",
                "count": 0
            },
            {
                "id": "61577881390543",
                "count": 0
            },
            {
                "id": "100090626161268",
                "count": 0
            },
            {
                "id": "100055895057964",
                "count": 0
            },
            {
                "id": "100067482545961",
                "count": 0
            },
            {
                "id": "61575325054866",
                "count": 0
            },
            {
                "id": "100044928167783",
                "count": 0
            },
            {
                "id": "100066448096627",
                "count": 0
            },
            {
                "id": "61559938184851",
                "count": 0
            },
            {
                "id": "100051051543308",
                "count": 0
            },
            {
                "id": "61553558605450",
                "count": 0
            },
            {
                "id": "61561552701008",
                "count": 0
            },
            {
                "id": "100078323227439",
                "count": 0
            },
            {
                "id": "61575613327538",
                "count": 0
            },
            {
                "id": "100077963860686",
                "count": 0
            },
            {
                "id": "100088426219830",
                "count": 0
            },
            {
                "id": "100048754506008",
                "count": 0
            },
            {
                "id": "61558441716614",
                "count": 0
            },
            {
                "id": "61578971607160",
                "count": 0
            },
            {
                "id": "61578836465935",
                "count": 0
            },
            {
                "id": "100094754260793",
                "count": 0
            },
            {
                "id": "100087060211940",
                "count": 0
            },
            {
                "id": "61562012202944",
                "count": 0
            },
            {
                "id": "100085016986815",
                "count": 0
            },
            {
                "id": "100065370638978",
                "count": 0
            },
            {
                "id": "61578927640157",
                "count": 0
            },
            {
                "id": "61550827899436",
                "count": 0
            },
            {
                "id": "100038942591428",
                "count": 0
            },
            {
                "id": "100085607483096",
                "count": 0
            },
            {
                "id": "61553963800784",
                "count": 0
            },
            {
                "id": "100036829351054",
                "count": 0
            },
            {
                "id": "100080502275669",
                "count": 0
            },
            {
                "id": "100010518458604",
                "count": 0
            },
            {
                "id": "61557157391070",
                "count": 0
            },
            {
                "id": "61552346162273",
                "count": 0
            },
            {
                "id": "100080805073413",
                "count": 0
            },
            {
                "id": "61579710682455",
                "count": 0
            },
            {
                "id": "100062349794145",
                "count": 0
            },
            {
                "id": "100081334188726",
                "count": 0
            },
            {
                "id": "61576023256863",
                "count": 0
            },
            {
                "id": "61561314154950",
                "count": 0
            },
            {
                "id": "61577005193001",
                "count": 0
            },
            {
                "id": "61554567401436",
                "count": 0
            },
            {
                "id": "100074746410249",
                "count": 0
            },
            {
                "id": "61564833196267",
                "count": 0
            },
            {
                "id": "100043541642095",
                "count": 0
            },
            {
                "id": "100086270058605",
                "count": 0
            },
            {
                "id": "100086378153011",
                "count": 0
            },
            {
                "id": "100084059730401",
                "count": 0
            },
            {
                "id": "100053831121112",
                "count": 0
            },
            {
                "id": "100064515240142",
                "count": 0
            },
            {
                "id": "61553080887316",
                "count": 0
            },
            {
                "id": "100032799195183",
                "count": 0
            },
            {
                "id": "100073777014715",
                "count": 0
            },
            {
                "id": "100068512297985",
                "count": 0
            },
            {
                "id": "61552136395546",
                "count": 0
            },
            {
                "id": "61556229643274",
                "count": 0
            },
            {
                "id": "61568866331701",
                "count": 0
            },
            {
                "id": "100090239137473",
                "count": 0
            },
            {
                "id": "61557826493018",
                "count": 0
            },
            {
                "id": "100094616652749",
                "count": 0
            },
            {
                "id": "61555378030856",
                "count": 0
            },
            {
                "id": "100095215464809",
                "count": 0
            },
            {
                "id": "100027324110387",
                "count": 0
            },
            {
                "id": "100095248286184",
                "count": 0
            },
            {
                "id": "100006719976211",
                "count": 0
            },
            {
                "id": "100052215825675",
                "count": 0
            },
            {
                "id": "61562603836358",
                "count": 0
            },
            {
                "id": "100093309101654",
                "count": 0
            },
            {
                "id": "100075088031724",
                "count": 0
            },
            {
                "id": "100086087582399",
                "count": 0
            },
            {
                "id": "100075396121822",
                "count": 0
            },
            {
                "id": "100018000042459",
                "count": 0
            },
            {
                "id": "100059661438902",
                "count": 0
            },
            {
                "id": "61572378579955",
                "count": 0
            },
            {
                "id": "100082684274354",
                "count": 0
            },
            {
                "id": "100057994772236",
                "count": 0
            },
            {
                "id": "100095382374642",
                "count": 0
            },
            {
                "id": "100053539778547",
                "count": 0
            },
            {
                "id": "100073639420918",
                "count": 0
            },
            {
                "id": "61550030184394",
                "count": 0
            },
            {
                "id": "100000895922054",
                "count": 0
            }
        ],
        "week": [
            {
                "id": "100067762346985",
                "count": 0
            },
            {
                "id": "100077701390678",
                "count": 0
            },
            {
                "id": "100068316821236",
                "count": 0
            },
            {
                "id": "100061174536258",
                "count": 0
            },
            {
                "id": "100054892668998",
                "count": 0
            },
            {
                "id": "61560299280947",
                "count": 0
            },
            {
                "id": "100055602692785",
                "count": 0
            },
            {
                "id": "100009811592355",
                "count": 0
            },
            {
                "id": "100070182486318",
                "count": 0
            },
            {
                "id": "61565984843285",
                "count": 0
            },
            {
                "id": "61566733762411",
                "count": 0
            },
            {
                "id": "61570151165872",
                "count": 0
            },
            {
                "id": "61551943685646",
                "count": 0
            },
            {
                "id": "61556326374793",
                "count": 0
            },
            {
                "id": "61553727634628",
                "count": 0
            },
            {
                "id": "100089714360459",
                "count": 0
            },
            {
                "id": "61577097355786",
                "count": 0
            },
            {
                "id": "61554840782389",
                "count": 0
            },
            {
                "id": "100050479659238",
                "count": 0
            },
            {
                "id": "100074996724205",
                "count": 0
            },
            {
                "id": "100091546088288",
                "count": 0
            },
            {
                "id": "61577881390543",
                "count": 0
            },
            {
                "id": "100090626161268",
                "count": 0
            },
            {
                "id": "100055895057964",
                "count": 0
            },
            {
                "id": "100067482545961",
                "count": 0
            },
            {
                "id": "61575325054866",
                "count": 0
            },
            {
                "id": "100044928167783",
                "count": 0
            },
            {
                "id": "100066448096627",
                "count": 0
            },
            {
                "id": "61559938184851",
                "count": 0
            },
            {
                "id": "100051051543308",
                "count": 0
            },
            {
                "id": "61553558605450",
                "count": 0
            },
            {
                "id": "61561552701008",
                "count": 0
            },
            {
                "id": "100078323227439",
                "count": 0
            },
            {
                "id": "61575613327538",
                "count": 0
            },
            {
                "id": "100077963860686",
                "count": 0
            },
            {
                "id": "100088426219830",
                "count": 0
            },
            {
                "id": "100048754506008",
                "count": 0
            },
            {
                "id": "61558441716614",
                "count": 0
            },
            {
                "id": "61578971607160",
                "count": 0
            },
            {
                "id": "61578836465935",
                "count": 0
            },
            {
                "id": "100094754260793",
                "count": 0
            },
            {
                "id": "100087060211940",
                "count": 0
            },
            {
                "id": "61562012202944",
                "count": 0
            },
            {
                "id": "100085016986815",
                "count": 0
            },
            {
                "id": "100065370638978",
                "count": 0
            },
            {
                "id": "61578927640157",
                "count": 0
            },
            {
                "id": "61550827899436",
                "count": 0
            },
            {
                "id": "100038942591428",
                "count": 0
            },
            {
                "id": "100085607483096",
                "count": 0
            },
            {
                "id": "61553963800784",
                "count": 0
            },
            {
                "id": "100036829351054",
                "count": 0
            },
            {
                "id": "100080502275669",
                "count": 0
            },
            {
                "id": "100010518458604",
                "count": 0
            },
            {
                "id": "61557157391070",
                "count": 0
            },
            {
                "id": "61552346162273",
                "count": 0
            },
            {
                "id": "100080805073413",
                "count": 0
            },
            {
                "id": "61579710682455",
                "count": 0
            },
            {
                "id": "100062349794145",
                "count": 0
            },
            {
                "id": "100081334188726",
                "count": 0
            },
            {
                "id": "61576023256863",
                "count": 0
            },
            {
                "id": "61561314154950",
                "count": 0
            },
            {
                "id": "61577005193001",
                "count": 0
            },
            {
                "id": "61554567401436",
                "count": 0
            },
            {
                "id": "100074746410249",
                "count": 0
            },
            {
                "id": "61564833196267",
                "count": 0
            },
            {
                "id": "100043541642095",
                "count": 0
            },
            {
                "id": "100086270058605",
                "count": 0
            },
            {
                "id": "100086378153011",
                "count": 0
            },
            {
                "id": "100084059730401",
                "count": 0
            },
            {
                "id": "100053831121112",
                "count": 0
            },
            {
                "id": "100064515240142",
                "count": 0
            },
            {
                "id": "61553080887316",
                "count": 0
            },
            {
                "id": "100032799195183",
                "count": 0
            },
            {
                "id": "100073777014715",
                "count": 0
            },
            {
                "id": "100068512297985",
                "count": 0
            },
            {
                "id": "61552136395546",
                "count": 0
            },
            {
                "id": "61556229643274",
                "count": 0
            },
            {
                "id": "61568866331701",
                "count": 0
            },
            {
                "id": "100090239137473",
                "count": 0
            },
            {
                "id": "61557826493018",
                "count": 0
            },
            {
                "id": "100094616652749",
                "count": 0
            },
            {
                "id": "61555378030856",
                "count": 0
            },
            {
                "id": "100095215464809",
                "count": 0
            },
            {
                "id": "100027324110387",
                "count": 0
            },
            {
                "id": "100095248286184",
                "count": 0
            },
            {
                "id": "100006719976211",
                "count": 0
            },
            {
                "id": "100052215825675",
                "count": 0
            },
            {
                "id": "61562603836358",
                "count": 0
            },
            {
                "id": "100093309101654",
                "count": 0
            },
            {
                "id": "100075088031724",
                "count": 0
            },
            {
                "id": "100086087582399",
                "count": 0
            },
            {
                "id": "100075396121822",
                "count": 0
            },
            {
                "id": "100018000042459",
                "count": 0
            },
            {
                "id": "100059661438902",
                "count": 0
            },
            {
                "id": "61572378579955",
                "count": 0
            },
            {
                "id": "100082684274354",
                "count": 0
            },
            {
                "id": "100057994772236",
                "count": 0
            },
            {
                "id": "100095382374642",
                "count": 0
            },
            {
                "id": "100053539778547",
                "count": 0
            },
            {
                "id": "100073639420918",
                "count": 0
            },
            {
                "id": "61550030184394",
                "count": 0
            },
            {
                "id": "100000895922054",
                "count": 0
            }
        ]
    }
}