[
  {
    "phien": 1,
    "time": 1760717102446,
    "result": {
      "total": 4,
      "result": "x",
      "dice1": 1,
      "dice2": 2,
      "dice3": 1,
      "isJackpot": false
    },
    "dice": [
      1,
      2,
      1
    ]
  },
  {
    "phien": 2,
    "time": 1760717162880,
    "result": {
      "total": 12,
      "result": "t",
      "dice1": 5,
      "dice2": 6,
      "dice3": 1,
      "isJackpot": false
    },
    "dice": [
      5,
      6,
      1
    ]
  },
  {
    "phien": 3,
    "time": 1760717224269,
    "result": null
  }
]