[
	{
		"key": "sb",
		"value": "2I_NaMIRSPym9wS4zoT3JVys",
		"domain": "facebook.com",
		"path": "/",
		"hostOnly": false,
		"creation": "2025-11-11T19:13:19.259Z",
		"lastAccessed": "2025-11-11T19:13:21.139Z"
	},
	{
		"key": "datr",
		"value": "WR0TaS47iNyLAAMZEDtc7HAY",
		"domain": "facebook.com",
		"path": "/",
		"hostOnly": false,
		"creation": "2025-11-11T19:13:19.260Z",
		"lastAccessed": "2025-11-11T19:13:21.139Z"
	},
	{
		"key": "wd",
		"value": "600x1128",
		"domain": "facebook.com",
		"path": "/",
		"hostOnly": false,
		"creation": "2025-11-11T19:13:19.261Z",
		"lastAccessed": "2025-11-11T19:13:21.139Z"
	},
	{
		"key": "c_user",
		"value": "61550030184394",
		"domain": "facebook.com",
		"path": "/",
		"hostOnly": false,
		"creation": "2025-11-11T19:13:19.261Z",
		"lastAccessed": "2025-11-11T19:13:21.139Z"
	},
	{
		"key": "xs",
		"value": "45%3ATyboHL497a8e9Q%3A2%3A1762888236%3A-1%3A-1",
		"domain": "facebook.com",
		"path": "/",
		"hostOnly": false,
		"creation": "2025-11-11T19:13:19.261Z",
		"lastAccessed": "2025-11-11T19:13:21.139Z"
	},
	{
		"key": "fr",
		"value": "1yhpgDkZuJeobp60f.AWeh7OZ4-fkMRB8naAOBIhEVe6WnPAxnhY-b5gYGaybj5kE3eWc.BpE4MK..AAA.0.0.BpE4rS.AWf5ZrrdRgMciCCtQiUmpicoql4",
		"expires": "2026-02-09T19:13:22.000Z",
		"maxAge": 7776000,
		"domain": "facebook.com",
		"path": "/",
		"secure": true,
		"httpOnly": true,
		"extensions": [
			"SameSite=None"
		],
		"hostOnly": false,
		"creation": "2025-11-11T19:13:19.261Z",
		"lastAccessed": "2025-11-11T19:13:21.139Z"
	},
	{
		"key": "sb",
		"value": "2I_NaMIRSPym9wS4zoT3JVys",
		"domain": "facebook.com",
		"path": "/",
		"hostOnly": false,
		"creation": "2025-11-11T19:13:19.259Z",
		"lastAccessed": "2025-11-11T19:13:21.139Z"
	},
	{
		"key": "datr",
		"value": "WR0TaS47iNyLAAMZEDtc7HAY",
		"domain": "facebook.com",
		"path": "/",
		"hostOnly": false,
		"creation": "2025-11-11T19:13:19.260Z",
		"lastAccessed": "2025-11-11T19:13:21.139Z"
	},
	{
		"key": "wd",
		"value": "600x1128",
		"domain": "facebook.com",
		"path": "/",
		"hostOnly": false,
		"creation": "2025-11-11T19:13:19.261Z",
		"lastAccessed": "2025-11-11T19:13:21.139Z"
	},
	{
		"key": "c_user",
		"value": "61550030184394",
		"domain": "facebook.com",
		"path": "/",
		"hostOnly": false,
		"creation": "2025-11-11T19:13:19.261Z",
		"lastAccessed": "2025-11-11T19:13:21.139Z"
	},
	{
		"key": "xs",
		"value": "45%3ATyboHL497a8e9Q%3A2%3A1762888236%3A-1%3A-1",
		"domain": "facebook.com",
		"path": "/",
		"hostOnly": false,
		"creation": "2025-11-11T19:13:19.261Z",
		"lastAccessed": "2025-11-11T19:13:21.139Z"
	},
	{
		"key": "fr",
		"value": "1yhpgDkZuJeobp60f.AWeh7OZ4-fkMRB8naAOBIhEVe6WnPAxnhY-b5gYGaybj5kE3eWc.BpE4MK..AAA.0.0.BpE4rS.AWf5ZrrdRgMciCCtQiUmpicoql4",
		"expires": "2026-02-09T19:13:22.000Z",
		"maxAge": 7776000,
		"domain": "facebook.com",
		"path": "/",
		"secure": true,
		"httpOnly": true,
		"extensions": [
			"SameSite=None"
		],
		"hostOnly": false,
		"creation": "2025-11-11T19:13:19.261Z",
		"lastAccessed": "2025-11-11T19:13:21.139Z"
	},
	{
		"key": "fr",
		"value": "1yhpgDkZuJeobp60f.AWeh7OZ4-fkMRB8naAOBIhEVe6WnPAxnhY-b5gYGaybj5kE3eWc.BpE4MK..AAA.0.0.BpE4rS.AWf5ZrrdRgMciCCtQiUmpicoql4",
		"expires": "2026-02-09T19:13:22.000Z",
		"maxAge": 7776000,
		"domain": "messenger.com",
		"path": "/",
		"secure": true,
		"httpOnly": true,
		"extensions": [
			"SameSite=None"
		],
		"hostOnly": false,
		"creation": "2025-11-11T19:13:20.086Z",
		"lastAccessed": "2025-11-11T19:13:21.139Z"
	}
]