[
  {
    "senderID": "100073691611872",
    "opt": {
      "name": "Hoàng Vân",
      "gio": "17:08:24",
      "ngay": "2025-11-5",
      "burh": "5/11/2025"
    }
  },
  {
    "senderID": "61555872891075",
    "opt": {
      "name": "Dương Thanh",
      "gio": "17:11:02",
      "ngay": "2025-11-5",
      "burh": "5/11/2025"
    }
  },
  {
    "senderID": "61580950225176",
    "opt": {
      "name": "Bảo Hân",
      "gio": "17:13:46",
      "ngay": "2025-11-5",
      "burh": "5/11/2025"
    }
  },
  {
    "senderID": "100087879213970",
    "opt": {
      "name": "Suân Tú",
      "gio": "17:18:09",
      "ngay": "2025-11-5",
      "burh": "5/11/2025"
    }
  },
  {
    "senderID": "61564175008943",
    "opt": {
      "name": "Tra Myy",
      "gio": "17:19:55",
      "ngay": "2025-11-5",
      "burh": "5/11/2025"
    }
  },
  {
    "senderID": "100075536346410",
    "opt": {
      "name": "Đậu Xanh",
      "gio": "17:24:24",
      "ngay": "2025-11-5",
      "burh": "5/11/2025"
    }
  },
  {
    "senderID": "100046669746688",
    "opt": {
      "name": "Lee Ká",
      "gio": "17:31:47",
      "ngay": "2025-11-5",
      "burh": "5/11/2025"
    }
  },
  {
    "senderID": "61554572331514",
    "opt": {
      "name": "Cà Chuaa",
      "gio": "17:48:29",
      "ngay": "2025-11-5",
      "burh": "5/11/2025"
    }
  },
  {
    "senderID": "61567257070893",
    "opt": {
      "name": "Max Alexander",
      "gio": "18:23:45",
      "ngay": "2025-11-5",
      "burh": "5/11/2025"
    }
  },
  {
    "senderID": "61579247205673",
    "opt": {
      "name": "Gray Fullbuster",
      "gio": "19:09:33",
      "ngay": "2025-11-5",
      "burh": "5/11/2025"
    }
  },
  {
    "senderID": "100000895922054",
    "opt": {
      "name": "Ng Van Hungg 🌸",
      "gio": "19:33:12",
      "ngay": "2025-11-5",
      "burh": "5/11/2025"
    }
  },
  {
    "senderID": "61577557131174",
    "opt": {
      "name": "Mộng Mộng",
      "gio": "19:55:25",
      "ngay": "2025-11-5",
      "burh": "5/11/2025"
    }
  },
  {
    "senderID": "61565836319623",
    "opt": {
      "name": "Ly Cte",
      "gio": "20:27:04",
      "ngay": "2025-11-5",
      "burh": "5/11/2025"
    }
  },
  {
    "senderID": "100092466522013",
    "opt": {
      "name": "Vitamin Lựu Đạn",
      "gio": "20:27:47",
      "ngay": "2025-11-5",
      "burh": "5/11/2025"
    }
  },
  {
    "senderID": "61580346837694",
    "opt": {
      "name": "Hyn Lê",
      "gio": "20:54:50",
      "ngay": "2025-11-5",
      "burh": "5/11/2025"
    }
  },
  {
    "senderID": "61577279530149",
    "opt": {
      "name": null,
      "gio": "21:23:07",
      "ngay": "2025-11-5",
      "burh": "5/11/2025"
    }
  },
  {
    "senderID": "100086958985324",
    "opt": {
      "name": "Vyy Ngkh",
      "gio": "21:28:14",
      "ngay": "2025-11-5",
      "burh": "5/11/2025"
    }
  },
  {
    "senderID": "61552654869058",
    "opt": {
      "name": "Le Quyen",
      "gio": "21:29:33",
      "ngay": "2025-11-5",
      "burh": "5/11/2025"
    }
  },
  {
    "senderID": "100081039556527",
    "opt": {
      "name": "Đặng Nguyễn Kim Anh",
      "gio": "21:39:14",
      "ngay": "2025-11-5",
      "burh": "5/11/2025"
    }
  },
  {
    "senderID": "100094858951826",
    "opt": {
      "name": "Kieu Oanh",
      "gio": "22:06:30",
      "ngay": "2025-11-5",
      "burh": "5/11/2025"
    }
  },
  {
    "senderID": "61554820151082",
    "opt": {
      "name": "Châu Kim Tuyền",
      "gio": "22:07:17",
      "ngay": "2025-11-5",
      "burh": "5/11/2025"
    }
  },
  {
    "senderID": "61576276104053",
    "opt": {
      "name": "阮茶江",
      "gio": "22:34:26",
      "ngay": "2025-11-5",
      "burh": "5/11/2025"
    }
  },
  {
    "senderID": "100018277053087",
    "opt": {
      "name": "Lương Trường Khôi",
      "gio": "23:10:27",
      "ngay": "2025-11-5",
      "burh": "5/11/2025"
    }
  },
  {
    "senderID": "61568432079668",
    "opt": {
      "name": "Tô Vũ Linh",
      "gio": "06:23:19",
      "ngay": "2025-11-6",
      "burh": "6/11/2025"
    }
  },
  {
    "senderID": "100095257083686",
    "opt": {
      "name": "Bối Bối",
      "gio": "07:36:38",
      "ngay": "2025-11-6",
      "burh": "6/11/2025"
    }
  },
  {
    "senderID": "61579325330361",
    "opt": {
      "name": "Nguyễn Hoàng Hạnh Phuc",
      "gio": "10:32:11",
      "ngay": "2025-11-6",
      "burh": "6/11/2025"
    }
  },
  {
    "senderID": "61579922387190",
    "opt": {
      "name": "Nguyễn sét lét ki",
      "gio": "10:33:58",
      "ngay": "2025-11-6",
      "burh": "6/11/2025"
    }
  },
  {
    "senderID": "61573728451294",
    "opt": {
      "name": null,
      "gio": "12:16:49",
      "ngay": "2025-11-6",
      "burh": "6/11/2025"
    }
  },
  {
    "senderID": "100090471314407",
    "opt": {
      "name": "Vương Vũ",
      "gio": "16:09:43",
      "ngay": "2025-11-6",
      "burh": "6/11/2025"
    }
  },
  {
    "senderID": "100089572154704",
    "opt": {
      "name": "Makino Neko",
      "gio": "16:13:19",
      "ngay": "2025-11-6",
      "burh": "6/11/2025"
    }
  },
  {
    "senderID": "61575094586785",
    "opt": {
      "name": "Nguyễn Duy Hoàng",
      "gio": "16:43:38",
      "ngay": "2025-11-6",
      "burh": "6/11/2025"
    }
  },
  {
    "senderID": "100091664241823",
    "opt": {
      "name": "Mĩ Tâm",
      "gio": "20:21:53",
      "ngay": "2025-11-6",
      "burh": "6/11/2025"
    }
  },
  {
    "senderID": "61577774730869",
    "opt": {
      "name": "Hoàng Đz",
      "gio": "20:45:47",
      "ngay": "2025-11-6",
      "burh": "6/11/2025"
    }
  },
  {
    "senderID": "61571187353726",
    "opt": {
      "name": "Đặng YNhi",
      "gio": "05:22:55",
      "ngay": "2025-11-7",
      "burh": "7/11/2025"
    }
  },
  {
    "senderID": "61568178128638",
    "opt": {
      "name": "Kim Xuyến",
      "gio": "10:16:54",
      "ngay": "2025-11-7",
      "burh": "7/11/2025"
    }
  },
  {
    "senderID": "61563661259337",
    "opt": {
      "name": "Phan Anh",
      "gio": "12:28:26",
      "ngay": "2025-11-7",
      "burh": "7/11/2025"
    }
  },
  {
    "senderID": "61577778976818",
    "opt": {
      "name": "Ng Huyềnkk",
      "gio": "13:01:51",
      "ngay": "2025-11-7",
      "burh": "7/11/2025"
    }
  },
  {
    "senderID": "61551076628575",
    "opt": {
      "name": "Fuji Karen",
      "gio": "15:07:08",
      "ngay": "2025-11-7",
      "burh": "7/11/2025"
    }
  },
  {
    "senderID": "61556220311682",
    "opt": {
      "name": "Bảo Trân",
      "gio": "15:47:54",
      "ngay": "2025-11-7",
      "burh": "7/11/2025"
    }
  },
  {
    "senderID": "61557931074335",
    "opt": {
      "name": "Bánh Mì",
      "gio": "16:44:41",
      "ngay": "2025-11-7",
      "burh": "7/11/2025"
    }
  },
  {
    "senderID": "100035629988201",
    "opt": {
      "name": "Khanh Đoàn",
      "gio": "18:33:27",
      "ngay": "2025-11-7",
      "burh": "7/11/2025"
    }
  },
  {
    "senderID": "61578715650013",
    "opt": {
      "name": "Khánh Văn Nguyễn",
      "gio": "21:02:18",
      "ngay": "2025-11-7",
      "burh": "7/11/2025"
    }
  },
  {
    "senderID": "61554329421898",
    "opt": {
      "name": null,
      "gio": "21:25:50",
      "ngay": "2025-11-7",
      "burh": "7/11/2025"
    }
  },
  {
    "senderID": "100090567123290",
    "opt": {
      "name": "Kẻ Điên",
      "gio": "21:30:56",
      "ngay": "2025-11-7",
      "burh": "7/11/2025"
    }
  },
  {
    "senderID": "61570600446338",
    "opt": {
      "name": "Ờm Chịu",
      "gio": "21:36:51",
      "ngay": "2025-11-7",
      "burh": "7/11/2025"
    }
  },
  {
    "senderID": "61581957278259",
    "opt": {
      "name": "Bin Nhỏ",
      "gio": "23:31:16",
      "ngay": "2025-11-7",
      "burh": "7/11/2025"
    }
  },
  {
    "senderID": "100034420390533",
    "opt": {
      "name": "Thuy Trang",
      "gio": "08:40:28",
      "ngay": "2025-11-8",
      "burh": "8/11/2025"
    }
  },
  {
    "senderID": "100033795726976",
    "opt": {
      "name": null,
      "gio": "09:21:53",
      "ngay": "2025-11-8",
      "burh": "8/11/2025"
    }
  },
  {
    "senderID": "61558391906315",
    "opt": {
      "name": "Viet Anh",
      "gio": "09:27:14",
      "ngay": "2025-11-8",
      "burh": "8/11/2025"
    }
  },
  {
    "senderID": "61568454217541",
    "opt": {
      "name": "Minh Hoàng",
      "gio": "10:25:16",
      "ngay": "2025-11-8",
      "burh": "8/11/2025"
    }
  },
  {
    "senderID": "61578776530633",
    "opt": {
      "name": null,
      "gio": "10:59:02",
      "ngay": "2025-11-8",
      "burh": "8/11/2025"
    }
  },
  {
    "senderID": "61577358292409",
    "opt": {
      "name": null,
      "gio": "12:30:16",
      "ngay": "2025-11-8",
      "burh": "8/11/2025"
    }
  },
  {
    "senderID": "100092437967075",
    "opt": {
      "name": "Yến Võ",
      "gio": "13:27:22",
      "ngay": "2025-11-8",
      "burh": "8/11/2025"
    }
  },
  {
    "senderID": "100011401948306",
    "opt": {
      "name": "Quy Huynhphu",
      "gio": "16:09:56",
      "ngay": "2025-11-8",
      "burh": "8/11/2025"
    }
  },
  {
    "senderID": "61577851960860",
    "opt": {
      "name": "Trần ĐucAnhh",
      "gio": "16:10:47",
      "ngay": "2025-11-8",
      "burh": "8/11/2025"
    }
  },
  {
    "senderID": "61580774971564",
    "opt": {
      "name": "Leo Ctee",
      "gio": "16:45:08",
      "ngay": "2025-11-8",
      "burh": "8/11/2025"
    }
  },
  {
    "senderID": "61563992186532",
    "opt": {
      "name": "Nguyễn Nhi",
      "gio": "17:54:45",
      "ngay": "2025-11-8",
      "burh": "8/11/2025"
    }
  },
  {
    "senderID": "61558524980288",
    "opt": {
      "name": "Ken Mizakip",
      "gio": "19:01:47",
      "ngay": "2025-11-8",
      "burh": "8/11/2025"
    }
  },
  {
    "senderID": "61574963965118",
    "opt": {
      "name": "Bui Tieu Phụng",
      "gio": "19:16:43",
      "ngay": "2025-11-8",
      "burh": "8/11/2025"
    }
  },
  {
    "senderID": "61578257714587",
    "opt": {
      "name": "Leng Giang Oi Osu",
      "gio": "20:55:50",
      "ngay": "2025-11-8",
      "burh": "8/11/2025"
    }
  },
  {
    "senderID": "61574469132162",
    "opt": {
      "name": "Leon nà",
      "gio": "21:07:35",
      "ngay": "2025-11-8",
      "burh": "8/11/2025"
    }
  },
  {
    "senderID": "61581370446664",
    "opt": {
      "name": "Leon Yeu Em",
      "gio": "21:07:38",
      "ngay": "2025-11-8",
      "burh": "8/11/2025"
    }
  },
  {
    "senderID": "61577787117231",
    "opt": {
      "name": "Tbang",
      "gio": "21:54:55",
      "ngay": "2025-11-8",
      "burh": "8/11/2025"
    }
  },
  {
    "senderID": "61550030184394",
    "opt": {
      "name": "️️️️️️️️️️️️️️️️️️️️️️️️️️️️️️️️️️️️️️️️️️️️️️️️️️️️️️️️️️️️️️️️️️️️️️️️️️️️️️️️️️️️️️️️️️️️️️️️️️️️️️️️️️️️️️️️️️️️️️️️️️️️️️️️️️️️️️️️️️️️️️️️️️️️️️️️️️️️️️️️️️️️️️️️️️ ",
      "gio": "00:00:13",
      "ngay": "2025-11-9",
      "burh": "9/11/2025"
    }
  },
  {
    "senderID": "100080157715550",
    "opt": {
      "name": "Châu Anh Nguyen Thad",
      "gio": "09:17:19",
      "ngay": "2025-11-9",
      "burh": "9/11/2025"
    }
  },
  {
    "senderID": "61574091072393",
    "opt": {
      "name": "Hoàng Nhân",
      "gio": "13:07:34",
      "ngay": "2025-11-9",
      "burh": "9/11/2025"
    }
  },
  {
    "senderID": "61559260114955",
    "opt": {
      "name": "Tran Thanh Lamm",
      "gio": "13:09:34",
      "ngay": "2025-11-9",
      "burh": "9/11/2025"
    }
  },
  {
    "id": "100046669746688",
    "time": "17:16:17, 09/11/2025"
  },
  {
    "id": "61564175008943",
    "time": "17:16:17, 09/11/2025"
  },
  {
    "id": "61577424201058",
    "time": "17:16:17, 09/11/2025"
  },
  {
    "id": "61576276104053",
    "time": "17:16:17, 09/11/2025"
  },
  {
    "id": "61573191988401",
    "time": "17:16:17, 09/11/2025"
  },
  {
    "id": "61568072357334",
    "time": "17:16:17, 09/11/2025"
  },
  {
    "id": "61577778976818",
    "time": "17:16:17, 09/11/2025"
  },
  {
    "id": "100035629988201",
    "time": "17:16:17, 09/11/2025"
  },
  {
    "id": "100075536346410",
    "time": "17:16:17, 09/11/2025"
  },
  {
    "id": "61571187353726",
    "time": "17:16:17, 09/11/2025"
  },
  {
    "id": "61569800922468",
    "time": "17:16:17, 09/11/2025"
  },
  {
    "id": "61556220311682",
    "time": "17:16:17, 09/11/2025"
  },
  {
    "id": "61574091072393",
    "time": "17:16:17, 09/11/2025"
  },
  {
    "id": "61568432079668",
    "time": "17:16:17, 09/11/2025"
  },
  {
    "id": "61561494475070",
    "time": "17:16:17, 09/11/2025"
  },
  {
    "id": "61581053219049",
    "time": "17:16:17, 09/11/2025"
  },
  {
    "id": "61577787117231",
    "time": "17:16:17, 09/11/2025"
  },
  {
    "id": "100018277053087",
    "time": "17:16:17, 09/11/2025"
  },
  {
    "id": "61575094586785",
    "time": "17:16:17, 09/11/2025"
  },
  {
    "id": "61580346837694",
    "time": "17:16:17, 09/11/2025"
  },
  {
    "id": "61578257714587",
    "time": "17:16:17, 09/11/2025"
  },
  {
    "id": "100075840371722",
    "time": "17:16:17, 09/11/2025"
  },
  {
    "id": "61580133726299",
    "time": "17:16:17, 09/11/2025"
  },
  {
    "id": "100048969469037",
    "time": "17:16:17, 09/11/2025"
  },
  {
    "id": "61577774730869",
    "time": "17:16:17, 09/11/2025"
  },
  {
    "id": "100091664241823",
    "time": "17:16:17, 09/11/2025"
  },
  {
    "id": "61580774971564",
    "time": "17:16:17, 09/11/2025"
  },
  {
    "id": "61556144911458",
    "time": "17:16:17, 09/11/2025"
  },
  {
    "id": "61574762816375",
    "time": "17:16:17, 09/11/2025"
  },
  {
    "id": "61572873308989",
    "time": "17:16:17, 09/11/2025"
  },
  {
    "id": "61551880718057",
    "time": "17:16:17, 09/11/2025"
  },
  {
    "id": "61575136943876",
    "time": "17:16:17, 09/11/2025"
  },
  {
    "id": "61559383708715",
    "time": "17:16:17, 09/11/2025"
  },
  {
    "id": "100073639420918",
    "time": "17:16:17, 09/11/2025"
  },
  {
    "id": "61579583828689",
    "time": "17:16:17, 09/11/2025"
  },
  {
    "id": "61570342341245",
    "time": "17:16:17, 09/11/2025"
  },
  {
    "id": "61578682887398",
    "time": "17:16:17, 09/11/2025"
  },
  {
    "id": "61553594782185",
    "time": "17:16:17, 09/11/2025"
  },
  {
    "id": "61572900290010",
    "time": "17:16:17, 09/11/2025"
  },
  {
    "id": "61579923245203",
    "time": "17:16:17, 09/11/2025"
  },
  {
    "id": "61563661259337",
    "time": "17:16:17, 09/11/2025"
  },
  {
    "id": "100092742124800",
    "time": "17:16:17, 09/11/2025"
  },
  {
    "id": "61555378793835",
    "time": "17:16:17, 09/11/2025"
  },
  {
    "id": "61572162820439",
    "time": "17:16:17, 09/11/2025"
  },
  {
    "id": "61578942764755",
    "time": "17:16:17, 09/11/2025"
  },
  {
    "id": "100081039556527",
    "time": "17:16:17, 09/11/2025"
  },
  {
    "id": "100095016790032",
    "time": "17:16:17, 09/11/2025"
  },
  {
    "id": "61567796717613",
    "time": "17:16:17, 09/11/2025"
  },
  {
    "id": "61568454217541",
    "time": "17:16:17, 09/11/2025"
  },
  {
    "id": "61550113446645",
    "time": "17:16:17, 09/11/2025"
  },
  {
    "id": "61564962214382",
    "time": "17:16:17, 09/11/2025"
  },
  {
    "id": "61552899535110",
    "time": "17:16:17, 09/11/2025"
  },
  {
    "id": "61568178128638",
    "time": "17:16:17, 09/11/2025"
  },
  {
    "id": "61581421641580",
    "time": "17:16:17, 09/11/2025"
  },
  {
    "id": "61559260114955",
    "time": "17:16:17, 09/11/2025"
  },
  {
    "id": "61554417527743",
    "time": "17:16:17, 09/11/2025"
  },
  {
    "id": "61554572331514",
    "time": "17:16:17, 09/11/2025"
  },
  {
    "id": "100074837169413",
    "time": "17:16:17, 09/11/2025"
  },
  {
    "id": "100091293500235",
    "time": "17:16:17, 09/11/2025"
  },
  {
    "id": "61558739054100",
    "time": "17:16:17, 09/11/2025"
  },
  {
    "id": "61581885235523",
    "time": "17:16:17, 09/11/2025"
  },
  {
    "id": "61550030184394",
    "time": "17:16:17, 09/11/2025"
  },
  {
    "id": "100022112778280",
    "time": "17:16:17, 09/11/2025"
  },
  {
    "id": "61558391906315",
    "time": "17:16:17, 09/11/2025"
  },
  {
    "id": "100087239394874",
    "time": "17:16:17, 09/11/2025"
  },
  {
    "id": "100089572154704",
    "time": "17:16:17, 09/11/2025"
  },
  {
    "id": "61579247205673",
    "time": "17:16:17, 09/11/2025"
  },
  {
    "id": "61581957278259",
    "time": "17:16:17, 09/11/2025"
  },
  {
    "id": "61580902700574",
    "time": "17:16:17, 09/11/2025"
  },
  {
    "id": "100043094071300",
    "time": "17:16:17, 09/11/2025"
  },
  {
    "id": "100095257083686",
    "time": "17:16:17, 09/11/2025"
  },
  {
    "id": "61565513892177",
    "time": "17:16:17, 09/11/2025"
  },
  {
    "id": "61582356713887",
    "time": "17:16:17, 09/11/2025"
  },
  {
    "id": "61562042362301",
    "time": "17:16:17, 09/11/2025"
  },
  {
    "id": "61577013639078",
    "time": "17:16:17, 09/11/2025"
  },
  {
    "id": "61564826645482",
    "time": "17:16:17, 09/11/2025"
  },
  {
    "id": "61574469132162",
    "time": "17:16:17, 09/11/2025"
  },
  {
    "id": "61555872891075",
    "time": "17:16:17, 09/11/2025"
  },
  {
    "id": "61564768346131",
    "time": "17:16:17, 09/11/2025"
  },
  {
    "id": "61555589202722",
    "time": "17:16:17, 09/11/2025"
  },
  {
    "id": "100087879213970",
    "time": "17:16:17, 09/11/2025"
  },
  {
    "id": "100089450232102",
    "time": "17:16:17, 09/11/2025"
  },
  {
    "id": "61579110643810",
    "time": "17:16:17, 09/11/2025"
  },
  {
    "id": "61579902620365",
    "time": "17:16:17, 09/11/2025"
  },
  {
    "id": "61574963965118",
    "time": "17:16:17, 09/11/2025"
  },
  {
    "id": "61574686776946",
    "time": "17:16:17, 09/11/2025"
  },
  {
    "id": "100090567123290",
    "time": "17:16:17, 09/11/2025"
  },
  {
    "id": "61557931074335",
    "time": "17:16:17, 09/11/2025"
  },
  {
    "id": "100047832720086",
    "time": "17:16:17, 09/11/2025"
  },
  {
    "id": "61553604652424",
    "time": "17:16:17, 09/11/2025"
  },
  {
    "id": "61561751768415",
    "time": "17:16:17, 09/11/2025"
  },
  {
    "id": "61565836319623",
    "time": "17:16:17, 09/11/2025"
  },
  {
    "id": "61563447017247",
    "time": "17:16:17, 09/11/2025"
  },
  {
    "id": "61555324645381",
    "time": "17:16:17, 09/11/2025"
  },
  {
    "id": "100092437967075",
    "time": "17:16:17, 09/11/2025"
  },
  {
    "id": "61557467242362",
    "time": "17:16:17, 09/11/2025"
  },
  {
    "id": "61555511031292",
    "time": "17:16:17, 09/11/2025"
  },
  {
    "id": "100090471314407",
    "time": "17:16:17, 09/11/2025"
  },
  {
    "id": "61578380256575",
    "time": "17:16:17, 09/11/2025"
  },
  {
    "id": "61574687308151",
    "time": "17:16:17, 09/11/2025"
  },
  {
    "id": "100095148601491",
    "time": "17:16:17, 09/11/2025"
  },
  {
    "id": "61571571963034",
    "time": "17:16:17, 09/11/2025"
  },
  {
    "id": "61558524980288",
    "time": "17:16:17, 09/11/2025"
  },
  {
    "id": "61565692478291",
    "time": "17:16:17, 09/11/2025"
  },
  {
    "id": "61577285367513",
    "time": "17:16:17, 09/11/2025"
  },
  {
    "id": "61578714940569",
    "time": "17:16:17, 09/11/2025"
  },
  {
    "id": "61569292053014",
    "time": "17:16:17, 09/11/2025"
  },
  {
    "id": "100091542542201",
    "time": "17:16:17, 09/11/2025"
  },
  {
    "id": "100076772073995",
    "time": "17:16:17, 09/11/2025"
  },
  {
    "id": "100034420390533",
    "time": "17:16:17, 09/11/2025"
  },
  {
    "id": "61579683900278",
    "time": "17:16:17, 09/11/2025"
  },
  {
    "id": "61575500486776",
    "time": "17:16:17, 09/11/2025"
  },
  {
    "id": "61574012180949",
    "time": "17:16:17, 09/11/2025"
  },
  {
    "id": "61572426608435",
    "time": "17:16:17, 09/11/2025"
  },
  {
    "id": "61551076628575",
    "time": "17:16:17, 09/11/2025"
  },
  {
    "id": "61563833938976",
    "time": "17:16:17, 09/11/2025"
  },
  {
    "id": "100085941553591",
    "time": "17:16:17, 09/11/2025"
  },
  {
    "id": "61571164196701",
    "time": "17:16:17, 09/11/2025"
  },
  {
    "id": "61571365827420",
    "time": "17:16:17, 09/11/2025"
  },
  {
    "id": "61572548228743",
    "time": "17:16:17, 09/11/2025"
  },
  {
    "id": "61580185190173",
    "time": "17:16:17, 09/11/2025"
  },
  {
    "id": "100011401948306",
    "time": "17:16:17, 09/11/2025"
  },
  {
    "id": "61564112169609",
    "time": "17:16:17, 09/11/2025"
  },
  {
    "id": "61576672775821",
    "time": "17:16:17, 09/11/2025"
  },
  {
    "id": "61559215768576",
    "time": "17:16:17, 09/11/2025"
  },
  {
    "id": "61554043540825",
    "time": "17:16:17, 09/11/2025"
  },
  {
    "id": "61552654869058",
    "time": "17:16:17, 09/11/2025"
  },
  {
    "id": "61582453503072",
    "time": "17:16:17, 09/11/2025"
  },
  {
    "id": "100080157715550",
    "time": "17:16:17, 09/11/2025"
  },
  {
    "id": "61579103673839",
    "time": "17:16:17, 09/11/2025"
  },
  {
    "id": "100073691611872",
    "time": "17:16:17, 09/11/2025"
  },
  {
    "id": "61571741520345",
    "time": "17:16:17, 09/11/2025"
  },
  {
    "id": "61579922387190",
    "time": "17:16:17, 09/11/2025"
  },
  {
    "id": "61564849980073",
    "time": "17:16:17, 09/11/2025"
  },
  {
    "id": "61563992186532",
    "time": "17:16:17, 09/11/2025"
  },
  {
    "id": "100082729223214",
    "time": "17:16:17, 09/11/2025"
  },
  {
    "id": "100057191616420",
    "time": "17:16:17, 09/11/2025"
  },
  {
    "id": "61580594684249",
    "time": "17:16:17, 09/11/2025"
  },
  {
    "id": "100092466522013",
    "time": "17:16:17, 09/11/2025"
  },
  {
    "id": "61582659276606",
    "time": "17:16:17, 09/11/2025"
  },
  {
    "id": "61577557131174",
    "time": "17:16:17, 09/11/2025"
  },
  {
    "id": "61577612467080",
    "time": "17:16:17, 09/11/2025"
  },
  {
    "id": "61577851960860",
    "time": "17:16:17, 09/11/2025"
  },
  {
    "id": "61567257070893",
    "time": "17:16:17, 09/11/2025"
  },
  {
    "id": "61561901133505",
    "time": "17:16:17, 09/11/2025"
  },
  {
    "id": "61580977562724",
    "time": "17:16:17, 09/11/2025"
  },
  {
    "id": "100050981287654",
    "time": "17:16:17, 09/11/2025"
  },
  {
    "id": "61578715650013",
    "time": "17:16:17, 09/11/2025"
  },
  {
    "id": "100086958985324",
    "time": "17:16:17, 09/11/2025"
  },
  {
    "id": "61580140410627",
    "time": "17:16:17, 09/11/2025"
  },
  {
    "id": "61577279530149",
    "time": "17:16:17, 09/11/2025"
  },
  {
    "id": "61579651749068",
    "time": "17:16:17, 09/11/2025"
  },
  {
    "id": "61570600446338",
    "time": "17:16:17, 09/11/2025"
  },
  {
    "id": "61554974992715",
    "time": "17:16:17, 09/11/2025"
  },
  {
    "id": "61575525895440",
    "time": "17:16:17, 09/11/2025"
  },
  {
    "id": "61554820151082",
    "time": "17:16:17, 09/11/2025"
  },
  {
    "id": "61573728451294",
    "time": "17:16:17, 09/11/2025"
  },
  {
    "id": "100000895922054",
    "time": "17:16:17, 09/11/2025"
  },
  {
    "id": "100094858951826",
    "time": "17:16:17, 09/11/2025"
  },
  {
    "id": "61554329421898",
    "time": "17:16:17, 09/11/2025"
  },
  {
    "id": "100033795726976",
    "time": "17:16:17, 09/11/2025"
  },
  {
    "id": "61578776530633",
    "time": "17:16:17, 09/11/2025"
  },
  {
    "id": "61577358292409",
    "time": "17:16:17, 09/11/2025"
  },
  {
    "id": "61579325330361",
    "time": "17:16:17, 09/11/2025"
  },
  {
    "id": "61580950225176",
    "time": "17:16:17, 09/11/2025"
  },
  {
    "id": "61556287541009",
    "time": "17:16:17, 09/11/2025"
  },
  {
    "id": "61583043886089",
    "time": "17:16:17, 09/11/2025"
  },
  {
    "senderID": "61568072357334",
    "opt": {
      "name": "Enn Hy",
      "gio": "19:43:48",
      "ngay": "2025-11-9",
      "burh": "9/11/2025"
    }
  },
  {
    "senderID": "61556287541009",
    "opt": {
      "name": null,
      "gio": "19:43:58",
      "ngay": "2025-11-9",
      "burh": "9/11/2025"
    }
  },
  {
    "id": "61576840709261",
    "time": "20:37:51, 09/11/2025"
  },
  {
    "senderID": "61576840709261",
    "opt": {
      "name": null,
      "gio": "20:37:59",
      "ngay": "2025-11-9",
      "burh": "9/11/2025"
    }
  },
  {
    "senderID": "61577013639078",
    "opt": {
      "name": "Meo Cte",
      "gio": "21:33:05",
      "ngay": "2025-11-9",
      "burh": "9/11/2025"
    }
  },
  {
    "senderID": "61567796717613",
    "opt": {
      "name": "Minh Anhh",
      "gio": "19:27:22",
      "ngay": "2025-11-10",
      "burh": "10/11/2025"
    }
  },
  {
    "senderID": "61580140410627",
    "opt": {
      "name": "Lồnkhônglông Monganh Quaylại",
      "gio": "23:21:05",
      "ngay": "2025-11-11",
      "burh": "11/11/2025"
    }
  },
  {
    "senderID": "61564962214382",
    "opt": {
      "name": "Trần Uyên",
      "gio": "10:32:52",
      "ngay": "2025-11-12",
      "burh": "12/11/2025"
    }
  }
]