[
  {
    "senderID": "100080251004899",
    "opt": {
      "name": "Trần Minh",
      "gio": "17:38:02",
      "ngay": "2025-11-5",
      "burh": "5/11/2025"
    }
  },
  {
    "senderID": "100077701390678",
    "opt": {
      "name": "Yeii Nhie",
      "gio": "17:38:45",
      "ngay": "2025-11-5",
      "burh": "5/11/2025"
    }
  },
  {
    "senderID": "100075468978665",
    "opt": {
      "name": "Trần Công Huy",
      "gio": "17:38:51",
      "ngay": "2025-11-5",
      "burh": "5/11/2025"
    }
  },
  {
    "senderID": "100022796620968",
    "opt": {
      "name": "Nhà Thơ",
      "gio": "18:21:31",
      "ngay": "2025-11-5",
      "burh": "5/11/2025"
    }
  },
  {
    "senderID": "100095330057562",
    "opt": {
      "name": "Phan Thanh Uan",
      "gio": "18:28:55",
      "ngay": "2025-11-5",
      "burh": "5/11/2025"
    }
  },
  {
    "senderID": "100033896836679",
    "opt": {
      "name": "Linh Phạmm",
      "gio": "20:50:54",
      "ngay": "2025-11-5",
      "burh": "5/11/2025"
    }
  },
  {
    "senderID": "100064283945196",
    "opt": {
      "name": "Lục Duy",
      "gio": "21:16:14",
      "ngay": "2025-11-5",
      "burh": "5/11/2025"
    }
  },
  {
    "senderID": "100044964605650",
    "opt": {
      "name": "Hồ Văn Thắng",
      "gio": "01:24:31",
      "ngay": "2025-11-6",
      "burh": "6/11/2025"
    }
  },
  {
    "senderID": "61552422126959",
    "opt": {
      "name": "Puka Nguyen",
      "gio": "02:17:45",
      "ngay": "2025-11-6",
      "burh": "6/11/2025"
    }
  },
  {
    "senderID": "100064432516488",
    "opt": {
      "name": "Nguyễn Văn Mạnh",
      "gio": "07:42:42",
      "ngay": "2025-11-6",
      "burh": "6/11/2025"
    }
  },
  {
    "senderID": "100087463270600",
    "opt": {
      "name": "Quynn Nhu",
      "gio": "20:45:11",
      "ngay": "2025-11-6",
      "burh": "6/11/2025"
    }
  },
  {
    "senderID": "100017098923899",
    "opt": {
      "name": "Phú Vương",
      "gio": "23:54:30",
      "ngay": "2025-11-6",
      "burh": "6/11/2025"
    }
  },
  {
    "senderID": "100014732596031",
    "opt": {
      "name": "Thai Phat",
      "gio": "19:39:20",
      "ngay": "2025-11-7",
      "burh": "7/11/2025"
    }
  },
  {
    "senderID": "61556670812769",
    "opt": {
      "name": "Tra My",
      "gio": "20:13:46",
      "ngay": "2025-11-7",
      "burh": "7/11/2025"
    }
  },
  {
    "senderID": "100091546088288",
    "opt": {
      "name": "Nguyễn Vũ Minh Anh",
      "gio": "21:45:58",
      "ngay": "2025-11-7",
      "burh": "7/11/2025"
    }
  },
  {
    "senderID": "100062030553853",
    "opt": {
      "name": "Tuyên Lê",
      "gio": "11:04:06",
      "ngay": "2025-11-8",
      "burh": "8/11/2025"
    }
  },
  {
    "senderID": "61560013815276",
    "opt": {
      "name": "Han Gin",
      "gio": "19:26:10",
      "ngay": "2025-11-8",
      "burh": "8/11/2025"
    }
  },
  {
    "id": "61560299280947",
    "time": "20:26:56, 09/11/2025"
  },
  {
    "id": "100091546088288",
    "time": "20:26:56, 09/11/2025"
  },
  {
    "id": "100095215464809",
    "time": "20:26:56, 09/11/2025"
  },
  {
    "id": "100054892668998",
    "time": "20:26:56, 09/11/2025"
  },
  {
    "id": "100075396121822",
    "time": "20:26:56, 09/11/2025"
  },
  {
    "id": "100074996724205",
    "time": "20:26:56, 09/11/2025"
  },
  {
    "id": "100085607483096",
    "time": "20:26:56, 09/11/2025"
  },
  {
    "id": "61557157391070",
    "time": "20:26:56, 09/11/2025"
  },
  {
    "id": "61554840782389",
    "time": "20:26:56, 09/11/2025"
  },
  {
    "id": "61570151165872",
    "time": "20:26:56, 09/11/2025"
  },
  {
    "id": "100087501114948",
    "time": "20:26:56, 09/11/2025"
  },
  {
    "id": "61550792785491",
    "time": "20:26:56, 09/11/2025"
  },
  {
    "id": "61579604062554",
    "time": "20:26:56, 09/11/2025"
  },
  {
    "id": "61554362453493",
    "time": "20:26:56, 09/11/2025"
  },
  {
    "id": "100067832672063",
    "time": "20:26:56, 09/11/2025"
  },
  {
    "id": "100079965165277",
    "time": "20:26:56, 09/11/2025"
  },
  {
    "id": "100072015133366",
    "time": "20:26:56, 09/11/2025"
  },
  {
    "id": "100077298042342",
    "time": "20:26:56, 09/11/2025"
  },
  {
    "id": "100064432516488",
    "time": "20:26:56, 09/11/2025"
  },
  {
    "id": "100072665318234",
    "time": "20:26:56, 09/11/2025"
  },
  {
    "id": "61562709795700",
    "time": "20:26:56, 09/11/2025"
  },
  {
    "id": "61568832282687",
    "time": "20:26:56, 09/11/2025"
  },
  {
    "id": "100064283945196",
    "time": "20:26:56, 09/11/2025"
  },
  {
    "id": "100076754378544",
    "time": "20:26:56, 09/11/2025"
  },
  {
    "id": "100071407526422",
    "time": "20:26:56, 09/11/2025"
  },
  {
    "id": "100065304550209",
    "time": "20:26:56, 09/11/2025"
  },
  {
    "id": "100070695932927",
    "time": "20:26:56, 09/11/2025"
  },
  {
    "id": "100016764634265",
    "time": "20:26:56, 09/11/2025"
  },
  {
    "id": "61564086295333",
    "time": "20:26:56, 09/11/2025"
  },
  {
    "id": "100047832172188",
    "time": "20:26:56, 09/11/2025"
  },
  {
    "id": "61579113855262",
    "time": "20:26:56, 09/11/2025"
  },
  {
    "id": "100086481796223",
    "time": "20:26:56, 09/11/2025"
  },
  {
    "id": "100022796620968",
    "time": "20:26:56, 09/11/2025"
  },
  {
    "id": "100054318702171",
    "time": "20:26:56, 09/11/2025"
  },
  {
    "id": "100017098923899",
    "time": "20:26:56, 09/11/2025"
  },
  {
    "id": "61577633274458",
    "time": "20:26:56, 09/11/2025"
  },
  {
    "id": "100067769979240",
    "time": "20:26:56, 09/11/2025"
  },
  {
    "id": "100059988245744",
    "time": "20:26:56, 09/11/2025"
  },
  {
    "id": "100054603854269",
    "time": "20:26:56, 09/11/2025"
  },
  {
    "id": "100075074482615",
    "time": "20:26:56, 09/11/2025"
  },
  {
    "id": "100043004441372",
    "time": "20:26:56, 09/11/2025"
  },
  {
    "id": "61553047557017",
    "time": "20:26:56, 09/11/2025"
  },
  {
    "id": "61551229995407",
    "time": "20:26:56, 09/11/2025"
  },
  {
    "id": "61556670812769",
    "time": "20:26:56, 09/11/2025"
  },
  {
    "id": "61580864258300",
    "time": "20:26:56, 09/11/2025"
  },
  {
    "id": "61556349985848",
    "time": "20:26:56, 09/11/2025"
  },
  {
    "id": "100074691004975",
    "time": "20:26:56, 09/11/2025"
  },
  {
    "id": "100040350022080",
    "time": "20:26:56, 09/11/2025"
  },
  {
    "id": "61579487464408",
    "time": "20:26:56, 09/11/2025"
  },
  {
    "id": "61573744746452",
    "time": "20:26:56, 09/11/2025"
  },
  {
    "id": "100062030553853",
    "time": "20:26:56, 09/11/2025"
  },
  {
    "id": "100033896836679",
    "time": "20:26:56, 09/11/2025"
  },
  {
    "id": "100075077734206",
    "time": "20:26:56, 09/11/2025"
  },
  {
    "id": "61557076137567",
    "time": "20:26:56, 09/11/2025"
  },
  {
    "id": "61580552340366",
    "time": "20:26:56, 09/11/2025"
  },
  {
    "id": "100083189075711",
    "time": "20:26:56, 09/11/2025"
  },
  {
    "id": "61579150986815",
    "time": "20:26:56, 09/11/2025"
  },
  {
    "id": "100024659535753",
    "time": "20:26:56, 09/11/2025"
  },
  {
    "id": "100095330057562",
    "time": "20:26:56, 09/11/2025"
  },
  {
    "id": "100014732596031",
    "time": "20:26:56, 09/11/2025"
  },
  {
    "id": "100035702689328",
    "time": "20:26:56, 09/11/2025"
  },
  {
    "id": "100068231438996",
    "time": "20:26:56, 09/11/2025"
  },
  {
    "id": "100028590609907",
    "time": "20:26:56, 09/11/2025"
  },
  {
    "id": "100077701390678",
    "time": "20:26:56, 09/11/2025"
  },
  {
    "id": "100087463270600",
    "time": "20:26:56, 09/11/2025"
  },
  {
    "id": "100026788238177",
    "time": "20:26:56, 09/11/2025"
  },
  {
    "id": "100080251004899",
    "time": "20:26:56, 09/11/2025"
  },
  {
    "id": "100084794881999",
    "time": "20:26:56, 09/11/2025"
  },
  {
    "id": "100053539778547",
    "time": "20:26:56, 09/11/2025"
  },
  {
    "id": "100075468978665",
    "time": "20:26:56, 09/11/2025"
  },
  {
    "id": "100057212535665",
    "time": "20:26:56, 09/11/2025"
  },
  {
    "id": "100094813860301",
    "time": "20:26:56, 09/11/2025"
  },
  {
    "id": "61560013815276",
    "time": "20:26:56, 09/11/2025"
  },
  {
    "id": "100079862628150",
    "time": "20:26:56, 09/11/2025"
  },
  {
    "id": "61551252604738",
    "time": "20:26:56, 09/11/2025"
  },
  {
    "id": "100044964605650",
    "time": "20:26:56, 09/11/2025"
  },
  {
    "id": "100054217517272",
    "time": "20:26:56, 09/11/2025"
  },
  {
    "id": "100087553655224",
    "time": "20:26:56, 09/11/2025"
  },
  {
    "id": "61552422126959",
    "time": "20:26:56, 09/11/2025"
  },
  {
    "id": "100081483854259",
    "time": "20:26:56, 09/11/2025"
  },
  {
    "id": "61550030184394",
    "time": "20:26:56, 09/11/2025"
  },
  {
    "id": "100000895922054",
    "time": "20:26:56, 09/11/2025"
  },
  {
    "id": "61555605603485",
    "time": "20:26:56, 09/11/2025"
  },
  {
    "senderID": "61573744746452",
    "opt": {
      "name": "Hà My",
      "gio": "20:26:56",
      "ngay": "2025-11-9",
      "burh": "9/11/2025"
    }
  },
  {
    "senderID": "61550030184394",
    "opt": {
      "name": "️️️️️️️️️️️️️️️️️️️️️️️️️️️️️️️️️️️️️️️️️️️️️️️️️️️️️️️️️️️️️️️️️️️️️️️️️️️️️️️️️️️️️️️️️️️️️️️️️️️️️️️️️️️️️️️️️️️️️️️️️️️️️️️️️️️️️️️️️️️️️️️️️️️️️️️️️️️️️️️️️️️️️️️️️️ ",
      "gio": "00:00:09",
      "ngay": "2025-11-10",
      "burh": "10/11/2025"
    }
  },
  {
    "senderID": "100054892668998",
    "opt": {
      "name": "Khanh Phuong",
      "gio": "00:02:39",
      "ngay": "2025-11-12",
      "burh": "12/11/2025"
    }
  }
]