[
  {
    "id": "61550030184394",
    "time": "23:55:30, 09/11/2025"
  },
  {
    "id": "100079543967576",
    "time": "23:55:30, 09/11/2025"
  },
  {
    "senderID": "61550030184394",
    "opt": {
      "name": "️️️️️️️️️️️️️️️️️️️️️️️️️️️️️️️️️️️️️️️️️️️️️️️️️️️️️️️️️️️️️️️️️️️️️️️️️️️️️️️️️️️️️️️️️️️️️️️️️️️️️️️️️️️️️️️️️️️️️️️️️️️️️️️️️️️️️️️️️️️️️️️️️️️️️️️️️️️️️️️️️️️️️️️️️️ ",
      "gio": "23:55:30",
      "ngay": "2025-11-9",
      "burh": "9/11/2025"
    }
  }
]