[
  {
    "senderID": "100073639420918",
    "opt": {
      "name": "Ng Van Hungg 💤",
      "gio": "13:01:20",
      "ngay": "2025-11-9",
      "burh": "9/11/2025"
    }
  },
  {
    "senderID": "61550030184394",
    "opt": {
      "name": "️️️️️️️️️️️️️️️️️️️️️️️️️️️️️️️️️️️️️️️️️️️️️️️️️️️️️️️️️️️️️️️️️️️️️️️️️️️️️️️️️️️️️️️️️️️️️️️️️️️️️️️️️️️️️️️️️️️️️️️️️️️️️️️️️️️️️️️️️️️️️️️️️️️️️️️️️️️️️️️️️️️️️️️️️️ ",
      "gio": "13:01:21",
      "ngay": "2025-11-9",
      "burh": "9/11/2025"
    }
  },
  {
    "senderID": "61573422754459",
    "opt": {
      "name": "Ph Wwin",
      "gio": "13:03:52",
      "ngay": "2025-11-9",
      "burh": "9/11/2025"
    }
  },
  {
    "senderID": "61554167290699",
    "opt": {
      "name": "Nguyen Khanh Dan",
      "gio": "13:06:57",
      "ngay": "2025-11-9",
      "burh": "9/11/2025"
    }
  },
  {
    "senderID": "100034003913160",
    "opt": {
      "name": "Ph Tuấn Nguyên",
      "gio": "13:07:40",
      "ngay": "2025-11-9",
      "burh": "9/11/2025"
    }
  },
  {
    "senderID": "100035985762454",
    "opt": {
      "name": "Nguyễn Bảo Long",
      "gio": "13:30:44",
      "ngay": "2025-11-9",
      "burh": "9/11/2025"
    }
  },
  {
    "senderID": "100079540758607",
    "opt": {
      "name": null,
      "gio": "13:40:16",
      "ngay": "2025-11-9",
      "burh": "9/11/2025"
    }
  },
  {
    "senderID": "100092189421549",
    "opt": {
      "name": null,
      "gio": "13:42:45",
      "ngay": "2025-11-9",
      "burh": "9/11/2025"
    }
  },
  {
    "senderID": "61577042466620",
    "opt": {
      "name": null,
      "gio": "13:49:44",
      "ngay": "2025-11-9",
      "burh": "9/11/2025"
    }
  },
  {
    "senderID": "61551950507993",
    "opt": {
      "name": null,
      "gio": "14:30:41",
      "ngay": "2025-11-9",
      "burh": "9/11/2025"
    }
  },
  {
    "senderID": "61555210980450",
    "opt": {
      "name": "Quỳnh Như",
      "gio": "14:48:18",
      "ngay": "2025-11-9",
      "burh": "9/11/2025"
    }
  },
  {
    "senderID": "61573779726437",
    "opt": {
      "name": null,
      "gio": "14:53:36",
      "ngay": "2025-11-9",
      "burh": "9/11/2025"
    }
  },
  {
    "senderID": "61554917621443",
    "opt": {
      "name": null,
      "gio": "15:51:33",
      "ngay": "2025-11-9",
      "burh": "9/11/2025"
    }
  },
  {
    "senderID": "100075072744333",
    "opt": {
      "name": null,
      "gio": "15:58:49",
      "ngay": "2025-11-9",
      "burh": "9/11/2025"
    }
  },
  {
    "senderID": "100082996910181",
    "opt": {
      "name": null,
      "gio": "16:20:11",
      "ngay": "2025-11-9",
      "burh": "9/11/2025"
    }
  },
  {
    "senderID": "100037771187703",
    "opt": {
      "name": null,
      "gio": "16:44:52",
      "ngay": "2025-11-9",
      "burh": "9/11/2025"
    }
  },
  {
    "id": "100035985762454",
    "time": "17:14:41, 09/11/2025"
  },
  {
    "id": "61555210980450",
    "time": "17:14:41, 09/11/2025"
  },
  {
    "id": "61573422754459",
    "time": "17:14:41, 09/11/2025"
  },
  {
    "id": "61554167290699",
    "time": "17:14:41, 09/11/2025"
  },
  {
    "id": "100034003913160",
    "time": "17:14:41, 09/11/2025"
  },
  {
    "id": "100073639420918",
    "time": "17:14:41, 09/11/2025"
  },
  {
    "id": "61550030184394",
    "time": "17:14:41, 09/11/2025"
  },
  {
    "id": "100079540758607",
    "time": "17:14:41, 09/11/2025"
  },
  {
    "id": "100092189421549",
    "time": "17:14:41, 09/11/2025"
  },
  {
    "id": "61577042466620",
    "time": "17:14:41, 09/11/2025"
  },
  {
    "id": "61551950507993",
    "time": "17:14:41, 09/11/2025"
  },
  {
    "id": "61573779726437",
    "time": "17:14:41, 09/11/2025"
  },
  {
    "id": "61554917621443",
    "time": "17:14:41, 09/11/2025"
  },
  {
    "id": "100075072744333",
    "time": "17:14:41, 09/11/2025"
  },
  {
    "id": "100082996910181",
    "time": "17:14:41, 09/11/2025"
  },
  {
    "id": "100037771187703",
    "time": "17:14:41, 09/11/2025"
  },
  {
    "id": "61554511529453",
    "time": "17:14:41, 09/11/2025"
  },
  {
    "senderID": "61554511529453",
    "opt": {
      "name": null,
      "gio": "17:18:44",
      "ngay": "2025-11-9",
      "burh": "9/11/2025"
    }
  },
  {
    "id": "100065035385110",
    "time": "17:44:17, 09/11/2025"
  },
  {
    "senderID": "100065035385110",
    "opt": {
      "name": null,
      "gio": "17:44:46",
      "ngay": "2025-11-9",
      "burh": "9/11/2025"
    }
  },
  {
    "id": "100071579283358",
    "time": "18:12:08, 09/11/2025"
  },
  {
    "senderID": "100071579283358",
    "opt": {
      "name": null,
      "gio": "18:12:34",
      "ngay": "2025-11-9",
      "burh": "9/11/2025"
    }
  },
  {
    "id": "100026375717268",
    "time": "18:15:47, 09/11/2025"
  },
  {
    "senderID": "100026375717268",
    "opt": {
      "name": null,
      "gio": "18:16:51",
      "ngay": "2025-11-9",
      "burh": "9/11/2025"
    }
  },
  {
    "id": "61550660950756",
    "time": "18:53:12, 09/11/2025"
  },
  {
    "id": "100005264348722",
    "time": "18:54:24, 09/11/2025"
  },
  {
    "id": "100020031586653",
    "time": "19:21:49, 09/11/2025"
  },
  {
    "id": "61573526078248",
    "time": "19:22:07, 09/11/2025"
  },
  {
    "senderID": "100020031586653",
    "opt": {
      "name": null,
      "gio": "19:30:40",
      "ngay": "2025-11-9",
      "burh": "9/11/2025"
    }
  },
  {
    "id": "61552086363429",
    "time": "20:08:05, 09/11/2025"
  },
  {
    "senderID": "61552086363429",
    "opt": {
      "name": null,
      "gio": "20:08:32",
      "ngay": "2025-11-9",
      "burh": "9/11/2025"
    }
  },
  {
    "id": "100064817872178",
    "time": "21:07:09, 09/11/2025"
  },
  {
    "senderID": "100064817872178",
    "opt": {
      "name": null,
      "gio": "21:09:30",
      "ngay": "2025-11-9",
      "burh": "9/11/2025"
    }
  },
  {
    "id": "100078355861923",
    "time": "21:41:12, 09/11/2025"
  },
  {
    "senderID": "100078355861923",
    "opt": {
      "name": null,
      "gio": "21:41:45",
      "ngay": "2025-11-9",
      "burh": "9/11/2025"
    }
  },
  {
    "id": "61570582509657",
    "time": "22:27:40, 09/11/2025"
  },
  {
    "senderID": "61570582509657",
    "opt": {
      "name": null,
      "gio": "22:28:07",
      "ngay": "2025-11-9",
      "burh": "9/11/2025"
    }
  },
  {
    "id": "100087422600908",
    "time": "22:56:06, 09/11/2025"
  },
  {
    "senderID": "100087422600908",
    "opt": {
      "name": "Nguyễn Gia Hân",
      "gio": "22:56:39",
      "ngay": "2025-11-9",
      "burh": "9/11/2025"
    }
  },
  {
    "id": "100057145988231",
    "time": "23:07:31, 09/11/2025"
  },
  {
    "senderID": "100057145988231",
    "opt": {
      "name": null,
      "gio": "23:07:51",
      "ngay": "2025-11-9",
      "burh": "9/11/2025"
    }
  },
  {
    "id": "61558441716614",
    "time": "09:59:13, 10/11/2025"
  },
  {
    "id": "100069015056550",
    "time": "11:47:59, 10/11/2025"
  },
  {
    "senderID": "100069015056550",
    "opt": {
      "name": null,
      "gio": "11:48:08",
      "ngay": "2025-11-10",
      "burh": "10/11/2025"
    }
  },
  {
    "senderID": "61558441716614",
    "opt": {
      "name": "Thao Nguyen",
      "gio": "12:00:15",
      "ngay": "2025-11-10",
      "burh": "10/11/2025"
    }
  },
  {
    "id": "61558156535667",
    "time": "12:49:53, 10/11/2025"
  },
  {
    "senderID": "61558156535667",
    "opt": {
      "name": null,
      "gio": "12:50:06",
      "ngay": "2025-11-10",
      "burh": "10/11/2025"
    }
  },
  {
    "id": "100084276703612",
    "time": "13:16:47, 10/11/2025"
  },
  {
    "id": "100093207733084",
    "time": "13:32:31, 10/11/2025"
  },
  {
    "senderID": "100093207733084",
    "opt": {
      "name": null,
      "gio": "13:33:46",
      "ngay": "2025-11-10",
      "burh": "10/11/2025"
    }
  },
  {
    "senderID": "100084276703612",
    "opt": {
      "name": "Thanh Trúc",
      "gio": "13:37:38",
      "ngay": "2025-11-10",
      "burh": "10/11/2025"
    }
  },
  {
    "id": "61550020213332",
    "time": "13:58:00, 10/11/2025"
  },
  {
    "id": "61562944121157",
    "time": "17:08:49, 10/11/2025"
  },
  {
    "id": "61564413673407",
    "time": "17:08:49, 10/11/2025"
  },
  {
    "senderID": "61564413673407",
    "opt": {
      "gio": "17:14:50",
      "ngay": "2025-11-10",
      "burh": "10/11/2025"
    }
  },
  {
    "id": "61575832678073",
    "time": "17:19:13, 10/11/2025"
  },
  {
    "senderID": "61575832678073",
    "opt": {
      "name": null,
      "gio": "17:19:36",
      "ngay": "2025-11-10",
      "burh": "10/11/2025"
    }
  },
  {
    "senderID": "61562944121157",
    "opt": {
      "gio": "17:34:54",
      "ngay": "2025-11-10",
      "burh": "10/11/2025"
    }
  },
  {
    "id": "61583348964131",
    "time": "17:39:09, 10/11/2025"
  },
  {
    "senderID": "61583348964131",
    "opt": {
      "name": null,
      "gio": "17:39:22",
      "ngay": "2025-11-10",
      "burh": "10/11/2025"
    }
  },
  {
    "id": "61561020717005",
    "time": "17:48:24, 10/11/2025"
  },
  {
    "senderID": "61561020717005",
    "opt": {
      "name": null,
      "gio": "17:49:22",
      "ngay": "2025-11-10",
      "burh": "10/11/2025"
    }
  },
  {
    "id": "61553830382522",
    "time": "18:15:09, 10/11/2025"
  },
  {
    "senderID": "61553830382522",
    "opt": {
      "name": null,
      "gio": "18:16:28",
      "ngay": "2025-11-10",
      "burh": "10/11/2025"
    }
  },
  {
    "id": "100093546067959",
    "time": "18:47:35, 10/11/2025"
  },
  {
    "senderID": "100093546067959",
    "opt": {
      "name": null,
      "gio": "18:47:45",
      "ngay": "2025-11-10",
      "burh": "10/11/2025"
    }
  },
  {
    "id": "61558566775957",
    "time": "18:57:59, 10/11/2025"
  },
  {
    "senderID": "61558566775957",
    "opt": {
      "name": null,
      "gio": "18:58:17",
      "ngay": "2025-11-10",
      "burh": "10/11/2025"
    }
  },
  {
    "id": "61566399935323",
    "time": "19:11:27, 10/11/2025"
  },
  {
    "id": "61580924800294",
    "time": "19:17:25, 10/11/2025"
  },
  {
    "senderID": "61580924800294",
    "opt": {
      "name": null,
      "gio": "19:18:12",
      "ngay": "2025-11-10",
      "burh": "10/11/2025"
    }
  },
  {
    "id": "61582372401861",
    "time": "19:25:38, 10/11/2025"
  },
  {
    "senderID": "61582372401861",
    "opt": {
      "name": null,
      "gio": "19:26:18",
      "ngay": "2025-11-10",
      "burh": "10/11/2025"
    }
  },
  {
    "id": "100081454504724",
    "time": "19:53:59, 10/11/2025"
  },
  {
    "senderID": "100081454504724",
    "opt": {
      "name": null,
      "gio": "19:54:15",
      "ngay": "2025-11-10",
      "burh": "10/11/2025"
    }
  },
  {
    "id": "61552654603161",
    "time": "20:04:55, 10/11/2025"
  },
  {
    "senderID": "61552654603161",
    "opt": {
      "name": null,
      "gio": "20:05:18",
      "ngay": "2025-11-10",
      "burh": "10/11/2025"
    }
  },
  {
    "id": "100035877997753",
    "time": "20:08:56, 10/11/2025"
  },
  {
    "senderID": "100035877997753",
    "opt": {
      "name": null,
      "gio": "20:09:54",
      "ngay": "2025-11-10",
      "burh": "10/11/2025"
    }
  },
  {
    "id": "100083806290635",
    "time": "20:10:31, 10/11/2025"
  },
  {
    "senderID": "100083806290635",
    "opt": {
      "name": null,
      "gio": "20:11:01",
      "ngay": "2025-11-10",
      "burh": "10/11/2025"
    }
  },
  {
    "id": "61568156132061",
    "time": "20:25:52, 10/11/2025"
  },
  {
    "id": "100081634745968",
    "time": "20:25:52, 10/11/2025"
  },
  {
    "senderID": "100081634745968",
    "opt": {
      "name": null,
      "gio": "20:26:11",
      "ngay": "2025-11-10",
      "burh": "10/11/2025"
    }
  },
  {
    "senderID": "61568156132061",
    "opt": {
      "name": null,
      "gio": "20:26:19",
      "ngay": "2025-11-10",
      "burh": "10/11/2025"
    }
  },
  {
    "id": "100062580098122",
    "time": "20:29:21, 10/11/2025"
  },
  {
    "senderID": "100062580098122",
    "opt": {
      "name": null,
      "gio": "20:32:58",
      "ngay": "2025-11-10",
      "burh": "10/11/2025"
    }
  },
  {
    "id": "61583434807222",
    "time": "20:50:46, 10/11/2025"
  },
  {
    "senderID": "61583434807222",
    "opt": {
      "name": null,
      "gio": "20:53:59",
      "ngay": "2025-11-10",
      "burh": "10/11/2025"
    }
  },
  {
    "id": "100041790582260",
    "time": "00:05:46, 11/11/2025"
  },
  {
    "id": "61556651085785",
    "time": "00:05:46, 11/11/2025"
  },
  {
    "id": "100035531388192",
    "time": "00:05:46, 11/11/2025"
  },
  {
    "id": "61565912198794",
    "time": "00:05:46, 11/11/2025"
  },
  {
    "id": "100055157708244",
    "time": "00:05:46, 11/11/2025"
  },
  {
    "id": "61571979204650",
    "time": "00:05:46, 11/11/2025"
  },
  {
    "id": "100083031583312",
    "time": "00:05:46, 11/11/2025"
  },
  {
    "senderID": "61556651085785",
    "opt": {
      "gio": "00:06:16",
      "ngay": "2025-11-11",
      "burh": "11/11/2025"
    }
  },
  {
    "senderID": "61571979204650",
    "opt": {
      "gio": "00:07:26",
      "ngay": "2025-11-11",
      "burh": "11/11/2025"
    }
  },
  {
    "senderID": "61565912198794",
    "opt": {
      "gio": "00:21:24",
      "ngay": "2025-11-11",
      "burh": "11/11/2025"
    }
  },
  {
    "senderID": "100055157708244",
    "opt": {
      "gio": "00:46:56",
      "ngay": "2025-11-11",
      "burh": "11/11/2025"
    }
  },
  {
    "senderID": "100083031583312",
    "opt": {
      "gio": "00:47:07",
      "ngay": "2025-11-11",
      "burh": "11/11/2025"
    }
  },
  {
    "id": "100065683046852",
    "time": "08:33:30, 11/11/2025"
  },
  {
    "senderID": "100065683046852",
    "opt": {
      "name": null,
      "gio": "08:35:31",
      "ngay": "2025-11-11",
      "burh": "11/11/2025"
    }
  },
  {
    "id": "61566839196487",
    "time": "09:38:32, 11/11/2025"
  },
  {
    "id": "61561025626651",
    "time": "09:38:32, 11/11/2025"
  },
  {
    "id": "61564910157714",
    "time": "09:38:32, 11/11/2025"
  },
  {
    "senderID": "61564910157714",
    "opt": {
      "name": null,
      "gio": "09:39:13",
      "ngay": "2025-11-11",
      "burh": "11/11/2025"
    }
  },
  {
    "senderID": "61561025626651",
    "opt": {
      "name": null,
      "gio": "09:39:22",
      "ngay": "2025-11-11",
      "burh": "11/11/2025"
    }
  },
  {
    "senderID": "61566399935323",
    "opt": {
      "name": null,
      "gio": "10:13:12",
      "ngay": "2025-11-11",
      "burh": "11/11/2025"
    }
  },
  {
    "senderID": "61566839196487",
    "opt": {
      "name": null,
      "gio": "10:15:54",
      "ngay": "2025-11-11",
      "burh": "11/11/2025"
    }
  },
  {
    "id": "100095330057562",
    "time": "11:04:21, 11/11/2025"
  },
  {
    "id": "100086908120353",
    "time": "16:19:45, 11/11/2025"
  },
  {
    "id": "100089321028101",
    "time": "16:19:45, 11/11/2025"
  },
  {
    "id": "61571427353243",
    "time": "16:19:45, 11/11/2025"
  },
  {
    "id": "100071884599784",
    "time": "16:19:45, 11/11/2025"
  },
  {
    "senderID": "100086908120353",
    "opt": {
      "gio": "16:21:26",
      "ngay": "2025-11-11",
      "burh": "11/11/2025"
    }
  },
  {
    "senderID": "100071884599784",
    "opt": {
      "name": "Mìu Tắc Phúc",
      "gio": "16:36:55",
      "ngay": "2025-11-11",
      "burh": "11/11/2025"
    }
  },
  {
    "senderID": "100089321028101",
    "opt": {
      "gio": "16:47:05",
      "ngay": "2025-11-11",
      "burh": "11/11/2025"
    }
  },
  {
    "id": "100037447936563",
    "time": "17:32:36, 11/11/2025"
  },
  {
    "senderID": "100037447936563",
    "opt": {
      "name": "Tiến",
      "gio": "17:32:45",
      "ngay": "2025-11-11",
      "burh": "11/11/2025"
    }
  },
  {
    "senderID": "61571427353243",
    "opt": {
      "gio": "20:53:07",
      "ngay": "2025-11-11",
      "burh": "11/11/2025"
    }
  },
  {
    "senderID": "100041790582260",
    "opt": {
      "gio": "20:54:28",
      "ngay": "2025-11-11",
      "burh": "11/11/2025"
    }
  },
  {
    "id": "61563985771898",
    "time": "20:56:48, 11/11/2025"
  },
  {
    "senderID": "61563985771898",
    "opt": {
      "name": null,
      "gio": "20:58:40",
      "ngay": "2025-11-11",
      "burh": "11/11/2025"
    }
  },
  {
    "senderID": "100035531388192",
    "opt": {
      "gio": "21:31:41",
      "ngay": "2025-11-11",
      "burh": "11/11/2025"
    }
  },
  {
    "id": "100094466614266",
    "time": "22:17:12, 11/11/2025"
  },
  {
    "id": "100087592316597",
    "time": "23:50:24, 11/11/2025"
  },
  {
    "senderID": "100087592316597",
    "opt": {
      "name": null,
      "gio": "23:50:54",
      "ngay": "2025-11-11",
      "burh": "11/11/2025"
    }
  },
  {
    "senderID": "100095330057562",
    "opt": {
      "name": "Phan Thanh Uan",
      "gio": "10:06:52",
      "ngay": "2025-11-12",
      "burh": "12/11/2025"
    }
  },
  {
    "id": "100082401426058",
    "time": "11:42:33, 12/11/2025"
  },
  {
    "senderID": "100082401426058",
    "opt": {
      "name": null,
      "gio": "11:44:50",
      "ngay": "2025-11-12",
      "burh": "12/11/2025"
    }
  },
  {
    "senderID": "61550660950756",
    "opt": {
      "name": null,
      "gio": "16:44:56",
      "ngay": "2025-11-12",
      "burh": "12/11/2025"
    }
  }
]