[
  {
    "senderID": "61564114700108",
    "opt": {
      "name": "Gia Long 🪐",
      "gio": "16:26:16",
      "ngay": "2025-11-5",
      "burh": "5/11/2025"
    }
  },
  {
    "senderID": "61574857936692",
    "opt": {
      "name": "Hà Vy",
      "gio": "16:26:17",
      "ngay": "2025-11-5",
      "burh": "5/11/2025"
    }
  },
  {
    "senderID": "100073639420918",
    "opt": {
      "name": "Ng Van Hungg 💤",
      "gio": "16:26:46",
      "ngay": "2025-11-5",
      "burh": "5/11/2025"
    }
  },
  {
    "senderID": "100000895922054",
    "opt": {
      "name": "Ng Van Hungg 🌸",
      "gio": "16:26:54",
      "ngay": "2025-11-5",
      "burh": "5/11/2025"
    }
  },
  {
    "senderID": "100072439105441",
    "opt": {
      "name": "˖Lê Chí ✧˖°",
      "gio": "16:27:05",
      "ngay": "2025-11-5",
      "burh": "5/11/2025"
    }
  },
  {
    "senderID": "100045997548947",
    "opt": {
      "name": "Jinx・生 ᶻz ꜝꪜ",
      "gio": "16:27:36",
      "ngay": "2025-11-5",
      "burh": "5/11/2025"
    }
  },
  {
    "senderID": "100091372577959",
    "opt": {
      "name": "Nguyen Huong Tra 🥕",
      "gio": "16:28:31",
      "ngay": "2025-11-5",
      "burh": "5/11/2025"
    }
  },
  {
    "senderID": "61572135665820",
    "opt": {
      "name": "Anh Kiet",
      "gio": "16:29:45",
      "ngay": "2025-11-5",
      "burh": "5/11/2025"
    }
  },
  {
    "senderID": "100051306214230",
    "opt": {
      "name": "Gia Mẫn Trịnh Trần",
      "gio": "16:30:05",
      "ngay": "2025-11-5",
      "burh": "5/11/2025"
    }
  },
  {
    "senderID": "61582273912090",
    "opt": {
      "name": "Khanh Dang",
      "gio": "16:36:22",
      "ngay": "2025-11-5",
      "burh": "5/11/2025"
    }
  },
  {
    "senderID": "100004446542236",
    "opt": {
      "name": "️️️️️️️️️️️️️️️️️️️️️️️️️️️️️️️️️️️️️️️️️️️️️️️️️️️️️️️️️️️️️️️️️️️️️️️️️️️️️️️️️️️️️️️️️️️️️️️️️️️️️️️️️️️️️️️️️️️️️️️️️️️️️️️️️️️️️️️️️️️️️️️️️️️️️️️️️️️️️️️️️️️️️️️️️️ ",
      "gio": "16:36:28",
      "ngay": "2025-11-5",
      "burh": "5/11/2025"
    }
  },
  {
    "senderID": "61550856266302",
    "opt": {
      "name": "Đặng Thì Hoàng Oanh",
      "gio": "16:36:38",
      "ngay": "2025-11-5",
      "burh": "5/11/2025"
    }
  },
  {
    "senderID": "61580782596177",
    "opt": {
      "name": "Le Ngoc Duy",
      "gio": "16:36:45",
      "ngay": "2025-11-5",
      "burh": "5/11/2025"
    }
  },
  {
    "senderID": "100090458979503",
    "opt": {
      "name": "🌸🎧💙👾 Tuan Khanh 🎶🌙✨💤",
      "gio": "16:40:02",
      "ngay": "2025-11-5",
      "burh": "5/11/2025"
    }
  },
  {
    "senderID": "61574133693968",
    "opt": {
      "name": "はただ いづみ",
      "gio": "16:42:01",
      "ngay": "2025-11-5",
      "burh": "5/11/2025"
    }
  },
  {
    "senderID": "61575034471403",
    "opt": {
      "name": "👑  Ng Huy  🐙🧸💤",
      "gio": "16:57:40",
      "ngay": "2025-11-5",
      "burh": "5/11/2025"
    }
  },
  {
    "senderID": "100079543967576",
    "opt": {
      "name": "Le Ngoc Duy",
      "gio": "17:07:42",
      "ngay": "2025-11-5",
      "burh": "5/11/2025"
    }
  },
  {
    "senderID": "100033476377058",
    "opt": {
      "name": "Đặng Ngọc Thắng",
      "gio": "20:38:26",
      "ngay": "2025-11-5",
      "burh": "5/11/2025"
    }
  },
  {
    "senderID": "100092364073953",
    "opt": {
      "name": "️️️️️️️️️️️️️️️️️️️️️️️️️️️️️️️️️️️️️️️️️️️️️️️️️️️️️️️️️️️️️️️️️️️️️️️️️️️️️️️️️️️️️️️️️️️️️️️️️️️️️️️️️️️️️️️️️️️️️️️️️️️️️️️️️️️️️️️️️️️️️️️️️️️️️️️️️️️️️️️️️️️️️️️️️️",
      "gio": "20:38:39",
      "ngay": "2025-11-5",
      "burh": "5/11/2025"
    }
  },
  {
    "senderID": "61580653875929",
    "opt": {
      "name": "Bat",
      "gio": "20:38:39",
      "ngay": "2025-11-5",
      "burh": "5/11/2025"
    }
  },
  {
    "senderID": "100066234321905",
    "opt": {
      "name": "Tr Nh Anh Kiet",
      "gio": "20:39:14",
      "ngay": "2025-11-5",
      "burh": "5/11/2025"
    }
  },
  {
    "senderID": "61563899065241",
    "opt": {
      "name": "Băng Sói",
      "gio": "21:24:33",
      "ngay": "2025-11-5",
      "burh": "5/11/2025"
    }
  },
  {
    "senderID": "100090010266756",
    "opt": {
      "name": "Ngô Nguyễn Minh Trí",
      "gio": "21:37:18",
      "ngay": "2025-11-5",
      "burh": "5/11/2025"
    }
  },
  {
    "senderID": "61554620715942",
    "opt": {
      "name": "Dang Danh",
      "gio": "22:50:48",
      "ngay": "2025-11-5",
      "burh": "5/11/2025"
    }
  },
  {
    "senderID": "61557168293227",
    "opt": {
      "name": "Gia Huy",
      "gio": "22:59:24",
      "ngay": "2025-11-5",
      "burh": "5/11/2025"
    }
  },
  {
    "senderID": "100067827494573",
    "opt": {
      "name": "Minh Truong",
      "gio": "11:29:32",
      "ngay": "2025-11-6",
      "burh": "6/11/2025"
    }
  },
  {
    "senderID": "100040761302134",
    "opt": {
      "name": "Minh  Đức 󱢏",
      "gio": "15:49:10",
      "ngay": "2025-11-6",
      "burh": "6/11/2025"
    }
  },
  {
    "senderID": "100083195177097",
    "opt": {
      "name": "Văn Kha",
      "gio": "15:52:36",
      "ngay": "2025-11-6",
      "burh": "6/11/2025"
    }
  },
  {
    "senderID": "61575838616054",
    "opt": {
      "name": "Lê Văn Hoàng",
      "gio": "22:41:37",
      "ngay": "2025-11-6",
      "burh": "6/11/2025"
    }
  },
  {
    "senderID": "61580223887639",
    "opt": {
      "name": "www.defloration.biz",
      "gio": "08:11:34",
      "ngay": "2025-11-7",
      "burh": "7/11/2025"
    }
  },
  {
    "senderID": "100081680783009",
    "opt": {
      "name": "Lê Văn An",
      "gio": "16:00:28",
      "ngay": "2025-11-7",
      "burh": "7/11/2025"
    }
  },
  {
    "senderID": "100095300886313",
    "opt": {
      "name": null,
      "gio": "18:12:25",
      "ngay": "2025-11-7",
      "burh": "7/11/2025"
    }
  },
  {
    "senderID": "61573572285394",
    "opt": {
      "name": null,
      "gio": "19:19:19",
      "ngay": "2025-11-7",
      "burh": "7/11/2025"
    }
  },
  {
    "senderID": "100086739041087",
    "opt": {
      "name": null,
      "gio": "12:00:51",
      "ngay": "2025-11-8",
      "burh": "8/11/2025"
    }
  },
  {
    "senderID": "61562700164208",
    "opt": {
      "name": "Shí Kalz",
      "gio": "12:05:48",
      "ngay": "2025-11-8",
      "burh": "8/11/2025"
    }
  },
  {
    "senderID": "61560133310173",
    "opt": {
      "name": null,
      "gio": "21:45:41",
      "ngay": "2025-11-8",
      "burh": "8/11/2025"
    }
  },
  {
    "senderID": "61550030184394",
    "opt": {
      "name": "️️️️️️️️️️️️️️️️️️️️️️️️️️️️️️️️️️️️️️️️️️️️️️️️️️️️️️️️️️️️️️️️️️️️️️️️️️️️️️️️️️️️️️️️️️️️️️️️️️️️️️️️️️️️️️️️️️️️️️️️️️️️️️️️️️️️️️️️️️️️️️️️️️️️️️️️️️️️️️️️️️️️️️️️️️ ",
      "gio": "23:31:58",
      "ngay": "2025-11-8",
      "burh": "8/11/2025"
    }
  },
  {
    "senderID": "61550548180425",
    "opt": {
      "name": null,
      "gio": "11:46:37",
      "ngay": "2025-11-9",
      "burh": "9/11/2025"
    }
  },
  {
    "id": "61557168293227",
    "time": "17:14:42, 09/11/2025"
  },
  {
    "id": "61557155435009",
    "time": "17:14:42, 09/11/2025"
  },
  {
    "id": "100073639420918",
    "time": "17:14:42, 09/11/2025"
  },
  {
    "id": "61550030184394",
    "time": "17:14:42, 09/11/2025"
  },
  {
    "id": "61572135665820",
    "time": "17:14:42, 09/11/2025"
  },
  {
    "id": "100066234321905",
    "time": "17:14:42, 09/11/2025"
  },
  {
    "id": "61570806993271",
    "time": "17:14:42, 09/11/2025"
  },
  {
    "id": "100090472284363",
    "time": "17:14:42, 09/11/2025"
  },
  {
    "id": "100083195177097",
    "time": "17:14:42, 09/11/2025"
  },
  {
    "id": "100051306214230",
    "time": "17:14:42, 09/11/2025"
  },
  {
    "id": "100033476377058",
    "time": "17:14:42, 09/11/2025"
  },
  {
    "id": "100092364073953",
    "time": "17:14:42, 09/11/2025"
  },
  {
    "id": "61576827791297",
    "time": "17:14:42, 09/11/2025"
  },
  {
    "id": "61575838616054",
    "time": "17:14:42, 09/11/2025"
  },
  {
    "id": "61574857936692",
    "time": "17:14:42, 09/11/2025"
  },
  {
    "id": "100067827494573",
    "time": "17:14:42, 09/11/2025"
  },
  {
    "id": "61575034471403",
    "time": "17:14:42, 09/11/2025"
  },
  {
    "id": "61581815902288",
    "time": "17:14:42, 09/11/2025"
  },
  {
    "id": "100000895922054",
    "time": "17:14:42, 09/11/2025"
  },
  {
    "id": "61563558407053",
    "time": "17:14:42, 09/11/2025"
  },
  {
    "id": "100003691375741",
    "time": "17:14:42, 09/11/2025"
  },
  {
    "id": "100072439105441",
    "time": "17:14:42, 09/11/2025"
  },
  {
    "id": "100090010266756",
    "time": "17:14:42, 09/11/2025"
  },
  {
    "id": "61554620715942",
    "time": "17:14:42, 09/11/2025"
  },
  {
    "id": "100090458979503",
    "time": "17:14:42, 09/11/2025"
  },
  {
    "id": "100040761302134",
    "time": "17:14:42, 09/11/2025"
  },
  {
    "id": "61563899065241",
    "time": "17:14:42, 09/11/2025"
  },
  {
    "id": "100004446542236",
    "time": "17:14:42, 09/11/2025"
  },
  {
    "id": "100045997548947",
    "time": "17:14:42, 09/11/2025"
  },
  {
    "id": "61564114700108",
    "time": "17:14:42, 09/11/2025"
  },
  {
    "id": "100074764201829",
    "time": "17:14:42, 09/11/2025"
  },
  {
    "id": "100079543967576",
    "time": "17:14:42, 09/11/2025"
  },
  {
    "id": "61580782596177",
    "time": "17:14:42, 09/11/2025"
  },
  {
    "id": "100081680783009",
    "time": "17:14:42, 09/11/2025"
  },
  {
    "id": "61580223887639",
    "time": "17:14:42, 09/11/2025"
  },
  {
    "id": "100091372577959",
    "time": "17:14:42, 09/11/2025"
  },
  {
    "id": "100086739041087",
    "time": "17:14:42, 09/11/2025"
  },
  {
    "id": "61582273912090",
    "time": "17:14:42, 09/11/2025"
  },
  {
    "id": "61574133693968",
    "time": "17:14:42, 09/11/2025"
  },
  {
    "id": "100094750238615",
    "time": "17:14:42, 09/11/2025"
  },
  {
    "id": "61565450728120",
    "time": "17:14:42, 09/11/2025"
  },
  {
    "id": "61574544987224",
    "time": "17:14:42, 09/11/2025"
  },
  {
    "id": "100095300886313",
    "time": "17:14:42, 09/11/2025"
  },
  {
    "id": "100092459331620",
    "time": "17:14:42, 09/11/2025"
  },
  {
    "id": "61573572285394",
    "time": "17:14:42, 09/11/2025"
  },
  {
    "id": "61550856266302",
    "time": "17:14:42, 09/11/2025"
  },
  {
    "id": "61557618473312",
    "time": "17:14:42, 09/11/2025"
  },
  {
    "id": "61562700164208",
    "time": "17:14:42, 09/11/2025"
  },
  {
    "id": "100089015501181",
    "time": "17:14:42, 09/11/2025"
  },
  {
    "id": "100088240479751",
    "time": "17:14:42, 09/11/2025"
  },
  {
    "id": "61577993317905",
    "time": "17:14:42, 09/11/2025"
  },
  {
    "id": "61577630023762",
    "time": "17:14:42, 09/11/2025"
  },
  {
    "id": "61577013308368",
    "time": "17:14:42, 09/11/2025"
  },
  {
    "id": "100030801953960",
    "time": "17:14:42, 09/11/2025"
  },
  {
    "id": "61581901642161",
    "time": "17:14:42, 09/11/2025"
  },
  {
    "id": "100003316155343",
    "time": "17:14:42, 09/11/2025"
  },
  {
    "id": "100051095003055",
    "time": "17:40:23, 09/11/2025"
  },
  {
    "id": "100028546251739",
    "time": "17:53:42, 09/11/2025"
  },
  {
    "id": "61583585876723",
    "time": "20:52:11, 09/11/2025"
  },
  {
    "id": "61575910276578",
    "time": "20:52:30, 09/11/2025"
  },
  {
    "senderID": "61570806993271",
    "opt": {
      "name": "Minh Thaii",
      "gio": "23:31:12",
      "ngay": "2025-11-9",
      "burh": "9/11/2025"
    }
  },
  {
    "id": "61573986054035",
    "time": "23:31:41, 09/11/2025"
  },
  {
    "senderID": "61573986054035",
    "opt": {
      "name": null,
      "gio": "23:34:52",
      "ngay": "2025-11-9",
      "burh": "9/11/2025"
    }
  },
  {
    "senderID": "100074764201829",
    "opt": {
      "name": "Nguyễn Việt Anh",
      "gio": "18:00:43",
      "ngay": "2025-11-10",
      "burh": "10/11/2025"
    }
  },
  {
    "id": "100040432204793",
    "time": "02:02:17, 11/11/2025"
  },
  {
    "id": "61583420608426",
    "time": "01:25:13, 12/11/2025"
  },
  {
    "senderID": "61583420608426",
    "opt": {
      "name": null,
      "gio": "01:26:14",
      "ngay": "2025-11-12",
      "burh": "12/11/2025"
    }
  }
]