[
  {
    "senderID": "100000895922054",
    "opt": {
      "name": "Ng Van Hungg 🌸",
      "gio": "10:17:27",
      "ngay": "2025-11-7",
      "burh": "7/11/2025"
    }
  },
  {
    "senderID": "100073639420918",
    "opt": {
      "name": "Ng Van Hungg 💤",
      "gio": "10:17:31",
      "ngay": "2025-11-7",
      "burh": "7/11/2025"
    }
  },
  {
    "senderID": "61568176484099",
    "opt": {
      "name": "Nguyễn Việt Hoàng",
      "gio": "10:17:48",
      "ngay": "2025-11-7",
      "burh": "7/11/2025"
    }
  },
  {
    "senderID": "1631016269",
    "opt": {
      "name": "Phạm Minh Đồng",
      "gio": "10:18:38",
      "ngay": "2025-11-7",
      "burh": "7/11/2025"
    }
  },
  {
    "senderID": "100085636317402",
    "opt": {
      "name": "Nguyễn Ngọc Linh",
      "gio": "10:19:06",
      "ngay": "2025-11-7",
      "burh": "7/11/2025"
    }
  },
  {
    "senderID": "100040761302134",
    "opt": {
      "name": "Minh  Đức 󱢏",
      "gio": "10:19:34",
      "ngay": "2025-11-7",
      "burh": "7/11/2025"
    }
  },
  {
    "senderID": "502275138",
    "opt": {
      "name": "Phạm Minh Đồng",
      "gio": "10:21:54",
      "ngay": "2025-11-7",
      "burh": "7/11/2025"
    }
  },
  {
    "senderID": "100063600331393",
    "opt": {
      "name": "Thanh Loc",
      "gio": "10:25:09",
      "ngay": "2025-11-7",
      "burh": "7/11/2025"
    }
  },
  {
    "senderID": "100076027984181",
    "opt": {
      "name": "Tan Phatt",
      "gio": "10:31:02",
      "ngay": "2025-11-7",
      "burh": "7/11/2025"
    }
  },
  {
    "senderID": "509484270",
    "opt": {
      "name": "Van Tuan",
      "gio": "10:31:51",
      "ngay": "2025-11-7",
      "burh": "7/11/2025"
    }
  },
  {
    "senderID": "61578016813838",
    "opt": {
      "name": "Meo Meo",
      "gio": "10:31:52",
      "ngay": "2025-11-7",
      "burh": "7/11/2025"
    }
  },
  {
    "senderID": "100090458979503",
    "opt": {
      "name": "🌸🎧💙👾 Tuan Khanh 🎶🌙✨💤",
      "gio": "11:28:33",
      "ngay": "2025-11-7",
      "burh": "7/11/2025"
    }
  },
  {
    "senderID": "100015647791389",
    "opt": {
      "name": "Nguyễn Lê Quốc Huy",
      "gio": "11:30:23",
      "ngay": "2025-11-7",
      "burh": "7/11/2025"
    }
  },
  {
    "senderID": "100048031278514",
    "opt": {
      "name": "Hoàng Quang Tường",
      "gio": "11:54:03",
      "ngay": "2025-11-7",
      "burh": "7/11/2025"
    }
  },
  {
    "senderID": "100038946913086",
    "opt": {
      "name": "Nguyễn Thành Đạt",
      "gio": "12:02:11",
      "ngay": "2025-11-7",
      "burh": "7/11/2025"
    }
  },
  {
    "senderID": "100000493975005",
    "opt": {
      "name": "Nguyễn Đinh Tiến Dũng",
      "gio": "12:47:59",
      "ngay": "2025-11-7",
      "burh": "7/11/2025"
    }
  },
  {
    "senderID": "651647356",
    "opt": {
      "name": "Nguyễn Thanh Tuấn",
      "gio": "13:06:46",
      "ngay": "2025-11-7",
      "burh": "7/11/2025"
    }
  },
  {
    "senderID": "100063902783933",
    "opt": {
      "name": "Nguyễn Đức Tài",
      "gio": "15:21:52",
      "ngay": "2025-11-7",
      "burh": "7/11/2025"
    }
  },
  {
    "senderID": "100072451285668",
    "opt": {
      "name": "Ng Văn Chiến",
      "gio": "16:34:30",
      "ngay": "2025-11-7",
      "burh": "7/11/2025"
    }
  },
  {
    "senderID": "100037211391552",
    "opt": {
      "name": "Heo Rừng",
      "gio": "16:49:36",
      "ngay": "2025-11-7",
      "burh": "7/11/2025"
    }
  },
  {
    "senderID": "61566955395494",
    "opt": {
      "name": "Cẩm Giang",
      "gio": "16:49:59",
      "ngay": "2025-11-7",
      "burh": "7/11/2025"
    }
  },
  {
    "senderID": "511411909",
    "opt": {
      "name": "Đỗ Văn Hậu",
      "gio": "17:04:44",
      "ngay": "2025-11-7",
      "burh": "7/11/2025"
    }
  },
  {
    "senderID": "61573986054035",
    "opt": {
      "name": "Bạch Hoàng Chí Tôn",
      "gio": "17:33:22",
      "ngay": "2025-11-7",
      "burh": "7/11/2025"
    }
  },
  {
    "senderID": "61577796624522",
    "opt": {
      "name": "Anhh Tú",
      "gio": "17:33:48",
      "ngay": "2025-11-7",
      "burh": "7/11/2025"
    }
  },
  {
    "senderID": "100081730332704",
    "opt": {
      "name": "Hoàng Quỳnh",
      "gio": "17:47:17",
      "ngay": "2025-11-7",
      "burh": "7/11/2025"
    }
  },
  {
    "senderID": "61572932460004",
    "opt": {
      "name": null,
      "gio": "17:47:59",
      "ngay": "2025-11-7",
      "burh": "7/11/2025"
    }
  },
  {
    "senderID": "61556655984912",
    "opt": {
      "name": "Lưu Hồng",
      "gio": "17:52:40",
      "ngay": "2025-11-7",
      "burh": "7/11/2025"
    }
  },
  {
    "senderID": "100037140780211",
    "opt": {
      "name": "𝔻𝕠 𝔸𝕟𝕙 𝔻𝕦𝕪 :) ②⓪⓪⑤",
      "gio": "17:55:26",
      "ngay": "2025-11-7",
      "burh": "7/11/2025"
    }
  },
  {
    "senderID": "100009801367183",
    "opt": {
      "name": "Quyết Hoàng",
      "gio": "18:01:45",
      "ngay": "2025-11-7",
      "burh": "7/11/2025"
    }
  },
  {
    "senderID": "1640299546",
    "opt": {
      "name": "Dris Mhb",
      "gio": "18:07:43",
      "ngay": "2025-11-7",
      "burh": "7/11/2025"
    }
  },
  {
    "senderID": "100015708247902",
    "opt": {
      "name": "Lê Tuấn Vỹ",
      "gio": "18:11:21",
      "ngay": "2025-11-7",
      "burh": "7/11/2025"
    }
  },
  {
    "senderID": "61558219527956",
    "opt": {
      "name": "Hải Yến",
      "gio": "18:13:20",
      "ngay": "2025-11-7",
      "burh": "7/11/2025"
    }
  },
  {
    "senderID": "61555809030974",
    "opt": {
      "name": "Hoàng Quyết Tiến",
      "gio": "19:48:35",
      "ngay": "2025-11-7",
      "burh": "7/11/2025"
    }
  },
  {
    "senderID": "61572135665820",
    "opt": {
      "name": "Anh Kiet",
      "gio": "19:49:27",
      "ngay": "2025-11-7",
      "burh": "7/11/2025"
    }
  },
  {
    "senderID": "61580513413020",
    "opt": {
      "name": "Hoang Quan",
      "gio": "19:58:59",
      "ngay": "2025-11-7",
      "burh": "7/11/2025"
    }
  },
  {
    "senderID": "61575034471403",
    "opt": {
      "name": "👑  Ng Huy  🐙🧸💤",
      "gio": "20:22:42",
      "ngay": "2025-11-7",
      "burh": "7/11/2025"
    }
  },
  {
    "senderID": "100076708880515",
    "opt": {
      "name": "Đào Duy Phát",
      "gio": "21:03:18",
      "ngay": "2025-11-7",
      "burh": "7/11/2025"
    }
  },
  {
    "senderID": "1535220001",
    "opt": {
      "name": "Nguyễn Thiện Nhân",
      "gio": "21:04:11",
      "ngay": "2025-11-7",
      "burh": "7/11/2025"
    }
  },
  {
    "senderID": "100038027234904",
    "opt": {
      "name": "Nguyễn Đạt",
      "gio": "21:20:12",
      "ngay": "2025-11-7",
      "burh": "7/11/2025"
    }
  },
  {
    "senderID": "100092742547112",
    "opt": {
      "name": "Nguyễn Ngọc Tiến",
      "gio": "22:44:38",
      "ngay": "2025-11-7",
      "burh": "7/11/2025"
    }
  },
  {
    "senderID": "61554620715942",
    "opt": {
      "name": "Dang Danh",
      "gio": "23:05:04",
      "ngay": "2025-11-7",
      "burh": "7/11/2025"
    }
  },
  {
    "senderID": "100006741249946",
    "opt": {
      "name": "Nguyễn Đức Phúc",
      "gio": "23:30:25",
      "ngay": "2025-11-7",
      "burh": "7/11/2025"
    }
  },
  {
    "senderID": "100014260212229",
    "opt": {
      "name": "Lê Thu Thủy",
      "gio": "05:55:11",
      "ngay": "2025-11-8",
      "burh": "8/11/2025"
    }
  },
  {
    "senderID": "100004854283037",
    "opt": {
      "name": "Đến Đi Làmtổnthươngnhauđi",
      "gio": "15:37:28",
      "ngay": "2025-11-8",
      "burh": "8/11/2025"
    }
  },
  {
    "senderID": "61559676777397",
    "opt": {
      "name": "Khôi Sharks",
      "gio": "20:38:02",
      "ngay": "2025-11-8",
      "burh": "8/11/2025"
    }
  },
  {
    "senderID": "61557268024306",
    "opt": {
      "name": "Hoàng Minh Phong",
      "gio": "21:10:59",
      "ngay": "2025-11-8",
      "burh": "8/11/2025"
    }
  },
  {
    "senderID": "100080280230629",
    "opt": {
      "name": "Ngocc Tuann  🧸💤",
      "gio": "21:34:14",
      "ngay": "2025-11-8",
      "burh": "8/11/2025"
    }
  },
  {
    "id": "100067508386723",
    "time": "23:07:08, 09/11/2025"
  },
  {
    "id": "100038946913086",
    "time": "23:07:08, 09/11/2025"
  },
  {
    "id": "61579289000434",
    "time": "23:07:08, 09/11/2025"
  },
  {
    "id": "100060760636786",
    "time": "23:07:08, 09/11/2025"
  },
  {
    "id": "100073763480585",
    "time": "23:07:08, 09/11/2025"
  },
  {
    "id": "61578016813838",
    "time": "23:07:08, 09/11/2025"
  },
  {
    "id": "61558219527956",
    "time": "23:07:08, 09/11/2025"
  },
  {
    "id": "509484270",
    "time": "23:07:08, 09/11/2025"
  },
  {
    "id": "100072439105441",
    "time": "23:07:08, 09/11/2025"
  },
  {
    "id": "100040761302134",
    "time": "23:07:08, 09/11/2025"
  },
  {
    "id": "100076027984181",
    "time": "23:07:08, 09/11/2025"
  },
  {
    "id": "100067827494573",
    "time": "23:07:08, 09/11/2025"
  },
  {
    "id": "61573986054035",
    "time": "23:07:08, 09/11/2025"
  },
  {
    "id": "61572135665820",
    "time": "23:07:08, 09/11/2025"
  },
  {
    "id": "100037140780211",
    "time": "23:07:08, 09/11/2025"
  },
  {
    "id": "100085636317402",
    "time": "23:07:08, 09/11/2025"
  },
  {
    "id": "1535220001",
    "time": "23:07:08, 09/11/2025"
  },
  {
    "id": "502275138",
    "time": "23:07:08, 09/11/2025"
  },
  {
    "id": "100091738788586",
    "time": "23:07:08, 09/11/2025"
  },
  {
    "id": "100013353878512",
    "time": "23:07:08, 09/11/2025"
  },
  {
    "id": "100009801367183",
    "time": "23:07:08, 09/11/2025"
  },
  {
    "id": "100073639420918",
    "time": "23:07:08, 09/11/2025"
  },
  {
    "id": "100088020755008",
    "time": "23:07:08, 09/11/2025"
  },
  {
    "id": "100084424387341",
    "time": "23:07:08, 09/11/2025"
  },
  {
    "id": "61566955395494",
    "time": "23:07:08, 09/11/2025"
  },
  {
    "id": "100015899945736",
    "time": "23:07:08, 09/11/2025"
  },
  {
    "id": "61557268024306",
    "time": "23:07:08, 09/11/2025"
  },
  {
    "id": "100015647791389",
    "time": "23:07:08, 09/11/2025"
  },
  {
    "id": "100081730332704",
    "time": "23:07:08, 09/11/2025"
  },
  {
    "id": "100015708247902",
    "time": "23:07:08, 09/11/2025"
  },
  {
    "id": "61575034471403",
    "time": "23:07:08, 09/11/2025"
  },
  {
    "id": "61568176484099",
    "time": "23:07:08, 09/11/2025"
  },
  {
    "id": "100004854283037",
    "time": "23:07:08, 09/11/2025"
  },
  {
    "id": "100085850988039",
    "time": "23:07:08, 09/11/2025"
  },
  {
    "id": "100060687103752",
    "time": "23:07:08, 09/11/2025"
  },
  {
    "id": "100048031278514",
    "time": "23:07:08, 09/11/2025"
  },
  {
    "id": "100080280230629",
    "time": "23:07:08, 09/11/2025"
  },
  {
    "id": "61563899065241",
    "time": "23:07:08, 09/11/2025"
  },
  {
    "id": "61556131035355",
    "time": "23:07:08, 09/11/2025"
  },
  {
    "id": "100000493975005",
    "time": "23:07:08, 09/11/2025"
  },
  {
    "id": "100047152010637",
    "time": "23:07:08, 09/11/2025"
  },
  {
    "id": "100072451285668",
    "time": "23:07:08, 09/11/2025"
  },
  {
    "id": "100050305603483",
    "time": "23:07:08, 09/11/2025"
  },
  {
    "id": "100016757713599",
    "time": "23:07:08, 09/11/2025"
  },
  {
    "id": "100076708880515",
    "time": "23:07:08, 09/11/2025"
  },
  {
    "id": "100069864945865",
    "time": "23:07:08, 09/11/2025"
  },
  {
    "id": "100054884351496",
    "time": "23:07:08, 09/11/2025"
  },
  {
    "id": "100063902783933",
    "time": "23:07:08, 09/11/2025"
  },
  {
    "id": "1631016269",
    "time": "23:07:08, 09/11/2025"
  },
  {
    "id": "511411909",
    "time": "23:07:08, 09/11/2025"
  },
  {
    "id": "100008041000761",
    "time": "23:07:08, 09/11/2025"
  },
  {
    "id": "100052881883328",
    "time": "23:07:08, 09/11/2025"
  },
  {
    "id": "61581809016609",
    "time": "23:07:08, 09/11/2025"
  },
  {
    "id": "61555809030974",
    "time": "23:07:08, 09/11/2025"
  },
  {
    "id": "61580513413020",
    "time": "23:07:08, 09/11/2025"
  },
  {
    "id": "100063600331393",
    "time": "23:07:08, 09/11/2025"
  },
  {
    "id": "651647356",
    "time": "23:07:08, 09/11/2025"
  },
  {
    "id": "100090458979503",
    "time": "23:07:08, 09/11/2025"
  },
  {
    "id": "61573843093786",
    "time": "23:07:08, 09/11/2025"
  },
  {
    "id": "100006741249946",
    "time": "23:07:08, 09/11/2025"
  },
  {
    "id": "61575838616054",
    "time": "23:07:08, 09/11/2025"
  },
  {
    "id": "100091667680125",
    "time": "23:07:08, 09/11/2025"
  },
  {
    "id": "100077870917015",
    "time": "23:07:08, 09/11/2025"
  },
  {
    "id": "100037211391552",
    "time": "23:07:08, 09/11/2025"
  },
  {
    "id": "61570806993271",
    "time": "23:07:08, 09/11/2025"
  },
  {
    "id": "100090472284363",
    "time": "23:07:08, 09/11/2025"
  },
  {
    "id": "61576827791297",
    "time": "23:07:08, 09/11/2025"
  },
  {
    "id": "100046456190161",
    "time": "23:07:08, 09/11/2025"
  },
  {
    "id": "100038027234904",
    "time": "23:07:08, 09/11/2025"
  },
  {
    "id": "100029904845642",
    "time": "23:07:08, 09/11/2025"
  },
  {
    "id": "1640299546",
    "time": "23:07:08, 09/11/2025"
  },
  {
    "id": "100092742547112",
    "time": "23:07:08, 09/11/2025"
  },
  {
    "id": "100071132537313",
    "time": "23:07:08, 09/11/2025"
  },
  {
    "id": "61556655984912",
    "time": "23:07:08, 09/11/2025"
  },
  {
    "id": "61554620715942",
    "time": "23:07:08, 09/11/2025"
  },
  {
    "id": "1331809870",
    "time": "23:07:08, 09/11/2025"
  },
  {
    "id": "61559676777397",
    "time": "23:07:08, 09/11/2025"
  },
  {
    "id": "61567780432797",
    "time": "23:07:08, 09/11/2025"
  },
  {
    "id": "100000895922054",
    "time": "23:07:08, 09/11/2025"
  },
  {
    "id": "61583593465139",
    "time": "23:07:08, 09/11/2025"
  },
  {
    "id": "100090787034843",
    "time": "23:07:08, 09/11/2025"
  },
  {
    "id": "61583323330869",
    "time": "23:07:08, 09/11/2025"
  },
  {
    "id": "61550030184394",
    "time": "23:07:08, 09/11/2025"
  },
  {
    "senderID": "61550030184394",
    "opt": {
      "name": "️️️️️️️️️️️️️️️️️️️️️️️️️️️️️️️️️️️️️️️️️️️️️️️️️️️️️️️️️️️️️️️️️️️️️️️️️️️️️️️️️️️️️️️️️️️️️️️️️️️️️️️️️️️️️️️️️️️️️️️️️️️️️️️️️️️️️️️️️️️️️️️️️️️️️️️️️️️️️️️️️️️️️️️️️️ ",
      "gio": "23:07:09",
      "ngay": "2025-11-9",
      "burh": "9/11/2025"
    }
  },
  {
    "senderID": "61570806993271",
    "opt": {
      "name": "Minh Thaii",
      "gio": "23:07:18",
      "ngay": "2025-11-9",
      "burh": "9/11/2025"
    }
  },
  {
    "senderID": "100090787034843",
    "opt": {
      "gio": "23:12:16",
      "ngay": "2025-11-9",
      "burh": "9/11/2025"
    }
  },
  {
    "senderID": "100090472284363",
    "opt": {
      "name": "Minh Thaii",
      "gio": "00:20:13",
      "ngay": "2025-11-10",
      "burh": "10/11/2025"
    }
  },
  {
    "senderID": "61583323330869",
    "opt": {
      "name": "Tu Ha",
      "gio": "11:27:55",
      "ngay": "2025-11-10",
      "burh": "10/11/2025"
    }
  },
  {
    "senderID": "100084424387341",
    "opt": {
      "name": "Lê Bá Bách",
      "gio": "11:30:58",
      "ngay": "2025-11-10",
      "burh": "10/11/2025"
    }
  },
  {
    "id": "100090983800496",
    "time": "11:36:06, 10/11/2025"
  },
  {
    "senderID": "100090983800496",
    "opt": {
      "name": "Hoàng Thế Bảo",
      "gio": "11:36:11",
      "ngay": "2025-11-10",
      "burh": "10/11/2025"
    }
  },
  {
    "senderID": "100069864945865",
    "opt": {
      "name": "Đặng Văn Lịnh",
      "gio": "18:48:02",
      "ngay": "2025-11-10",
      "burh": "10/11/2025"
    }
  },
  {
    "senderID": "100067827494573",
    "opt": {
      "name": "Minh Truong",
      "gio": "21:03:08",
      "ngay": "2025-11-10",
      "burh": "10/11/2025"
    }
  },
  {
    "id": "100075355876941",
    "time": "21:17:19, 10/11/2025"
  },
  {
    "senderID": "100075355876941",
    "opt": {
      "name": null,
      "gio": "21:18:40",
      "ngay": "2025-11-10",
      "burh": "10/11/2025"
    }
  },
  {
    "id": "61562700164208",
    "time": "00:25:11, 11/11/2025"
  },
  {
    "senderID": "61562700164208",
    "opt": {
      "name": "Shí Kalz",
      "gio": "00:42:25",
      "ngay": "2025-11-11",
      "burh": "11/11/2025"
    }
  },
  {
    "senderID": "100013353878512",
    "opt": {
      "name": "Vũ Ngọc Quang Huy",
      "gio": "23:01:42",
      "ngay": "2025-11-11",
      "burh": "11/11/2025"
    }
  },
  {
    "senderID": "100015899945736",
    "opt": {
      "name": "Đình Đức Huy",
      "gio": "23:13:26",
      "ngay": "2025-11-11",
      "burh": "11/11/2025"
    }
  },
  {
    "senderID": "61573843093786",
    "opt": {
      "name": "Đặng Trà My",
      "gio": "06:30:33",
      "ngay": "2025-11-12",
      "burh": "12/11/2025"
    }
  },
  {
    "id": "100050068740641",
    "time": "10:08:15, 12/11/2025"
  },
  {
    "id": "100073340743760",
    "time": "12:34:38, 12/11/2025"
  },
  {
    "senderID": "100073340743760",
    "opt": {
      "name": null,
      "gio": "12:34:52",
      "ngay": "2025-11-12",
      "burh": "12/11/2025"
    }
  }
]