[
  {
    "senderID": "100087035292540",
    "opt": {
      "name": "Phạm Thảo🐇",
      "gio": "16:46:39",
      "ngay": "2025-11-5",
      "burh": "5/11/2025"
    }
  },
  {
    "senderID": "100048091841728",
    "opt": {
      "name": "Trần Nam Khánh",
      "gio": "17:28:19",
      "ngay": "2025-11-5",
      "burh": "5/11/2025"
    }
  },
  {
    "senderID": "100082308722552",
    "opt": {
      "name": "Quốc Thọ",
      "gio": "17:53:03",
      "ngay": "2025-11-5",
      "burh": "5/11/2025"
    }
  },
  {
    "senderID": "61557247957135",
    "opt": {
      "name": "Gà Rán Chiên Giòn",
      "gio": "18:41:07",
      "ngay": "2025-11-5",
      "burh": "5/11/2025"
    }
  },
  {
    "senderID": "61562256632423",
    "opt": {
      "name": "Vu Le Minh Hieu",
      "gio": "20:21:34",
      "ngay": "2025-11-5",
      "burh": "5/11/2025"
    }
  },
  {
    "senderID": "100070280300269",
    "opt": {
      "name": "Nguyễn Cá",
      "gio": "20:35:23",
      "ngay": "2025-11-5",
      "burh": "5/11/2025"
    }
  },
  {
    "senderID": "100077701390678",
    "opt": {
      "name": "Yeii Nhie",
      "gio": "20:43:19",
      "ngay": "2025-11-5",
      "burh": "5/11/2025"
    }
  },
  {
    "senderID": "100086108280688",
    "opt": {
      "name": "Thái Bá Trọng",
      "gio": "20:44:27",
      "ngay": "2025-11-5",
      "burh": "5/11/2025"
    }
  },
  {
    "senderID": "100093924927366",
    "opt": {
      "name": "Phong Đinh",
      "gio": "20:46:45",
      "ngay": "2025-11-5",
      "burh": "5/11/2025"
    }
  },
  {
    "senderID": "100085607483096",
    "opt": {
      "name": "Mai Anh",
      "gio": "21:19:01",
      "ngay": "2025-11-5",
      "burh": "5/11/2025"
    }
  },
  {
    "senderID": "61554038017892",
    "opt": {
      "name": "Minh Ddawng",
      "gio": "21:56:53",
      "ngay": "2025-11-5",
      "burh": "5/11/2025"
    }
  },
  {
    "senderID": "100054892668998",
    "opt": {
      "name": "Khanh Phuong",
      "gio": "22:40:54",
      "ngay": "2025-11-5",
      "burh": "5/11/2025"
    }
  },
  {
    "senderID": "100000895922054",
    "opt": {
      "name": "Ng Van Hungg 🌸",
      "gio": "22:40:57",
      "ngay": "2025-11-5",
      "burh": "5/11/2025"
    }
  },
  {
    "senderID": "61557157391070",
    "opt": {
      "name": "Ph Hai Anh",
      "gio": "12:53:44",
      "ngay": "2025-11-6",
      "burh": "6/11/2025"
    }
  },
  {
    "senderID": "61555472326397",
    "opt": {
      "name": "Truc Linhh",
      "gio": "01:35:54",
      "ngay": "2025-11-7",
      "burh": "7/11/2025"
    }
  },
  {
    "senderID": "100074996724205",
    "opt": {
      "name": "Hưng Trần",
      "gio": "20:55:10",
      "ngay": "2025-11-7",
      "burh": "7/11/2025"
    }
  },
  {
    "senderID": "100091546088288",
    "opt": {
      "name": "Nguyễn Vũ Minh Anh",
      "gio": "21:00:12",
      "ngay": "2025-11-7",
      "burh": "7/11/2025"
    }
  },
  {
    "senderID": "61551943685646",
    "opt": {
      "name": "Đặng Nhật Minh",
      "gio": "22:03:54",
      "ngay": "2025-11-7",
      "burh": "7/11/2025"
    }
  },
  {
    "senderID": "100095215464809",
    "opt": {
      "name": "Dương Bảo",
      "gio": "22:04:16",
      "ngay": "2025-11-7",
      "burh": "7/11/2025"
    }
  },
  {
    "senderID": "100070182486318",
    "opt": {
      "name": "Tuệ Nhi",
      "gio": "21:45:53",
      "ngay": "2025-11-8",
      "burh": "8/11/2025"
    }
  },
  {
    "senderID": "61550030184394",
    "opt": {
      "name": "️️️️️️️️️️️️️️️️️️️️️️️️️️️️️️️️️️️️️️️️️️️️️️️️️️️️️️️️️️️️️️️️️️️️️️️️️️️️️️️️️️️️️️️️️️️️️️️️️️️️️️️️️️️️️️️️️️️️️️️️️️️️️️️️️️️️️️️️️️️️️️️️️️️️️️️️️️️️️️️️️️️️️️️️️️ ",
      "gio": "00:00:14",
      "ngay": "2025-11-9",
      "burh": "9/11/2025"
    }
  },
  {
    "id": "100077701390678",
    "time": "17:21:36, 09/11/2025"
  },
  {
    "id": "61570151165872",
    "time": "17:21:36, 09/11/2025"
  },
  {
    "id": "100054892668998",
    "time": "17:21:36, 09/11/2025"
  },
  {
    "id": "100055602692785",
    "time": "17:21:36, 09/11/2025"
  },
  {
    "id": "100048754506008",
    "time": "17:21:36, 09/11/2025"
  },
  {
    "id": "100088851920004",
    "time": "17:21:36, 09/11/2025"
  },
  {
    "id": "100093254420046",
    "time": "17:21:36, 09/11/2025"
  },
  {
    "id": "100010815753018",
    "time": "17:21:36, 09/11/2025"
  },
  {
    "id": "717086408",
    "time": "17:21:36, 09/11/2025"
  },
  {
    "id": "61562657715888",
    "time": "17:21:36, 09/11/2025"
  },
  {
    "id": "61554840782389",
    "time": "17:21:36, 09/11/2025"
  },
  {
    "id": "100024639404495",
    "time": "17:21:36, 09/11/2025"
  },
  {
    "id": "100001830738561",
    "time": "17:21:36, 09/11/2025"
  },
  {
    "id": "100086108280688",
    "time": "17:21:36, 09/11/2025"
  },
  {
    "id": "100051594726817",
    "time": "17:21:36, 09/11/2025"
  },
  {
    "id": "100069192865733",
    "time": "17:21:36, 09/11/2025"
  },
  {
    "id": "61578971607160",
    "time": "17:21:36, 09/11/2025"
  },
  {
    "id": "100070280300269",
    "time": "17:21:36, 09/11/2025"
  },
  {
    "id": "100087060211940",
    "time": "17:21:36, 09/11/2025"
  },
  {
    "id": "61555472326397",
    "time": "17:21:36, 09/11/2025"
  },
  {
    "id": "61554506773040",
    "time": "17:21:36, 09/11/2025"
  },
  {
    "id": "100074996724205",
    "time": "17:21:36, 09/11/2025"
  },
  {
    "id": "61561314154950",
    "time": "17:21:36, 09/11/2025"
  },
  {
    "id": "61573683645275",
    "time": "17:21:36, 09/11/2025"
  },
  {
    "id": "61550275294603",
    "time": "17:21:36, 09/11/2025"
  },
  {
    "id": "61554038017892",
    "time": "17:21:36, 09/11/2025"
  },
  {
    "id": "61560299280947",
    "time": "17:21:36, 09/11/2025"
  },
  {
    "id": "100091546088288",
    "time": "17:21:36, 09/11/2025"
  },
  {
    "id": "100075396121822",
    "time": "17:21:36, 09/11/2025"
  },
  {
    "id": "100072978924690",
    "time": "17:21:36, 09/11/2025"
  },
  {
    "id": "61553866546852",
    "time": "17:21:36, 09/11/2025"
  },
  {
    "id": "61551368291552",
    "time": "17:21:36, 09/11/2025"
  },
  {
    "id": "100075237111310",
    "time": "17:21:36, 09/11/2025"
  },
  {
    "id": "61561605964211",
    "time": "17:21:36, 09/11/2025"
  },
  {
    "id": "100094507777311",
    "time": "17:21:36, 09/11/2025"
  },
  {
    "id": "100077460785682",
    "time": "17:21:36, 09/11/2025"
  },
  {
    "id": "61551943685646",
    "time": "17:21:36, 09/11/2025"
  },
  {
    "id": "100086227358251",
    "time": "17:21:36, 09/11/2025"
  },
  {
    "id": "100049574109160",
    "time": "17:21:36, 09/11/2025"
  },
  {
    "id": "61562547440770",
    "time": "17:21:36, 09/11/2025"
  },
  {
    "id": "100080756823646",
    "time": "17:21:36, 09/11/2025"
  },
  {
    "id": "100093852656737",
    "time": "17:21:36, 09/11/2025"
  },
  {
    "id": "61554126548305",
    "time": "17:21:36, 09/11/2025"
  },
  {
    "id": "100074686485074",
    "time": "17:21:36, 09/11/2025"
  },
  {
    "id": "100077726531638",
    "time": "17:21:36, 09/11/2025"
  },
  {
    "id": "61577578027491",
    "time": "17:21:36, 09/11/2025"
  },
  {
    "id": "100087035292540",
    "time": "17:21:36, 09/11/2025"
  },
  {
    "id": "100078127434954",
    "time": "17:21:36, 09/11/2025"
  },
  {
    "id": "100029208901267",
    "time": "17:21:36, 09/11/2025"
  },
  {
    "id": "100083063205290",
    "time": "17:21:36, 09/11/2025"
  },
  {
    "id": "61553609126315",
    "time": "17:21:36, 09/11/2025"
  },
  {
    "id": "100089314234931",
    "time": "17:21:36, 09/11/2025"
  },
  {
    "id": "100027774074214",
    "time": "17:21:36, 09/11/2025"
  },
  {
    "id": "100094198966625",
    "time": "17:21:36, 09/11/2025"
  },
  {
    "id": "100076739616779",
    "time": "17:21:36, 09/11/2025"
  },
  {
    "id": "100037558911864",
    "time": "17:21:36, 09/11/2025"
  },
  {
    "id": "100084059730401",
    "time": "17:21:36, 09/11/2025"
  },
  {
    "id": "100089067032540",
    "time": "17:21:36, 09/11/2025"
  },
  {
    "id": "100024337867419",
    "time": "17:21:36, 09/11/2025"
  },
  {
    "id": "100018432901641",
    "time": "17:21:36, 09/11/2025"
  },
  {
    "id": "61579425855481",
    "time": "17:21:36, 09/11/2025"
  },
  {
    "id": "100077678439337",
    "time": "17:21:36, 09/11/2025"
  },
  {
    "id": "61579954137641",
    "time": "17:21:36, 09/11/2025"
  },
  {
    "id": "61551571015945",
    "time": "17:21:36, 09/11/2025"
  },
  {
    "id": "61573111466414",
    "time": "17:21:36, 09/11/2025"
  },
  {
    "id": "100040122007990",
    "time": "17:21:36, 09/11/2025"
  },
  {
    "id": "100087892020084",
    "time": "17:21:36, 09/11/2025"
  },
  {
    "id": "100082308722552",
    "time": "17:21:36, 09/11/2025"
  },
  {
    "id": "61550247366602",
    "time": "17:21:36, 09/11/2025"
  },
  {
    "id": "61579909144349",
    "time": "17:21:36, 09/11/2025"
  },
  {
    "id": "100047575034025",
    "time": "17:21:36, 09/11/2025"
  },
  {
    "id": "100077711535378",
    "time": "17:21:36, 09/11/2025"
  },
  {
    "id": "61554788927436",
    "time": "17:21:36, 09/11/2025"
  },
  {
    "id": "100095215464809",
    "time": "17:21:36, 09/11/2025"
  },
  {
    "id": "100093924927366",
    "time": "17:21:36, 09/11/2025"
  },
  {
    "id": "61572068517863",
    "time": "17:21:36, 09/11/2025"
  },
  {
    "id": "100068184314406",
    "time": "17:21:36, 09/11/2025"
  },
  {
    "id": "100073106223070",
    "time": "17:21:36, 09/11/2025"
  },
  {
    "id": "61573710722913",
    "time": "17:21:36, 09/11/2025"
  },
  {
    "id": "100039983387285",
    "time": "17:21:36, 09/11/2025"
  },
  {
    "id": "509484270",
    "time": "17:21:36, 09/11/2025"
  },
  {
    "id": "100068251404536",
    "time": "17:21:36, 09/11/2025"
  },
  {
    "id": "61562256632423",
    "time": "17:21:36, 09/11/2025"
  },
  {
    "id": "100060219338847",
    "time": "17:21:36, 09/11/2025"
  },
  {
    "id": "100092883666891",
    "time": "17:21:36, 09/11/2025"
  },
  {
    "id": "100048091841728",
    "time": "17:21:36, 09/11/2025"
  },
  {
    "id": "100014543896600",
    "time": "17:21:36, 09/11/2025"
  },
  {
    "id": "61572594921373",
    "time": "17:21:36, 09/11/2025"
  },
  {
    "id": "61563027657741",
    "time": "17:21:36, 09/11/2025"
  },
  {
    "id": "100072346549870",
    "time": "17:21:36, 09/11/2025"
  },
  {
    "id": "61557247957135",
    "time": "17:21:36, 09/11/2025"
  },
  {
    "id": "100080753275024",
    "time": "17:21:36, 09/11/2025"
  },
  {
    "id": "61573744746452",
    "time": "17:21:36, 09/11/2025"
  },
  {
    "id": "61557157391070",
    "time": "17:21:36, 09/11/2025"
  },
  {
    "id": "100085607483096",
    "time": "17:21:36, 09/11/2025"
  },
  {
    "id": "61561456492255",
    "time": "17:21:36, 09/11/2025"
  },
  {
    "id": "61550030184394",
    "time": "17:21:36, 09/11/2025"
  },
  {
    "id": "100000895922054",
    "time": "17:21:36, 09/11/2025"
  },
  {
    "id": "100070182486318",
    "time": "17:21:36, 09/11/2025"
  },
  {
    "senderID": "61560299280947",
    "opt": {
      "name": "Minh Nh",
      "gio": "19:20:59",
      "ngay": "2025-11-9",
      "burh": "9/11/2025"
    }
  },
  {
    "senderID": "61551368291552",
    "opt": {
      "name": "Sang Phan",
      "gio": "09:35:47",
      "ngay": "2025-11-11",
      "burh": "11/11/2025"
    }
  }
]