[
  {
    "senderID": "61562984680775",
    "opt": {
      "gio": "21:14:39",
      "ngay": "2025-11-11",
      "burh": "11/11/2025"
    }
  },
  {
    "senderID": "61550030184394",
    "opt": {
      "name": "️️️️️️️️️️️️️️️️️️️️️️️️️️️️️️️️️️️️️️️️️️️️️️️️️️️️️️️️️️️️️️️️️️️️️️️️️️️️️️️️️️️️️️️️️️️️️️️️️️️️️️️️️️️️️️️️️️️️️️️️️️️️️️️️️️️️️️️️️️️️️️️️️️️️️️️️️️️️️️️️️️️️️️️️️️ ",
      "gio": "21:56:55",
      "ngay": "2025-11-11",
      "burh": "11/11/2025"
    }
  },
  {
    "id": "100084812280050",
    "time": "22:03:52, 11/11/2025"
  },
  {
    "id": "61567778320131",
    "time": "22:03:52, 11/11/2025"
  },
  {
    "id": "100018199592606",
    "time": "22:03:52, 11/11/2025"
  },
  {
    "id": "100069515305883",
    "time": "22:03:52, 11/11/2025"
  },
  {
    "id": "100072251049478",
    "time": "22:03:52, 11/11/2025"
  },
  {
    "id": "61574858875413",
    "time": "22:03:52, 11/11/2025"
  },
  {
    "id": "100075647300439",
    "time": "22:03:52, 11/11/2025"
  },
  {
    "id": "100089159134527",
    "time": "22:03:52, 11/11/2025"
  },
  {
    "id": "100089619116156",
    "time": "22:03:52, 11/11/2025"
  },
  {
    "id": "100073738131025",
    "time": "22:03:52, 11/11/2025"
  },
  {
    "id": "61562984680775",
    "time": "22:03:52, 11/11/2025"
  },
  {
    "id": "100066480322509",
    "time": "22:03:52, 11/11/2025"
  },
  {
    "id": "100077366272669",
    "time": "22:03:52, 11/11/2025"
  },
  {
    "id": "100084864073077",
    "time": "22:03:52, 11/11/2025"
  },
  {
    "id": "100075392947587",
    "time": "22:03:52, 11/11/2025"
  },
  {
    "id": "100078417823456",
    "time": "22:03:52, 11/11/2025"
  },
  {
    "id": "61573795625473",
    "time": "22:03:52, 11/11/2025"
  },
  {
    "id": "100047164634073",
    "time": "22:03:52, 11/11/2025"
  },
  {
    "id": "61565554877256",
    "time": "22:03:52, 11/11/2025"
  },
  {
    "id": "100043728971095",
    "time": "22:03:52, 11/11/2025"
  },
  {
    "id": "100030923050376",
    "time": "22:03:52, 11/11/2025"
  },
  {
    "id": "61560494009519",
    "time": "22:03:52, 11/11/2025"
  },
  {
    "id": "100023419989795",
    "time": "22:03:52, 11/11/2025"
  },
  {
    "id": "100033627435865",
    "time": "22:03:52, 11/11/2025"
  },
  {
    "id": "61580444109284",
    "time": "22:03:52, 11/11/2025"
  },
  {
    "id": "61572118093955",
    "time": "22:03:52, 11/11/2025"
  },
  {
    "id": "61556131035355",
    "time": "22:03:52, 11/11/2025"
  },
  {
    "id": "100052170952735",
    "time": "22:03:52, 11/11/2025"
  },
  {
    "id": "100073639420918",
    "time": "22:03:52, 11/11/2025"
  },
  {
    "id": "100019008492949",
    "time": "22:03:52, 11/11/2025"
  },
  {
    "id": "100072717382753",
    "time": "22:03:52, 11/11/2025"
  },
  {
    "id": "100090128816013",
    "time": "22:03:52, 11/11/2025"
  },
  {
    "id": "100040703681132",
    "time": "22:03:52, 11/11/2025"
  },
  {
    "id": "100082284301839",
    "time": "22:03:52, 11/11/2025"
  },
  {
    "id": "61565665891110",
    "time": "22:03:52, 11/11/2025"
  },
  {
    "id": "100093857057114",
    "time": "22:03:52, 11/11/2025"
  },
  {
    "id": "100053941543319",
    "time": "22:03:52, 11/11/2025"
  },
  {
    "id": "61579709783245",
    "time": "22:03:52, 11/11/2025"
  },
  {
    "id": "651647356",
    "time": "22:03:52, 11/11/2025"
  },
  {
    "id": "61583173438472",
    "time": "22:03:52, 11/11/2025"
  },
  {
    "id": "100058586075292",
    "time": "22:03:52, 11/11/2025"
  },
  {
    "id": "100090879870630",
    "time": "22:03:52, 11/11/2025"
  },
  {
    "id": "100031485361906",
    "time": "22:03:52, 11/11/2025"
  },
  {
    "id": "100090756384453",
    "time": "22:03:52, 11/11/2025"
  },
  {
    "id": "61550030184394",
    "time": "22:03:52, 11/11/2025"
  },
  {
    "senderID": "100033627435865",
    "opt": {
      "gio": "22:03:52",
      "ngay": "2025-11-11",
      "burh": "11/11/2025"
    }
  },
  {
    "senderID": "100089619116156",
    "opt": {
      "name": "Cam Ly",
      "gio": "22:04:05",
      "ngay": "2025-11-11",
      "burh": "11/11/2025"
    }
  },
  {
    "senderID": "100075647300439",
    "opt": {
      "name": "宝石针",
      "gio": "22:17:10",
      "ngay": "2025-11-11",
      "burh": "11/11/2025"
    }
  },
  {
    "senderID": "100058586075292",
    "opt": {
      "name": "Lê Bảo",
      "gio": "22:22:51",
      "ngay": "2025-11-11",
      "burh": "11/11/2025"
    }
  },
  {
    "senderID": "651647356",
    "opt": {
      "name": "Nguyễn Thanh Tuấn",
      "gio": "23:00:23",
      "ngay": "2025-11-11",
      "burh": "11/11/2025"
    }
  },
  {
    "senderID": "100073639420918",
    "opt": {
      "name": "Ng Van Hungg 💤",
      "gio": "23:00:34",
      "ngay": "2025-11-11",
      "burh": "11/11/2025"
    }
  },
  {
    "senderID": "61573795625473",
    "opt": {
      "name": "Hena Islam",
      "gio": "23:12:31",
      "ngay": "2025-11-11",
      "burh": "11/11/2025"
    }
  },
  {
    "senderID": "100084812280050",
    "opt": {
      "name": "Tấn Phátt",
      "gio": "23:51:24",
      "ngay": "2025-11-11",
      "burh": "11/11/2025"
    }
  },
  {
    "senderID": "100031485361906",
    "opt": {
      "name": "Kieu Ngoc Minh Tu",
      "gio": "01:13:17",
      "ngay": "2025-11-12",
      "burh": "12/11/2025"
    }
  },
  {
    "senderID": "100082284301839",
    "opt": {
      "name": "Vũ Trung Kiên",
      "gio": "03:48:24",
      "ngay": "2025-11-12",
      "burh": "12/11/2025"
    }
  },
  {
    "senderID": "100052170952735",
    "opt": {
      "name": "Phạm Kiên",
      "gio": "10:26:49",
      "ngay": "2025-11-12",
      "burh": "12/11/2025"
    }
  },
  {
    "senderID": "100066480322509",
    "opt": {
      "name": "Dang Quang",
      "gio": "10:27:54",
      "ngay": "2025-11-12",
      "burh": "12/11/2025"
    }
  }
]