[
  {
    "senderID": "61566308827812",
    "opt": {
      "name": "Quynh Anh",
      "gio": "17:56:35",
      "ngay": "2025-11-5",
      "burh": "5/11/2025"
    }
  },
  {
    "senderID": "100076439942548",
    "opt": {
      "name": "Nguyen Mii",
      "gio": "17:57:30",
      "ngay": "2025-11-5",
      "burh": "5/11/2025"
    }
  },
  {
    "senderID": "100055200804952",
    "opt": {
      "name": "Khánh Phưnn",
      "gio": "17:57:45",
      "ngay": "2025-11-5",
      "burh": "5/11/2025"
    }
  },
  {
    "senderID": "100000895922054",
    "opt": {
      "name": "Ng Van Hungg 🌸",
      "gio": "17:58:41",
      "ngay": "2025-11-5",
      "burh": "5/11/2025"
    }
  },
  {
    "senderID": "100080478573796",
    "opt": {
      "name": "Đta Thư",
      "gio": "18:03:59",
      "ngay": "2025-11-5",
      "burh": "5/11/2025"
    }
  },
  {
    "senderID": "61577771002880",
    "opt": {
      "name": "Twl",
      "gio": "18:22:33",
      "ngay": "2025-11-5",
      "burh": "5/11/2025"
    }
  },
  {
    "senderID": "61558086952196",
    "opt": {
      "name": "Thuy Duong",
      "gio": "18:23:50",
      "ngay": "2025-11-5",
      "burh": "5/11/2025"
    }
  },
  {
    "senderID": "61554333460423",
    "opt": {
      "name": "Văn Hiếu",
      "gio": "18:23:57",
      "ngay": "2025-11-5",
      "burh": "5/11/2025"
    }
  },
  {
    "senderID": "100077578300783",
    "opt": {
      "name": "Nguyễn Bảo Uyên",
      "gio": "18:33:47",
      "ngay": "2025-11-5",
      "burh": "5/11/2025"
    }
  },
  {
    "senderID": "100083360793687",
    "opt": {
      "name": "Bảo Ngọc",
      "gio": "18:40:33",
      "ngay": "2025-11-5",
      "burh": "5/11/2025"
    }
  },
  {
    "senderID": "100074793253581",
    "opt": {
      "name": "Mỹ Linh",
      "gio": "18:42:14",
      "ngay": "2025-11-5",
      "burh": "5/11/2025"
    }
  },
  {
    "senderID": "100012567100165",
    "opt": {
      "name": "鐘協龍",
      "gio": "18:42:40",
      "ngay": "2025-11-5",
      "burh": "5/11/2025"
    }
  },
  {
    "senderID": "100080934447211",
    "opt": {
      "name": "Luân Triệu",
      "gio": "19:08:03",
      "ngay": "2025-11-5",
      "burh": "5/11/2025"
    }
  },
  {
    "senderID": "100032804160095",
    "opt": {
      "name": "Khánh Nhi",
      "gio": "19:09:22",
      "ngay": "2025-11-5",
      "burh": "5/11/2025"
    }
  },
  {
    "senderID": "100092577837276",
    "opt": {
      "name": "Ahn Ngocc",
      "gio": "21:30:27",
      "ngay": "2025-11-5",
      "burh": "5/11/2025"
    }
  },
  {
    "senderID": "100076398530832",
    "opt": {
      "name": "Khánh Vũ",
      "gio": "21:30:48",
      "ngay": "2025-11-5",
      "burh": "5/11/2025"
    }
  },
  {
    "senderID": "100065971290474",
    "opt": {
      "name": "Đức Hải",
      "gio": "21:31:33",
      "ngay": "2025-11-5",
      "burh": "5/11/2025"
    }
  },
  {
    "senderID": "100089927595610",
    "opt": {
      "name": "Lee Phuong Nghii",
      "gio": "21:32:16",
      "ngay": "2025-11-5",
      "burh": "5/11/2025"
    }
  },
  {
    "senderID": "61569176133290",
    "opt": {
      "name": null,
      "gio": "21:56:57",
      "ngay": "2025-11-5",
      "burh": "5/11/2025"
    }
  },
  {
    "senderID": "100073639420918",
    "opt": {
      "name": "Ng Van Hungg 💤",
      "gio": "22:19:17",
      "ngay": "2025-11-5",
      "burh": "5/11/2025"
    }
  },
  {
    "senderID": "61564337204930",
    "opt": {
      "name": "Quỳnh như",
      "gio": "22:29:56",
      "ngay": "2025-11-5",
      "burh": "5/11/2025"
    }
  },
  {
    "senderID": "61552671808160",
    "opt": {
      "name": "Ao Ngọc Bảo Trân",
      "gio": "05:51:52",
      "ngay": "2025-11-6",
      "burh": "6/11/2025"
    }
  },
  {
    "senderID": "100042562781411",
    "opt": {
      "name": "Hoàng Khắc Minh Đức",
      "gio": "07:34:14",
      "ngay": "2025-11-6",
      "burh": "6/11/2025"
    }
  },
  {
    "senderID": "61572845183357",
    "opt": {
      "name": "Nhu Nhi",
      "gio": "12:23:01",
      "ngay": "2025-11-6",
      "burh": "6/11/2025"
    }
  },
  {
    "senderID": "100085187695587",
    "opt": {
      "name": "Trần Hải",
      "gio": "13:34:28",
      "ngay": "2025-11-6",
      "burh": "6/11/2025"
    }
  },
  {
    "senderID": "100082690267302",
    "opt": {
      "name": "Quỳnh Như",
      "gio": "13:45:56",
      "ngay": "2025-11-6",
      "burh": "6/11/2025"
    }
  },
  {
    "senderID": "100064569491461",
    "opt": {
      "name": "Linh Nguyễn",
      "gio": "16:14:59",
      "ngay": "2025-11-6",
      "burh": "6/11/2025"
    }
  },
  {
    "senderID": "61556675632109",
    "opt": {
      "name": "Hàa Linhh",
      "gio": "17:06:32",
      "ngay": "2025-11-6",
      "burh": "6/11/2025"
    }
  },
  {
    "senderID": "100075852183101",
    "opt": {
      "name": "Nhi Nhi",
      "gio": "17:07:02",
      "ngay": "2025-11-6",
      "burh": "6/11/2025"
    }
  },
  {
    "senderID": "61561035106245",
    "opt": {
      "name": null,
      "gio": "17:08:09",
      "ngay": "2025-11-6",
      "burh": "6/11/2025"
    }
  },
  {
    "senderID": "61579637983673",
    "opt": {
      "name": "Trốn Trong Mây",
      "gio": "05:22:05",
      "ngay": "2025-11-7",
      "burh": "7/11/2025"
    }
  },
  {
    "senderID": "61562557643788",
    "opt": {
      "name": "Trần Hải",
      "gio": "13:52:01",
      "ngay": "2025-11-7",
      "burh": "7/11/2025"
    }
  },
  {
    "senderID": "61568704992723",
    "opt": {
      "name": "Phạm Anh Tho",
      "gio": "19:53:50",
      "ngay": "2025-11-7",
      "burh": "7/11/2025"
    }
  },
  {
    "senderID": "100084273351735",
    "opt": {
      "name": "Nhu Quynh",
      "gio": "20:19:35",
      "ngay": "2025-11-7",
      "burh": "7/11/2025"
    }
  },
  {
    "senderID": "100012101650144",
    "opt": {
      "name": "NgoAnh Thuw",
      "gio": "20:41:58",
      "ngay": "2025-11-8",
      "burh": "8/11/2025"
    }
  },
  {
    "senderID": "61554625593968",
    "opt": {
      "name": "Ai Là Tôi",
      "gio": "21:20:51",
      "ngay": "2025-11-8",
      "burh": "8/11/2025"
    }
  },
  {
    "id": "100074793253581",
    "time": "11:42:51, 10/11/2025"
  },
  {
    "id": "100083360793687",
    "time": "11:42:51, 10/11/2025"
  },
  {
    "id": "100077578300783",
    "time": "11:42:51, 10/11/2025"
  },
  {
    "id": "61566308827812",
    "time": "11:42:51, 10/11/2025"
  },
  {
    "id": "100095089472936",
    "time": "11:42:51, 10/11/2025"
  },
  {
    "id": "61556675632109",
    "time": "11:42:51, 10/11/2025"
  },
  {
    "id": "100012567100165",
    "time": "11:42:51, 10/11/2025"
  },
  {
    "id": "61577771002880",
    "time": "11:42:51, 10/11/2025"
  },
  {
    "id": "61554333460423",
    "time": "11:42:51, 10/11/2025"
  },
  {
    "id": "100006627135274",
    "time": "11:42:51, 10/11/2025"
  },
  {
    "id": "100084273351735",
    "time": "11:42:51, 10/11/2025"
  },
  {
    "id": "100082690267302",
    "time": "11:42:51, 10/11/2025"
  },
  {
    "id": "100073639420918",
    "time": "11:42:51, 10/11/2025"
  },
  {
    "id": "100042562781411",
    "time": "11:42:51, 10/11/2025"
  },
  {
    "id": "100093945367673",
    "time": "11:42:51, 10/11/2025"
  },
  {
    "id": "100064569491461",
    "time": "11:42:51, 10/11/2025"
  },
  {
    "id": "61558086952196",
    "time": "11:42:51, 10/11/2025"
  },
  {
    "id": "100000895922054",
    "time": "11:42:51, 10/11/2025"
  },
  {
    "id": "100052675614361",
    "time": "11:42:51, 10/11/2025"
  },
  {
    "id": "61573364614943",
    "time": "11:42:51, 10/11/2025"
  },
  {
    "id": "61558836885346",
    "time": "11:42:51, 10/11/2025"
  },
  {
    "id": "100032804160095",
    "time": "11:42:51, 10/11/2025"
  },
  {
    "id": "61579637983673",
    "time": "11:42:51, 10/11/2025"
  },
  {
    "id": "61578637457388",
    "time": "11:42:51, 10/11/2025"
  },
  {
    "id": "61556318980911",
    "time": "11:42:51, 10/11/2025"
  },
  {
    "id": "61564337204930",
    "time": "11:42:51, 10/11/2025"
  },
  {
    "id": "100074258280343",
    "time": "11:42:51, 10/11/2025"
  },
  {
    "id": "100076398530832",
    "time": "11:42:51, 10/11/2025"
  },
  {
    "id": "100092577837276",
    "time": "11:42:51, 10/11/2025"
  },
  {
    "id": "100084280966520",
    "time": "11:42:51, 10/11/2025"
  },
  {
    "id": "61572845183357",
    "time": "11:42:51, 10/11/2025"
  },
  {
    "id": "61565911637433",
    "time": "11:42:51, 10/11/2025"
  },
  {
    "id": "100054938991483",
    "time": "11:42:51, 10/11/2025"
  },
  {
    "id": "61569943750159",
    "time": "11:42:51, 10/11/2025"
  },
  {
    "id": "61568704992723",
    "time": "11:42:51, 10/11/2025"
  },
  {
    "id": "61577020003565",
    "time": "11:42:51, 10/11/2025"
  },
  {
    "id": "61565784304902",
    "time": "11:42:51, 10/11/2025"
  },
  {
    "id": "100075852183101",
    "time": "11:42:51, 10/11/2025"
  },
  {
    "id": "100080934447211",
    "time": "11:42:51, 10/11/2025"
  },
  {
    "id": "61562557643788",
    "time": "11:42:51, 10/11/2025"
  },
  {
    "id": "100080478573796",
    "time": "11:42:51, 10/11/2025"
  },
  {
    "id": "100065971290474",
    "time": "11:42:51, 10/11/2025"
  },
  {
    "id": "61569176133290",
    "time": "11:42:51, 10/11/2025"
  },
  {
    "id": "100085187695587",
    "time": "11:42:51, 10/11/2025"
  },
  {
    "id": "61561035106245",
    "time": "11:42:51, 10/11/2025"
  },
  {
    "id": "100055200804952",
    "time": "11:42:51, 10/11/2025"
  },
  {
    "id": "100076439942548",
    "time": "11:42:51, 10/11/2025"
  },
  {
    "id": "61550735367845",
    "time": "11:42:51, 10/11/2025"
  },
  {
    "id": "61550030184394",
    "time": "11:42:51, 10/11/2025"
  },
  {
    "senderID": "61550030184394",
    "opt": {
      "name": "️️️️️️️️️️️️️️️️️️️️️️️️️️️️️️️️️️️️️️️️️️️️️️️️️️️️️️️️️️️️️️️️️️️️️️️️️️️️️️️️️️️️️️️️️️️️️️️️️️️️️️️️️️️️️️️️️️️️️️️️️️️️️️️️️️️️️️️️️️️️️️️️️️️️️️️️️️️️️️️️️️️️️️️️️️ ",
      "gio": "11:42:51",
      "ngay": "2025-11-10",
      "burh": "10/11/2025"
    }
  },
  {
    "id": "100090341207203",
    "time": "20:25:15, 10/11/2025"
  },
  {
    "senderID": "100090341207203",
    "opt": {
      "name": null,
      "gio": "20:25:49",
      "ngay": "2025-11-10",
      "burh": "10/11/2025"
    }
  },
  {
    "id": "61572291822089",
    "time": "20:32:44, 10/11/2025"
  },
  {
    "id": "61572573494255",
    "time": "20:43:34, 10/11/2025"
  },
  {
    "senderID": "61572573494255",
    "opt": {
      "name": null,
      "gio": "20:46:12",
      "ngay": "2025-11-10",
      "burh": "10/11/2025"
    }
  },
  {
    "senderID": "61550735367845",
    "opt": {
      "name": "Trâm Phan",
      "gio": "06:03:27",
      "ngay": "2025-11-11",
      "burh": "11/11/2025"
    }
  },
  {
    "senderID": "100095089472936",
    "opt": {
      "name": "Ngoc Han",
      "gio": "08:56:54",
      "ngay": "2025-11-12",
      "burh": "12/11/2025"
    }
  }
]