[
  {
    "senderID": "61577983187575",
    "opt": {
      "name": "Xuân Hương Mai",
      "gio": "17:27:13",
      "ngay": "2025-11-5",
      "burh": "5/11/2025"
    }
  },
  {
    "senderID": "61574133693968",
    "opt": {
      "name": "はただ いづみ",
      "gio": "17:28:05",
      "ngay": "2025-11-5",
      "burh": "5/11/2025"
    }
  },
  {
    "senderID": "61582273912090",
    "opt": {
      "name": "Khanh Dang",
      "gio": "17:53:27",
      "ngay": "2025-11-5",
      "burh": "5/11/2025"
    }
  },
  {
    "senderID": "100067508386723",
    "opt": {
      "name": "Phạm Hữu Tài",
      "gio": "18:48:18",
      "ngay": "2025-11-5",
      "burh": "5/11/2025"
    }
  },
  {
    "senderID": "100085636317402",
    "opt": {
      "name": "Nguyễn Ngọc Linh",
      "gio": "18:48:35",
      "ngay": "2025-11-5",
      "burh": "5/11/2025"
    }
  },
  {
    "senderID": "100092364073953",
    "opt": {
      "name": "️️️️️️️️️️️️️️️️️️️️️️️️️️️️️️️️️️️️️️️️️️️️️️️️️️️️️️️️️️️️️️️️️️️️️️️️️️️️️️️️️️️️️️️️️️️️️️️️️️️️️️️️️️️️️️️️️️️️️️️️️️️️️️️️️️️️️️️️️️️️️️️️️️️️️️️️️️️️️️️️️️️️️️️️️️",
      "gio": "18:48:37",
      "ngay": "2025-11-5",
      "burh": "5/11/2025"
    }
  },
  {
    "senderID": "100067827494573",
    "opt": {
      "name": "Minh Truong",
      "gio": "19:15:53",
      "ngay": "2025-11-5",
      "burh": "5/11/2025"
    }
  },
  {
    "senderID": "61580653875929",
    "opt": {
      "name": "Bat",
      "gio": "19:19:36",
      "ngay": "2025-11-5",
      "burh": "5/11/2025"
    }
  },
  {
    "senderID": "100000895922054",
    "opt": {
      "name": "Ng Van Hungg 🌸",
      "gio": "19:21:46",
      "ngay": "2025-11-5",
      "burh": "5/11/2025"
    }
  },
  {
    "senderID": "100090458979503",
    "opt": {
      "name": "🌸🎧💙👾 Tuan Khanh 🎶🌙✨💤",
      "gio": "21:33:51",
      "ngay": "2025-11-5",
      "burh": "5/11/2025"
    }
  },
  {
    "senderID": "100091266824680",
    "opt": {
      "name": "Lê Mai",
      "gio": "23:22:49",
      "ngay": "2025-11-5",
      "burh": "5/11/2025"
    }
  },
  {
    "senderID": "100090737894483",
    "opt": {
      "name": "Duc Chinh",
      "gio": "23:40:12",
      "ngay": "2025-11-5",
      "burh": "5/11/2025"
    }
  },
  {
    "senderID": "100093852656737",
    "opt": {
      "name": "Đỗ Quốc Anh",
      "gio": "02:24:12",
      "ngay": "2025-11-6",
      "burh": "6/11/2025"
    }
  },
  {
    "senderID": "61580782596177",
    "opt": {
      "name": "Le Ngoc Duy",
      "gio": "02:39:56",
      "ngay": "2025-11-6",
      "burh": "6/11/2025"
    }
  },
  {
    "senderID": "100073639420918",
    "opt": {
      "name": "Ng Van Hungg 💤",
      "gio": "04:46:38",
      "ngay": "2025-11-6",
      "burh": "6/11/2025"
    }
  },
  {
    "senderID": "100033476377058",
    "opt": {
      "name": "Đặng Ngọc Thắng",
      "gio": "07:23:55",
      "ngay": "2025-11-6",
      "burh": "6/11/2025"
    }
  },
  {
    "senderID": "100079543967576",
    "opt": {
      "name": "Le Ngoc Duy",
      "gio": "07:27:50",
      "ngay": "2025-11-6",
      "burh": "6/11/2025"
    }
  },
  {
    "senderID": "100072439105441",
    "opt": {
      "name": "˖Lê Chí ✧˖°",
      "gio": "11:50:21",
      "ngay": "2025-11-7",
      "burh": "7/11/2025"
    }
  },
  {
    "senderID": "61577161121479",
    "opt": {
      "name": "🌀🦖🩶Ank La Kiet🦖🌀🩶",
      "gio": "22:52:59",
      "ngay": "2025-11-7",
      "burh": "7/11/2025"
    }
  },
  {
    "senderID": "61561400514605",
    "opt": {
      "name": "👑 Thành Đạt 🐻✨",
      "gio": "09:43:02",
      "ngay": "2025-11-8",
      "burh": "8/11/2025"
    }
  },
  {
    "senderID": "61578026675680",
    "opt": {
      "name": "Kem Gia Nguyen",
      "gio": "12:14:45",
      "ngay": "2025-11-8",
      "burh": "8/11/2025"
    }
  },
  {
    "senderID": "61565481006787",
    "opt": {
      "name": "Nguyễn Hải Vân",
      "gio": "14:07:18",
      "ngay": "2025-11-8",
      "burh": "8/11/2025"
    }
  },
  {
    "senderID": "61563507274891",
    "opt": {
      "name": "Ng Yến Nhi",
      "gio": "14:10:51",
      "ngay": "2025-11-8",
      "burh": "8/11/2025"
    }
  },
  {
    "senderID": "61576774539910",
    "opt": {
      "name": null,
      "gio": "14:15:14",
      "ngay": "2025-11-8",
      "burh": "8/11/2025"
    }
  },
  {
    "senderID": "100089270177370",
    "opt": {
      "name": "Yến Nhi",
      "gio": "14:42:51",
      "ngay": "2025-11-8",
      "burh": "8/11/2025"
    }
  },
  {
    "senderID": "61572477063045",
    "opt": {
      "name": "Nguyễn Kiên",
      "gio": "15:23:09",
      "ngay": "2025-11-8",
      "burh": "8/11/2025"
    }
  },
  {
    "senderID": "100058713797294",
    "opt": {
      "name": "Trịnh Trần Phương Tuấn",
      "gio": "21:23:48",
      "ngay": "2025-11-8",
      "burh": "8/11/2025"
    }
  },
  {
    "senderID": "61582075866708",
    "opt": {
      "name": "Pun Pun",
      "gio": "21:41:54",
      "ngay": "2025-11-8",
      "burh": "8/11/2025"
    }
  },
  {
    "senderID": "61550030184394",
    "opt": {
      "name": "️️️️️️️️️️️️️️️️️️️️️️️️️️️️️️️️️️️️️️️️️️️️️️️️️️️️️️️️️️️️️️️️️️️️️️️️️️️️️️️️️️️️️️️️️️️️️️️️️️️️️️️️️️️️️️️️️️️️️️️️️️️️️️️️️️️️️️️️️️️️️️️️️️️️️️️️️️️️️️️️️️️️️️️️️️ ",
      "gio": "00:00:13",
      "ngay": "2025-11-9",
      "burh": "9/11/2025"
    }
  },
  {
    "id": "61576384171555",
    "time": "17:55:46, 09/11/2025"
  },
  {
    "id": "61577782566454",
    "time": "17:55:46, 09/11/2025"
  },
  {
    "id": "100093852656737",
    "time": "17:55:46, 09/11/2025"
  },
  {
    "id": "100048286966787",
    "time": "17:55:46, 09/11/2025"
  },
  {
    "id": "61561400514605",
    "time": "17:55:46, 09/11/2025"
  },
  {
    "id": "100080011106438",
    "time": "17:55:46, 09/11/2025"
  },
  {
    "id": "100083289184042",
    "time": "17:55:46, 09/11/2025"
  },
  {
    "id": "100085252792809",
    "time": "17:55:46, 09/11/2025"
  },
  {
    "id": "61571461285821",
    "time": "17:55:46, 09/11/2025"
  },
  {
    "id": "100089270177370",
    "time": "17:55:46, 09/11/2025"
  },
  {
    "id": "61559900873302",
    "time": "17:55:46, 09/11/2025"
  },
  {
    "id": "61578381119154",
    "time": "17:55:46, 09/11/2025"
  },
  {
    "id": "100077523790065",
    "time": "17:55:46, 09/11/2025"
  },
  {
    "id": "100052437024366",
    "time": "17:55:46, 09/11/2025"
  },
  {
    "id": "100058713797294",
    "time": "17:55:46, 09/11/2025"
  },
  {
    "id": "100086789418495",
    "time": "17:55:46, 09/11/2025"
  },
  {
    "id": "61579081555224",
    "time": "17:55:46, 09/11/2025"
  },
  {
    "id": "100000493975005",
    "time": "17:55:46, 09/11/2025"
  },
  {
    "id": "61574544987224",
    "time": "17:55:46, 09/11/2025"
  },
  {
    "id": "100072439105441",
    "time": "17:55:46, 09/11/2025"
  },
  {
    "id": "61563827483680",
    "time": "17:55:46, 09/11/2025"
  },
  {
    "id": "61579857868247",
    "time": "17:55:46, 09/11/2025"
  },
  {
    "id": "61554742588210",
    "time": "17:55:46, 09/11/2025"
  },
  {
    "id": "61577911347388",
    "time": "17:55:46, 09/11/2025"
  },
  {
    "id": "100009368602729",
    "time": "17:55:46, 09/11/2025"
  },
  {
    "id": "61562861708341",
    "time": "17:55:46, 09/11/2025"
  },
  {
    "id": "100003179552683",
    "time": "17:55:46, 09/11/2025"
  },
  {
    "id": "100003686904007",
    "time": "17:55:46, 09/11/2025"
  },
  {
    "id": "61570832400446",
    "time": "17:55:46, 09/11/2025"
  },
  {
    "id": "61551199829543",
    "time": "17:55:46, 09/11/2025"
  },
  {
    "id": "61577297211008",
    "time": "17:55:46, 09/11/2025"
  },
  {
    "id": "61563507274891",
    "time": "17:55:46, 09/11/2025"
  },
  {
    "id": "100079200672035",
    "time": "17:55:46, 09/11/2025"
  },
  {
    "id": "61571378600447",
    "time": "17:55:46, 09/11/2025"
  },
  {
    "id": "61567177603180",
    "time": "17:55:46, 09/11/2025"
  },
  {
    "id": "61551723887551",
    "time": "17:55:46, 09/11/2025"
  },
  {
    "id": "100073043586491",
    "time": "17:55:46, 09/11/2025"
  },
  {
    "id": "100086381191724",
    "time": "17:55:46, 09/11/2025"
  },
  {
    "id": "61571886846094",
    "time": "17:55:46, 09/11/2025"
  },
  {
    "id": "100085073240621",
    "time": "17:55:46, 09/11/2025"
  },
  {
    "id": "61579008396512",
    "time": "17:55:46, 09/11/2025"
  },
  {
    "id": "100072362141812",
    "time": "17:55:46, 09/11/2025"
  },
  {
    "id": "100079152924560",
    "time": "17:55:46, 09/11/2025"
  },
  {
    "id": "61559745582924",
    "time": "17:55:46, 09/11/2025"
  },
  {
    "id": "61576247410565",
    "time": "17:55:46, 09/11/2025"
  },
  {
    "id": "100024871212620",
    "time": "17:55:46, 09/11/2025"
  },
  {
    "id": "100094571413433",
    "time": "17:55:46, 09/11/2025"
  },
  {
    "id": "61572301727230",
    "time": "17:55:46, 09/11/2025"
  },
  {
    "id": "61557563756172",
    "time": "17:55:46, 09/11/2025"
  },
  {
    "id": "61572477063045",
    "time": "17:55:46, 09/11/2025"
  },
  {
    "id": "100008656354405",
    "time": "17:55:46, 09/11/2025"
  },
  {
    "id": "100078167808760",
    "time": "17:55:46, 09/11/2025"
  },
  {
    "id": "100088931276394",
    "time": "17:55:46, 09/11/2025"
  },
  {
    "id": "100056061186026",
    "time": "17:55:46, 09/11/2025"
  },
  {
    "id": "61565745886029",
    "time": "17:55:46, 09/11/2025"
  },
  {
    "id": "100090482555028",
    "time": "17:55:46, 09/11/2025"
  },
  {
    "id": "100090957081158",
    "time": "17:55:46, 09/11/2025"
  },
  {
    "id": "61555631702173",
    "time": "17:55:46, 09/11/2025"
  },
  {
    "id": "61576963715189",
    "time": "17:55:46, 09/11/2025"
  },
  {
    "id": "61551842823184",
    "time": "17:55:46, 09/11/2025"
  },
  {
    "id": "61576997679033",
    "time": "17:55:46, 09/11/2025"
  },
  {
    "id": "100065648044202",
    "time": "17:55:46, 09/11/2025"
  },
  {
    "id": "100078810589997",
    "time": "17:55:46, 09/11/2025"
  },
  {
    "id": "61556712443542",
    "time": "17:55:46, 09/11/2025"
  },
  {
    "id": "100067508386723",
    "time": "17:55:46, 09/11/2025"
  },
  {
    "id": "100079027159606",
    "time": "17:55:46, 09/11/2025"
  },
  {
    "id": "61550030184394",
    "time": "17:55:46, 09/11/2025"
  },
  {
    "id": "61570721316285",
    "time": "17:55:46, 09/11/2025"
  },
  {
    "id": "100079543967576",
    "time": "17:55:46, 09/11/2025"
  },
  {
    "id": "61575364336313",
    "time": "17:55:46, 09/11/2025"
  },
  {
    "id": "100078770213270",
    "time": "17:55:46, 09/11/2025"
  },
  {
    "id": "100006757690336",
    "time": "17:55:46, 09/11/2025"
  },
  {
    "id": "100067021488939",
    "time": "17:55:46, 09/11/2025"
  },
  {
    "id": "61576759707113",
    "time": "17:55:46, 09/11/2025"
  },
  {
    "id": "100093360293015",
    "time": "17:55:46, 09/11/2025"
  },
  {
    "id": "100013107251488",
    "time": "17:55:46, 09/11/2025"
  },
  {
    "id": "61577983187575",
    "time": "17:55:46, 09/11/2025"
  },
  {
    "id": "61551428605061",
    "time": "17:55:46, 09/11/2025"
  },
  {
    "id": "61578764402802",
    "time": "17:55:46, 09/11/2025"
  },
  {
    "id": "61561969032755",
    "time": "17:55:46, 09/11/2025"
  },
  {
    "id": "100078395919861",
    "time": "17:55:46, 09/11/2025"
  },
  {
    "id": "61573189019864",
    "time": "17:55:46, 09/11/2025"
  },
  {
    "id": "61577111710509",
    "time": "17:55:46, 09/11/2025"
  },
  {
    "id": "61557858792372",
    "time": "17:55:46, 09/11/2025"
  },
  {
    "id": "100078236916057",
    "time": "17:55:46, 09/11/2025"
  },
  {
    "id": "61580565842947",
    "time": "17:55:46, 09/11/2025"
  },
  {
    "id": "61559873662942",
    "time": "17:55:46, 09/11/2025"
  },
  {
    "id": "61577177926779",
    "time": "17:55:46, 09/11/2025"
  },
  {
    "id": "100084500059986",
    "time": "17:55:46, 09/11/2025"
  },
  {
    "id": "61567210261644",
    "time": "17:55:46, 09/11/2025"
  },
  {
    "id": "100079577807941",
    "time": "17:55:46, 09/11/2025"
  },
  {
    "id": "100010564806503",
    "time": "17:55:46, 09/11/2025"
  },
  {
    "id": "61552988348166",
    "time": "17:55:46, 09/11/2025"
  },
  {
    "id": "100079237066364",
    "time": "17:55:46, 09/11/2025"
  },
  {
    "id": "61577161121479",
    "time": "17:55:46, 09/11/2025"
  },
  {
    "id": "61565481006787",
    "time": "17:55:46, 09/11/2025"
  },
  {
    "id": "100005270628973",
    "time": "17:55:46, 09/11/2025"
  },
  {
    "id": "100087795897335",
    "time": "17:55:46, 09/11/2025"
  },
  {
    "id": "100051092415393",
    "time": "17:55:46, 09/11/2025"
  },
  {
    "id": "100092364073953",
    "time": "17:55:46, 09/11/2025"
  },
  {
    "id": "61577110173356",
    "time": "17:55:46, 09/11/2025"
  },
  {
    "id": "61571553836887",
    "time": "17:55:46, 09/11/2025"
  },
  {
    "id": "61578558907113",
    "time": "17:55:46, 09/11/2025"
  },
  {
    "id": "61573430986568",
    "time": "17:55:46, 09/11/2025"
  },
  {
    "id": "61557169302756",
    "time": "17:55:46, 09/11/2025"
  },
  {
    "id": "100049942751935",
    "time": "17:55:46, 09/11/2025"
  },
  {
    "id": "100080761982297",
    "time": "17:55:46, 09/11/2025"
  },
  {
    "id": "100088375077496",
    "time": "17:55:46, 09/11/2025"
  },
  {
    "id": "100031898887769",
    "time": "17:55:46, 09/11/2025"
  },
  {
    "id": "61578026675680",
    "time": "17:55:46, 09/11/2025"
  },
  {
    "id": "100084979833402",
    "time": "17:55:46, 09/11/2025"
  },
  {
    "id": "61578402993739",
    "time": "17:55:46, 09/11/2025"
  },
  {
    "id": "61579645134072",
    "time": "17:55:46, 09/11/2025"
  },
  {
    "id": "61577423091245",
    "time": "17:55:46, 09/11/2025"
  },
  {
    "id": "1048863846",
    "time": "17:55:46, 09/11/2025"
  },
  {
    "id": "61567629426307",
    "time": "17:55:46, 09/11/2025"
  },
  {
    "id": "61570415288447",
    "time": "17:55:46, 09/11/2025"
  },
  {
    "id": "100055431176533",
    "time": "17:55:46, 09/11/2025"
  },
  {
    "id": "100094116683505",
    "time": "17:55:46, 09/11/2025"
  },
  {
    "id": "61562023350472",
    "time": "17:55:46, 09/11/2025"
  },
  {
    "id": "61571615160914",
    "time": "17:55:46, 09/11/2025"
  },
  {
    "id": "100083186363436",
    "time": "17:55:46, 09/11/2025"
  },
  {
    "id": "100088351907178",
    "time": "17:55:46, 09/11/2025"
  },
  {
    "id": "61579118273398",
    "time": "17:55:46, 09/11/2025"
  },
  {
    "id": "100069969279032",
    "time": "17:55:46, 09/11/2025"
  },
  {
    "id": "61558642103751",
    "time": "17:55:46, 09/11/2025"
  },
  {
    "id": "61567360564496",
    "time": "17:55:46, 09/11/2025"
  },
  {
    "id": "61578334643999",
    "time": "17:55:46, 09/11/2025"
  },
  {
    "id": "61580823390065",
    "time": "17:55:46, 09/11/2025"
  },
  {
    "id": "61573434260369",
    "time": "17:55:46, 09/11/2025"
  },
  {
    "id": "61576912454012",
    "time": "17:55:46, 09/11/2025"
  },
  {
    "id": "100093542521882",
    "time": "17:55:46, 09/11/2025"
  },
  {
    "id": "61576724159050",
    "time": "17:55:46, 09/11/2025"
  },
  {
    "id": "100001322102207",
    "time": "17:55:46, 09/11/2025"
  },
  {
    "id": "61582356713887",
    "time": "17:55:46, 09/11/2025"
  },
  {
    "id": "61581815902288",
    "time": "17:55:46, 09/11/2025"
  },
  {
    "id": "61574133693968",
    "time": "17:55:46, 09/11/2025"
  },
  {
    "id": "100033476377058",
    "time": "17:55:46, 09/11/2025"
  },
  {
    "id": "61580782596177",
    "time": "17:55:46, 09/11/2025"
  },
  {
    "id": "61563558407053",
    "time": "17:55:46, 09/11/2025"
  },
  {
    "id": "61571283794301",
    "time": "17:55:46, 09/11/2025"
  },
  {
    "id": "61570823791353",
    "time": "17:55:46, 09/11/2025"
  },
  {
    "id": "61579702520039",
    "time": "17:55:46, 09/11/2025"
  },
  {
    "id": "100034338409552",
    "time": "17:55:46, 09/11/2025"
  },
  {
    "id": "100024581123409",
    "time": "17:55:46, 09/11/2025"
  },
  {
    "id": "61558041606011",
    "time": "17:55:46, 09/11/2025"
  },
  {
    "id": "100084609375411",
    "time": "17:55:46, 09/11/2025"
  },
  {
    "id": "61555188660933",
    "time": "17:55:46, 09/11/2025"
  },
  {
    "id": "100077366272669",
    "time": "17:55:46, 09/11/2025"
  },
  {
    "id": "757649544",
    "time": "17:55:46, 09/11/2025"
  },
  {
    "id": "61581847531687",
    "time": "17:55:46, 09/11/2025"
  },
  {
    "id": "100075966696918",
    "time": "17:55:46, 09/11/2025"
  },
  {
    "id": "100090613794892",
    "time": "17:55:46, 09/11/2025"
  },
  {
    "id": "100086947127312",
    "time": "17:55:46, 09/11/2025"
  },
  {
    "id": "61574998082468",
    "time": "17:55:46, 09/11/2025"
  },
  {
    "id": "61555324102690",
    "time": "17:55:46, 09/11/2025"
  },
  {
    "id": "61578346343573",
    "time": "17:55:46, 09/11/2025"
  },
  {
    "id": "100021965358651",
    "time": "17:55:46, 09/11/2025"
  },
  {
    "id": "100083620530593",
    "time": "17:55:46, 09/11/2025"
  },
  {
    "id": "100040172692713",
    "time": "17:55:46, 09/11/2025"
  },
  {
    "id": "100088735854296",
    "time": "17:55:46, 09/11/2025"
  },
  {
    "id": "100079110468896",
    "time": "17:55:46, 09/11/2025"
  },
  {
    "id": "100088218764370",
    "time": "17:55:46, 09/11/2025"
  },
  {
    "id": "100073639420918",
    "time": "17:55:46, 09/11/2025"
  },
  {
    "id": "61576904223443",
    "time": "17:55:46, 09/11/2025"
  },
  {
    "id": "61573739606002",
    "time": "17:55:46, 09/11/2025"
  },
  {
    "id": "100074764201829",
    "time": "17:55:46, 09/11/2025"
  },
  {
    "id": "61576926660973",
    "time": "17:55:46, 09/11/2025"
  },
  {
    "id": "61550511686379",
    "time": "17:55:46, 09/11/2025"
  },
  {
    "id": "61582133821146",
    "time": "17:55:46, 09/11/2025"
  },
  {
    "id": "100000895922054",
    "time": "17:55:46, 09/11/2025"
  },
  {
    "id": "61579898692010",
    "time": "17:55:46, 09/11/2025"
  },
  {
    "id": "100026893564782",
    "time": "17:55:46, 09/11/2025"
  },
  {
    "id": "61582075866708",
    "time": "17:55:46, 09/11/2025"
  },
  {
    "id": "61571905018381",
    "time": "17:55:46, 09/11/2025"
  },
  {
    "id": "61577947693571",
    "time": "17:55:46, 09/11/2025"
  },
  {
    "id": "100072013716641",
    "time": "17:55:46, 09/11/2025"
  },
  {
    "id": "100086036372647",
    "time": "17:55:46, 09/11/2025"
  },
  {
    "id": "100090458979503",
    "time": "17:55:46, 09/11/2025"
  },
  {
    "id": "61572095566149",
    "time": "17:55:46, 09/11/2025"
  },
  {
    "id": "100015708247902",
    "time": "17:55:46, 09/11/2025"
  },
  {
    "id": "61582273912090",
    "time": "17:55:46, 09/11/2025"
  },
  {
    "id": "100068367664395",
    "time": "17:55:46, 09/11/2025"
  },
  {
    "id": "100083411540341",
    "time": "17:55:46, 09/11/2025"
  },
  {
    "id": "100067827494573",
    "time": "17:55:46, 09/11/2025"
  },
  {
    "id": "61577920241161",
    "time": "17:55:46, 09/11/2025"
  },
  {
    "id": "100085636317402",
    "time": "17:55:46, 09/11/2025"
  },
  {
    "id": "61572960869645",
    "time": "17:55:46, 09/11/2025"
  },
  {
    "id": "100008616252417",
    "time": "17:55:46, 09/11/2025"
  },
  {
    "id": "100042564859229",
    "time": "17:55:46, 09/11/2025"
  },
  {
    "id": "61576970284281",
    "time": "17:55:46, 09/11/2025"
  },
  {
    "id": "100091266824680",
    "time": "17:55:46, 09/11/2025"
  },
  {
    "id": "100090737894483",
    "time": "17:55:46, 09/11/2025"
  },
  {
    "id": "61582621723311",
    "time": "17:55:46, 09/11/2025"
  },
  {
    "id": "100086707824754",
    "time": "17:55:46, 09/11/2025"
  },
  {
    "id": "100091066406054",
    "time": "17:55:46, 09/11/2025"
  },
  {
    "id": "61576774539910",
    "time": "17:55:46, 09/11/2025"
  },
  {
    "senderID": "61578558907113",
    "opt": {
      "name": "Giaa Hann",
      "gio": "17:55:46",
      "ngay": "2025-11-9",
      "burh": "9/11/2025"
    }
  },
  {
    "senderID": "100083411540341",
    "opt": {
      "name": "Quang Huy",
      "gio": "20:58:01",
      "ngay": "2025-11-9",
      "burh": "9/11/2025"
    }
  },
  {
    "senderID": "61579118273398",
    "opt": {
      "name": "Mac Hong Anh",
      "gio": "13:55:14",
      "ngay": "2025-11-10",
      "burh": "10/11/2025"
    }
  },
  {
    "senderID": "100074764201829",
    "opt": {
      "name": "Nguyễn Việt Anh",
      "gio": "18:25:03",
      "ngay": "2025-11-10",
      "burh": "10/11/2025"
    }
  },
  {
    "senderID": "100094116683505",
    "opt": {
      "name": "Huỳnh Thanh Hoàng",
      "gio": "22:06:49",
      "ngay": "2025-11-11",
      "burh": "11/11/2025"
    }
  },
  {
    "senderID": "61570415288447",
    "opt": {
      "name": "Huỳnh Thuỵ Dương Trúc",
      "gio": "22:42:22",
      "ngay": "2025-11-11",
      "burh": "11/11/2025"
    }
  },
  {
    "id": "61583420608426",
    "time": "01:48:21, 12/11/2025"
  },
  {
    "senderID": "61583420608426",
    "opt": {
      "name": "Diem Huong",
      "gio": "01:48:33",
      "ngay": "2025-11-12",
      "burh": "12/11/2025"
    }
  },
  {
    "senderID": "100015708247902",
    "opt": {
      "name": "Lê Tuấn Vỹ",
      "gio": "07:13:10",
      "ngay": "2025-11-12",
      "burh": "12/11/2025"
    }
  }
]