[
  {
    "senderID": "100062691064934",
    "opt": {
      "name": "Thanh Hoa",
      "gio": "00:00:02",
      "ngay": "2025-11-9",
      "burh": "9/11/2025"
    }
  },
  {
    "senderID": "100040472494187",
    "opt": {
      "name": "Nguyễn Tuấn Ninh",
      "gio": "00:00:45",
      "ngay": "2025-11-9",
      "burh": "9/11/2025"
    }
  },
  {
    "senderID": "100090458979503",
    "opt": {
      "name": "🌸🎧💙👾 Tuan Khanh 🎶🌙✨💤",
      "gio": "00:01:00",
      "ngay": "2025-11-9",
      "burh": "9/11/2025"
    }
  },
  {
    "senderID": "100053978073680",
    "opt": {
      "name": "Hajime Sama",
      "gio": "00:15:23",
      "ngay": "2025-11-9",
      "burh": "9/11/2025"
    }
  },
  {
    "senderID": "100075514174338",
    "opt": {
      "name": "Le Ngoc Han",
      "gio": "00:17:58",
      "ngay": "2025-11-9",
      "burh": "9/11/2025"
    }
  },
  {
    "senderID": "61575034471403",
    "opt": {
      "name": "👑  Ng Huy  🐙🧸💤",
      "gio": "09:04:10",
      "ngay": "2025-11-9",
      "burh": "9/11/2025"
    }
  },
  {
    "senderID": "61583362472917",
    "opt": {
      "name": "Dang Khoa Bot",
      "gio": "10:19:44",
      "ngay": "2025-11-9",
      "burh": "9/11/2025"
    }
  },
  {
    "senderID": "100047222953427",
    "opt": {
      "name": null,
      "gio": "10:20:04",
      "ngay": "2025-11-9",
      "burh": "9/11/2025"
    }
  },
  {
    "senderID": "100076027984181",
    "opt": {
      "name": "Tan Phatt",
      "gio": "10:20:51",
      "ngay": "2025-11-9",
      "burh": "9/11/2025"
    }
  },
  {
    "senderID": "100072900513635",
    "opt": {
      "name": "Huy Hoàng",
      "gio": "10:21:05",
      "ngay": "2025-11-9",
      "burh": "9/11/2025"
    }
  },
  {
    "id": "100040472494187",
    "time": "17:42:56, 09/11/2025"
  },
  {
    "id": "61560650057424",
    "time": "17:42:56, 09/11/2025"
  },
  {
    "id": "100090578113686",
    "time": "17:42:56, 09/11/2025"
  },
  {
    "id": "100067848937650",
    "time": "17:42:56, 09/11/2025"
  },
  {
    "id": "100053978073680",
    "time": "17:42:56, 09/11/2025"
  },
  {
    "id": "61577053059271",
    "time": "17:42:56, 09/11/2025"
  },
  {
    "id": "100000549203334",
    "time": "17:42:56, 09/11/2025"
  },
  {
    "id": "61566249524867",
    "time": "17:42:56, 09/11/2025"
  },
  {
    "id": "100015151637257",
    "time": "17:42:56, 09/11/2025"
  },
  {
    "id": "61575034471403",
    "time": "17:42:56, 09/11/2025"
  },
  {
    "id": "100012965707151",
    "time": "17:42:56, 09/11/2025"
  },
  {
    "id": "61568176484099",
    "time": "17:42:56, 09/11/2025"
  },
  {
    "id": "61555809030974",
    "time": "17:42:56, 09/11/2025"
  },
  {
    "id": "100015708247902",
    "time": "17:42:56, 09/11/2025"
  },
  {
    "id": "100073639420918",
    "time": "17:42:56, 09/11/2025"
  },
  {
    "id": "100067827494573",
    "time": "17:42:56, 09/11/2025"
  },
  {
    "id": "61550030184394",
    "time": "17:42:56, 09/11/2025"
  },
  {
    "id": "100071768980176",
    "time": "17:42:56, 09/11/2025"
  },
  {
    "id": "61577714247816",
    "time": "17:42:56, 09/11/2025"
  },
  {
    "id": "100004446542236",
    "time": "17:42:56, 09/11/2025"
  },
  {
    "id": "61575203132001",
    "time": "17:42:56, 09/11/2025"
  },
  {
    "id": "100072439105441",
    "time": "17:42:56, 09/11/2025"
  },
  {
    "id": "100071132537313",
    "time": "17:42:56, 09/11/2025"
  },
  {
    "id": "100074278195157",
    "time": "17:42:56, 09/11/2025"
  },
  {
    "id": "61555389591442",
    "time": "17:42:56, 09/11/2025"
  },
  {
    "id": "100076027984181",
    "time": "17:42:56, 09/11/2025"
  },
  {
    "id": "100040761302134",
    "time": "17:42:56, 09/11/2025"
  },
  {
    "id": "100001624277957",
    "time": "17:42:56, 09/11/2025"
  },
  {
    "id": "100007318625150",
    "time": "17:42:56, 09/11/2025"
  },
  {
    "id": "61557456665126",
    "time": "17:42:56, 09/11/2025"
  },
  {
    "id": "61563899065241",
    "time": "17:42:56, 09/11/2025"
  },
  {
    "id": "100072900513635",
    "time": "17:42:56, 09/11/2025"
  },
  {
    "id": "61572135665820",
    "time": "17:42:56, 09/11/2025"
  },
  {
    "id": "100090458979503",
    "time": "17:42:56, 09/11/2025"
  },
  {
    "id": "210900760",
    "time": "17:42:56, 09/11/2025"
  },
  {
    "id": "100062691064934",
    "time": "17:42:56, 09/11/2025"
  },
  {
    "id": "61556655984912",
    "time": "17:42:56, 09/11/2025"
  },
  {
    "id": "100075514174338",
    "time": "17:42:56, 09/11/2025"
  },
  {
    "id": "61552053302073",
    "time": "17:42:56, 09/11/2025"
  },
  {
    "id": "61583362472917",
    "time": "17:42:56, 09/11/2025"
  },
  {
    "id": "100047222953427",
    "time": "17:42:56, 09/11/2025"
  },
  {
    "senderID": "100000549203334",
    "opt": {
      "name": "Ngô Mai Nguyên Dương",
      "gio": "18:26:53",
      "ngay": "2025-11-9",
      "burh": "9/11/2025"
    }
  },
  {
    "senderID": "61550030184394",
    "opt": {
      "name": "️️️️️️️️️️️️️️️️️️️️️️️️️️️️️️️️️️️️️️️️️️️️️️️️️️️️️️️️️️️️️️️️️️️️️️️️️️️️️️️️️️️️️️️️️️️️️️️️️️️️️️️️️️️️️️️️️️️️️️️️️️️️️️️️️️️️️️️️️️️️️️️️️️️️️️️️️️️️️️️️️️️️️️️️️️ ",
      "gio": "18:27:06",
      "ngay": "2025-11-9",
      "burh": "9/11/2025"
    }
  },
  {
    "senderID": "61568176484099",
    "opt": {
      "name": "Nguyễn Việt Hoàng",
      "gio": "18:42:59",
      "ngay": "2025-11-9",
      "burh": "9/11/2025"
    }
  },
  {
    "id": "61550604504909",
    "time": "12:18:52, 10/11/2025"
  },
  {
    "senderID": "61556655984912",
    "opt": {
      "name": "Lưu Hồng",
      "gio": "13:05:37",
      "ngay": "2025-11-10",
      "burh": "10/11/2025"
    }
  },
  {
    "senderID": "100067827494573",
    "opt": {
      "name": "Minh Truong",
      "gio": "17:24:45",
      "ngay": "2025-11-10",
      "burh": "10/11/2025"
    }
  },
  {
    "senderID": "61550604504909",
    "opt": {
      "name": "Huỳnh Thư",
      "gio": "17:42:12",
      "ngay": "2025-11-10",
      "burh": "10/11/2025"
    }
  },
  {
    "senderID": "61552053302073",
    "opt": {
      "name": "Nguyễn Đăng Khoa",
      "gio": "17:42:35",
      "ngay": "2025-11-10",
      "burh": "10/11/2025"
    }
  },
  {
    "senderID": "100040761302134",
    "opt": {
      "name": "Minh  Đức 󱢏",
      "gio": "19:05:06",
      "ngay": "2025-11-10",
      "burh": "10/11/2025"
    }
  },
  {
    "senderID": "61575203132001",
    "opt": {
      "name": "Bảo Satoru",
      "gio": "09:51:57",
      "ngay": "2025-11-12",
      "burh": "12/11/2025"
    }
  }
]