[
  {
    "senderID": "100073639420918",
    "opt": {
      "name": "Ng Van Hungg 💤",
      "gio": "16:24:59",
      "ngay": "2025-11-5",
      "burh": "5/11/2025"
    }
  },
  {
    "senderID": "100000895922054",
    "opt": {
      "name": "Ng Van Hungg 🌸",
      "gio": "16:24:59",
      "ngay": "2025-11-5",
      "burh": "5/11/2025"
    }
  },
  {
    "senderID": "61550030184394",
    "opt": {
      "name": "️️️️️️️️️️️️️️️️️️️️️️️️️️️️️️️️️️️️️️️️️️️️️️️️️️️️️️️️️️️️️️️️️️️️️️️️️️️️️️️️️️️️️️️️️️️️️️️️️️️️️️️️️️️️️️️️️️️️️️️️️️️️️️️️️️️️️️️️️️️️️️️️️️️️️️️️️️️️️️️️️️️️️️️️️️ ",
      "gio": "00:00:11",
      "ngay": "2025-11-9",
      "burh": "9/11/2025"
    }
  },
  {
    "id": "100073639420918",
    "time": "18:18:17, 09/11/2025"
  },
  {
    "id": "100000895922054",
    "time": "18:18:17, 09/11/2025"
  },
  {
    "id": "61550030184394",
    "time": "18:18:17, 09/11/2025"
  },
  {
    "id": "61581815902288",
    "time": "18:18:17, 09/11/2025"
  },
  {
    "id": "61581632767123",
    "time": "18:18:17, 09/11/2025"
  },
  {
    "id": "100088963990118",
    "time": "16:25:19, 12/11/2025"
  },
  {
    "senderID": "100088963990118",
    "opt": {
      "name": null,
      "gio": "16:26:00",
      "ngay": "2025-11-12",
      "burh": "12/11/2025"
    }
  }
]