[
  {
    "senderID": "100081150492159",
    "opt": {
      "name": "Tuyết Tuyết Trinh",
      "gio": "16:31:48",
      "ngay": "2025-11-5",
      "burh": "5/11/2025"
    }
  },
  {
    "senderID": "61560702898399",
    "opt": {
      "name": "Ngọc Quỳnh",
      "gio": "18:25:41",
      "ngay": "2025-11-5",
      "burh": "5/11/2025"
    }
  },
  {
    "senderID": "61572103866639",
    "opt": {
      "name": "Nguyễn Ngọc Ánh",
      "gio": "19:09:30",
      "ngay": "2025-11-5",
      "burh": "5/11/2025"
    }
  },
  {
    "senderID": "61566432345238",
    "opt": {
      "name": "Minh Trọng",
      "gio": "19:09:37",
      "ngay": "2025-11-5",
      "burh": "5/11/2025"
    }
  },
  {
    "senderID": "61555926660299",
    "opt": {
      "name": "Thịnh Nguyễn",
      "gio": "19:24:52",
      "ngay": "2025-11-5",
      "burh": "5/11/2025"
    }
  },
  {
    "senderID": "100000895922054",
    "opt": {
      "name": "Ng Van Hungg 🌸",
      "gio": "00:00:07",
      "ngay": "2025-11-6",
      "burh": "6/11/2025"
    }
  },
  {
    "senderID": "61556028683492",
    "opt": {
      "name": "Đoàn Thị thư",
      "gio": "10:04:42",
      "ngay": "2025-11-6",
      "burh": "6/11/2025"
    }
  },
  {
    "senderID": "100055602692785",
    "opt": {
      "name": "Lâm Tâm Như",
      "gio": "10:29:57",
      "ngay": "2025-11-6",
      "burh": "6/11/2025"
    }
  },
  {
    "senderID": "100035502945235",
    "opt": {
      "name": "Gino Trí",
      "gio": "11:41:06",
      "ngay": "2025-11-6",
      "burh": "6/11/2025"
    }
  },
  {
    "senderID": "100091546088288",
    "opt": {
      "name": "Nguyễn Vũ Minh Anh",
      "gio": "11:56:22",
      "ngay": "2025-11-6",
      "burh": "6/11/2025"
    }
  },
  {
    "senderID": "61557157391070",
    "opt": {
      "name": "Ph Hai Anh",
      "gio": "12:28:54",
      "ngay": "2025-11-6",
      "burh": "6/11/2025"
    }
  },
  {
    "senderID": "100085607483096",
    "opt": {
      "name": "Mai Anh",
      "gio": "12:32:54",
      "ngay": "2025-11-6",
      "burh": "6/11/2025"
    }
  },
  {
    "senderID": "61580020967593",
    "opt": {
      "name": "Uyên Lê",
      "gio": "17:09:25",
      "ngay": "2025-11-6",
      "burh": "6/11/2025"
    }
  },
  {
    "senderID": "100076813301293",
    "opt": {
      "name": "Ng An Khuê",
      "gio": "21:59:10",
      "ngay": "2025-11-6",
      "burh": "6/11/2025"
    }
  },
  {
    "senderID": "100077701390678",
    "opt": {
      "name": "Yeii Nhie",
      "gio": "22:00:28",
      "ngay": "2025-11-6",
      "burh": "6/11/2025"
    }
  },
  {
    "senderID": "100070453785735",
    "opt": {
      "name": "Phát Nguyễn",
      "gio": "10:41:13",
      "ngay": "2025-11-7",
      "burh": "7/11/2025"
    }
  },
  {
    "senderID": "100093676201814",
    "opt": {
      "name": "Ph Ngoc Trang",
      "gio": "12:19:24",
      "ngay": "2025-11-7",
      "burh": "7/11/2025"
    }
  },
  {
    "senderID": "100076336219496",
    "opt": {
      "name": "Wei Wei",
      "gio": "20:41:03",
      "ngay": "2025-11-7",
      "burh": "7/11/2025"
    }
  },
  {
    "senderID": "61556350305589",
    "opt": {
      "name": "Lâm Thảo",
      "gio": "20:48:10",
      "ngay": "2025-11-7",
      "burh": "7/11/2025"
    }
  },
  {
    "senderID": "61552295636500",
    "opt": {
      "name": "Huy Trần",
      "gio": "22:02:36",
      "ngay": "2025-11-7",
      "burh": "7/11/2025"
    }
  },
  {
    "senderID": "100095215464809",
    "opt": {
      "name": "Dương Bảo",
      "gio": "22:08:51",
      "ngay": "2025-11-7",
      "burh": "7/11/2025"
    }
  },
  {
    "senderID": "100073028635438",
    "opt": {
      "name": "Lth Hằng",
      "gio": "23:30:32",
      "ngay": "2025-11-7",
      "burh": "7/11/2025"
    }
  },
  {
    "senderID": "61550030184394",
    "opt": {
      "name": "️️️️️️️️️️️️️️️️️️️️️️️️️️️️️️️️️️️️️️️️️️️️️️️️️️️️️️️️️️️️️️️️️️️️️️️️️️️️️️️️️️️️️️️️️️️️️️️️️️️️️️️️️️️️️️️️️️️️️️️️️️️️️️️️️️️️️️️️️️️️️️️️️️️️️️️️️️️️️️️️️️️️️️️️️️ ",
      "gio": "00:00:14",
      "ngay": "2025-11-9",
      "burh": "9/11/2025"
    }
  },
  {
    "senderID": "100041461514501",
    "opt": {
      "name": "Tô Bảo Châu",
      "gio": "10:14:12",
      "ngay": "2025-11-9",
      "burh": "9/11/2025"
    }
  },
  {
    "senderID": "61577960844686",
    "opt": {
      "name": "An Hoàng",
      "gio": "16:43:46",
      "ngay": "2025-11-9",
      "burh": "9/11/2025"
    }
  },
  {
    "id": "100077701390678",
    "time": "17:23:09, 09/11/2025"
  },
  {
    "id": "100054892668998",
    "time": "17:23:09, 09/11/2025"
  },
  {
    "id": "100055602692785",
    "time": "17:23:09, 09/11/2025"
  },
  {
    "id": "61555926660299",
    "time": "17:23:09, 09/11/2025"
  },
  {
    "id": "61556028683492",
    "time": "17:23:09, 09/11/2025"
  },
  {
    "id": "100073028635438",
    "time": "17:23:09, 09/11/2025"
  },
  {
    "id": "61575831998363",
    "time": "17:23:09, 09/11/2025"
  },
  {
    "id": "100074996724205",
    "time": "17:23:09, 09/11/2025"
  },
  {
    "id": "100091546088288",
    "time": "17:23:09, 09/11/2025"
  },
  {
    "id": "61559338050391",
    "time": "17:23:09, 09/11/2025"
  },
  {
    "id": "100080433596001",
    "time": "17:23:09, 09/11/2025"
  },
  {
    "id": "100070453785735",
    "time": "17:23:09, 09/11/2025"
  },
  {
    "id": "100069192865733",
    "time": "17:23:09, 09/11/2025"
  },
  {
    "id": "100094108891405",
    "time": "17:23:09, 09/11/2025"
  },
  {
    "id": "61554275437352",
    "time": "17:23:09, 09/11/2025"
  },
  {
    "id": "100070177794236",
    "time": "17:23:09, 09/11/2025"
  },
  {
    "id": "100035502945235",
    "time": "17:23:09, 09/11/2025"
  },
  {
    "id": "100029272009196",
    "time": "17:23:09, 09/11/2025"
  },
  {
    "id": "100086990914006",
    "time": "17:23:09, 09/11/2025"
  },
  {
    "id": "100093676201814",
    "time": "17:23:09, 09/11/2025"
  },
  {
    "id": "61569351983232",
    "time": "17:23:09, 09/11/2025"
  },
  {
    "id": "100009257272790",
    "time": "17:23:09, 09/11/2025"
  },
  {
    "id": "100051902295111",
    "time": "17:23:09, 09/11/2025"
  },
  {
    "id": "61566710015596",
    "time": "17:23:09, 09/11/2025"
  },
  {
    "id": "100006797793655",
    "time": "17:23:09, 09/11/2025"
  },
  {
    "id": "100063808450518",
    "time": "17:23:09, 09/11/2025"
  },
  {
    "id": "100088187880993",
    "time": "17:23:09, 09/11/2025"
  },
  {
    "id": "61556350305589",
    "time": "17:23:09, 09/11/2025"
  },
  {
    "id": "100011722042795",
    "time": "17:23:09, 09/11/2025"
  },
  {
    "id": "100089789326899",
    "time": "17:23:09, 09/11/2025"
  },
  {
    "id": "100078790841902",
    "time": "17:23:09, 09/11/2025"
  },
  {
    "id": "61578233610455",
    "time": "17:23:09, 09/11/2025"
  },
  {
    "id": "100092281672229",
    "time": "17:23:09, 09/11/2025"
  },
  {
    "id": "100089835308292",
    "time": "17:23:09, 09/11/2025"
  },
  {
    "id": "61563134635162",
    "time": "17:23:09, 09/11/2025"
  },
  {
    "id": "61575307161401",
    "time": "17:23:09, 09/11/2025"
  },
  {
    "id": "100090928616984",
    "time": "17:23:09, 09/11/2025"
  },
  {
    "id": "61578762688350",
    "time": "17:23:09, 09/11/2025"
  },
  {
    "id": "61561314154950",
    "time": "17:23:09, 09/11/2025"
  },
  {
    "id": "100081150492159",
    "time": "17:23:09, 09/11/2025"
  },
  {
    "id": "100068542088592",
    "time": "17:23:09, 09/11/2025"
  },
  {
    "id": "61550068763649",
    "time": "17:23:09, 09/11/2025"
  },
  {
    "id": "61574902344728",
    "time": "17:23:09, 09/11/2025"
  },
  {
    "id": "61572736733440",
    "time": "17:23:09, 09/11/2025"
  },
  {
    "id": "100030675454669",
    "time": "17:23:09, 09/11/2025"
  },
  {
    "id": "100076813301293",
    "time": "17:23:09, 09/11/2025"
  },
  {
    "id": "100047211960571",
    "time": "17:23:09, 09/11/2025"
  },
  {
    "id": "100089307623009",
    "time": "17:23:09, 09/11/2025"
  },
  {
    "id": "61560702898399",
    "time": "17:23:09, 09/11/2025"
  },
  {
    "id": "100092531755007",
    "time": "17:23:09, 09/11/2025"
  },
  {
    "id": "100081187390723",
    "time": "17:23:09, 09/11/2025"
  },
  {
    "id": "61575564242392",
    "time": "17:23:09, 09/11/2025"
  },
  {
    "id": "100074746410249",
    "time": "17:23:09, 09/11/2025"
  },
  {
    "id": "61555434658392",
    "time": "17:23:09, 09/11/2025"
  },
  {
    "id": "61576593843418",
    "time": "17:23:09, 09/11/2025"
  },
  {
    "id": "61555610172055",
    "time": "17:23:09, 09/11/2025"
  },
  {
    "id": "61557157391070",
    "time": "17:23:09, 09/11/2025"
  },
  {
    "id": "61567180276887",
    "time": "17:23:09, 09/11/2025"
  },
  {
    "id": "100081453823776",
    "time": "17:23:09, 09/11/2025"
  },
  {
    "id": "100080794983247",
    "time": "17:23:09, 09/11/2025"
  },
  {
    "id": "100091808543916",
    "time": "17:23:09, 09/11/2025"
  },
  {
    "id": "100075396121822",
    "time": "17:23:09, 09/11/2025"
  },
  {
    "id": "100076336219496",
    "time": "17:23:09, 09/11/2025"
  },
  {
    "id": "61577578027491",
    "time": "17:23:09, 09/11/2025"
  },
  {
    "id": "61553996375570",
    "time": "17:23:09, 09/11/2025"
  },
  {
    "id": "100071013824030",
    "time": "17:23:09, 09/11/2025"
  },
  {
    "id": "100041461514501",
    "time": "17:23:09, 09/11/2025"
  },
  {
    "id": "100067561442436",
    "time": "17:23:09, 09/11/2025"
  },
  {
    "id": "61561358686006",
    "time": "17:23:09, 09/11/2025"
  },
  {
    "id": "61559184275165",
    "time": "17:23:09, 09/11/2025"
  },
  {
    "id": "61557289101400",
    "time": "17:23:09, 09/11/2025"
  },
  {
    "id": "100067453815952",
    "time": "17:23:09, 09/11/2025"
  },
  {
    "id": "61577960844686",
    "time": "17:23:09, 09/11/2025"
  },
  {
    "id": "61578971607160",
    "time": "17:23:09, 09/11/2025"
  },
  {
    "id": "61577541839767",
    "time": "17:23:09, 09/11/2025"
  },
  {
    "id": "100095215464809",
    "time": "17:23:09, 09/11/2025"
  },
  {
    "id": "100086334228525",
    "time": "17:23:09, 09/11/2025"
  },
  {
    "id": "61555858696005",
    "time": "17:23:09, 09/11/2025"
  },
  {
    "id": "61566432345238",
    "time": "17:23:09, 09/11/2025"
  },
  {
    "id": "61555918583506",
    "time": "17:23:09, 09/11/2025"
  },
  {
    "id": "61580020967593",
    "time": "17:23:09, 09/11/2025"
  },
  {
    "id": "100041436674329",
    "time": "17:23:09, 09/11/2025"
  },
  {
    "id": "61554840782389",
    "time": "17:23:09, 09/11/2025"
  },
  {
    "id": "61570151165872",
    "time": "17:23:09, 09/11/2025"
  },
  {
    "id": "61572103866639",
    "time": "17:23:09, 09/11/2025"
  },
  {
    "id": "61552295636500",
    "time": "17:23:09, 09/11/2025"
  },
  {
    "id": "100085607483096",
    "time": "17:23:09, 09/11/2025"
  },
  {
    "id": "61561456492255",
    "time": "17:23:09, 09/11/2025"
  },
  {
    "id": "61550030184394",
    "time": "17:23:09, 09/11/2025"
  },
  {
    "id": "100000895922054",
    "time": "17:23:09, 09/11/2025"
  },
  {
    "id": "61560299280947",
    "time": "17:23:09, 09/11/2025"
  },
  {
    "senderID": "61572736733440",
    "opt": {
      "name": "Guen Miyuki",
      "gio": "17:39:37",
      "ngay": "2025-11-9",
      "burh": "9/11/2025"
    }
  },
  {
    "senderID": "100086990914006",
    "opt": {
      "name": "Diễm My",
      "gio": "22:08:47",
      "ngay": "2025-11-9",
      "burh": "9/11/2025"
    }
  },
  {
    "senderID": "100054892668998",
    "opt": {
      "name": "Khanh Phuong",
      "gio": "00:02:09",
      "ngay": "2025-11-12",
      "burh": "12/11/2025"
    }
  },
  {
    "senderID": "61561358686006",
    "opt": {
      "name": "BHongg Nhung",
      "gio": "15:28:43",
      "ngay": "2025-11-12",
      "burh": "12/11/2025"
    }
  }
]