[
    {
        "senderID": "61562012202944",
        "opt": {
            "name": "Hong Anh Mimi",
            "gio": "00:00:42",
            "ngay": "2025-11-9",
            "burh": "9/11/2025"
        }
    },
    {
        "senderID": "61555413490805",
        "opt": {
            "name": "Nguyễn An",
            "gio": "00:13:35",
            "ngay": "2025-11-9",
            "burh": "9/11/2025"
        }
    },
    {
        "senderID": "100095330057562",
        "opt": {
            "name": "Phan Thanh Uan",
            "gio": "00:57:17",
            "ngay": "2025-11-9",
            "burh": "9/11/2025"
        }
    },
    {
        "senderID": "61574072843240",
        "opt": {
            "name": "Anh Thu",
            "gio": "04:45:58",
            "ngay": "2025-11-9",
            "burh": "9/11/2025"
        }
    },
    {
        "senderID": "61567081392601",
        "opt": {
            "name": "Hong Anh Nguyen",
            "gio": "06:39:57",
            "ngay": "2025-11-9",
            "burh": "9/11/2025"
        }
    },
    {
        "senderID": "100025195905454",
        "opt": {
            "name": "Thu Trang",
            "gio": "07:33:08",
            "ngay": "2025-11-9",
            "burh": "9/11/2025"
        }
    },
    {
        "senderID": "61576174404028",
        "opt": {
            "name": "Ngọc Long",
            "gio": "07:47:33",
            "ngay": "2025-11-9",
            "burh": "9/11/2025"
        }
    },
    {
        "senderID": "61573129517794",
        "opt": {
            "name": "Lê Hoàng",
            "gio": "08:04:13",
            "ngay": "2025-11-9",
            "burh": "9/11/2025"
        }
    },
    {
        "senderID": "100073639420918",
        "opt": {
            "name": "Ng Van Hungg 💤",
            "gio": "13:34:19",
            "ngay": "2025-11-9",
            "burh": "9/11/2025"
        }
    },
    {
        "senderID": "61550030184394",
        "opt": {
            "name": "️️️️️️️️️️️️️️️️️️️️️️️️️️️️️️️️️️️️️️️️️️️️️️️️️️️️️️️️️️️️️️️️️️️️️️️️️️️️️️️️️️️️️️️️️️️️️️️️️️️️️️️️️️️️️️️️️️️️️️️️️️️️️️️️️️️️️️️️️️️️️️️️️️️️️️️️️️️️️️️️️️️️️️️️️️ ",
            "gio": "13:34:23",
            "ngay": "2025-11-9",
            "burh": "9/11/2025"
        }
    }
]