[
  {
    "senderID": "100093640491097",
    "opt": {
      "name": "Pham Hoang Bach",
      "gio": "16:52:42",
      "ngay": "2025-11-5",
      "burh": "5/11/2025"
    }
  },
  {
    "senderID": "100083131581946",
    "opt": {
      "name": "Thục Đoan",
      "gio": "16:56:44",
      "ngay": "2025-11-5",
      "burh": "5/11/2025"
    }
  },
  {
    "senderID": "61583145028839",
    "opt": {
      "name": "Nhu Lam",
      "gio": "17:06:13",
      "ngay": "2025-11-5",
      "burh": "5/11/2025"
    }
  },
  {
    "senderID": "100064708970278",
    "opt": {
      "name": "Quynh Trang",
      "gio": "17:41:27",
      "ngay": "2025-11-5",
      "burh": "5/11/2025"
    }
  },
  {
    "senderID": "61554314979220",
    "opt": {
      "name": "Ngọc Quân",
      "gio": "17:52:20",
      "ngay": "2025-11-5",
      "burh": "5/11/2025"
    }
  },
  {
    "senderID": "61559552826343",
    "opt": {
      "name": "Em Chi Chợ Lớn",
      "gio": "17:52:26",
      "ngay": "2025-11-5",
      "burh": "5/11/2025"
    }
  },
  {
    "senderID": "100073639420918",
    "opt": {
      "name": "Ng Van Hungg 💤",
      "gio": "18:07:00",
      "ngay": "2025-11-5",
      "burh": "5/11/2025"
    }
  },
  {
    "senderID": "61571533057280",
    "opt": {
      "name": "Mỹ Tâm",
      "gio": "18:50:52",
      "ngay": "2025-11-5",
      "burh": "5/11/2025"
    }
  },
  {
    "senderID": "100000895922054",
    "opt": {
      "name": "Ng Van Hungg 🌸",
      "gio": "18:58:18",
      "ngay": "2025-11-5",
      "burh": "5/11/2025"
    }
  },
  {
    "senderID": "61575816587735",
    "opt": {
      "name": "Đình Duy",
      "gio": "19:17:25",
      "ngay": "2025-11-5",
      "burh": "5/11/2025"
    }
  },
  {
    "senderID": "61578732446138",
    "opt": {
      "name": "Quân Pham",
      "gio": "21:15:34",
      "ngay": "2025-11-5",
      "burh": "5/11/2025"
    }
  },
  {
    "senderID": "61576325364374",
    "opt": {
      "name": null,
      "gio": "21:16:38",
      "ngay": "2025-11-5",
      "burh": "5/11/2025"
    }
  },
  {
    "senderID": "100088476637360",
    "opt": {
      "name": "Hà Huy Khang",
      "gio": "21:42:15",
      "ngay": "2025-11-5",
      "burh": "5/11/2025"
    }
  },
  {
    "senderID": "61558065826014",
    "opt": {
      "name": "Trung Hieu",
      "gio": "22:01:34",
      "ngay": "2025-11-5",
      "burh": "5/11/2025"
    }
  },
  {
    "senderID": "100041477167934",
    "opt": {
      "name": "Hưng Hoàng",
      "gio": "22:20:00",
      "ngay": "2025-11-5",
      "burh": "5/11/2025"
    }
  },
  {
    "senderID": "61577051364085",
    "opt": {
      "name": "Su Kem Vỏ Giòn",
      "gio": "22:45:25",
      "ngay": "2025-11-5",
      "burh": "5/11/2025"
    }
  },
  {
    "senderID": "61572376845966",
    "opt": {
      "name": "Đình Nam",
      "gio": "23:07:00",
      "ngay": "2025-11-5",
      "burh": "5/11/2025"
    }
  },
  {
    "senderID": "100010108360188",
    "opt": {
      "name": "Phạm Văn Dũng",
      "gio": "00:00:25",
      "ngay": "2025-11-6",
      "burh": "6/11/2025"
    }
  },
  {
    "senderID": "100057386364003",
    "opt": {
      "name": "Dieuu Chaan",
      "gio": "00:29:10",
      "ngay": "2025-11-6",
      "burh": "6/11/2025"
    }
  },
  {
    "senderID": "100082276400646",
    "opt": {
      "name": "NT Ngọc Ánh",
      "gio": "00:36:03",
      "ngay": "2025-11-6",
      "burh": "6/11/2025"
    }
  },
  {
    "senderID": "100075409007905",
    "opt": {
      "name": "Federico Santiago",
      "gio": "06:27:23",
      "ngay": "2025-11-6",
      "burh": "6/11/2025"
    }
  },
  {
    "senderID": "686620223",
    "opt": {
      "name": null,
      "gio": "09:26:19",
      "ngay": "2025-11-6",
      "burh": "6/11/2025"
    }
  },
  {
    "senderID": "61579036598777",
    "opt": {
      "name": "Người dùng Facebook",
      "gio": "11:46:01",
      "ngay": "2025-11-6",
      "burh": "6/11/2025"
    }
  },
  {
    "senderID": "61562088508117",
    "opt": {
      "name": "Gia Bảo",
      "gio": "16:50:03",
      "ngay": "2025-11-6",
      "burh": "6/11/2025"
    }
  },
  {
    "senderID": "61556527871248",
    "opt": {
      "name": "Vi Đình Tuấn",
      "gio": "21:18:36",
      "ngay": "2025-11-6",
      "burh": "6/11/2025"
    }
  },
  {
    "senderID": "61557424827105",
    "opt": {
      "name": "Thiên Bảo",
      "gio": "00:08:58",
      "ngay": "2025-11-7",
      "burh": "7/11/2025"
    }
  },
  {
    "senderID": "100065324941006",
    "opt": {
      "name": "Tran Tam CT",
      "gio": "13:49:06",
      "ngay": "2025-11-7",
      "burh": "7/11/2025"
    }
  },
  {
    "senderID": "100074151125907",
    "opt": {
      "name": "Pham Hoang Long",
      "gio": "15:55:35",
      "ngay": "2025-11-7",
      "burh": "7/11/2025"
    }
  },
  {
    "senderID": "100051755063397",
    "opt": {
      "name": "Khanh Ha",
      "gio": "16:02:18",
      "ngay": "2025-11-7",
      "burh": "7/11/2025"
    }
  },
  {
    "senderID": "100024707672549",
    "opt": {
      "name": "Quân Hoàng",
      "gio": "16:41:06",
      "ngay": "2025-11-7",
      "burh": "7/11/2025"
    }
  },
  {
    "senderID": "61577915651285",
    "opt": {
      "name": "Minh Thu",
      "gio": "22:18:54",
      "ngay": "2025-11-7",
      "burh": "7/11/2025"
    }
  },
  {
    "senderID": "100055392288339",
    "opt": {
      "name": "Quốcc Tháii",
      "gio": "23:17:26",
      "ngay": "2025-11-7",
      "burh": "7/11/2025"
    }
  },
  {
    "senderID": "100086494992532",
    "opt": {
      "name": "Nngoc Baoanh",
      "gio": "00:35:40",
      "ngay": "2025-11-8",
      "burh": "8/11/2025"
    }
  },
  {
    "senderID": "61574621021735",
    "opt": {
      "name": null,
      "gio": "09:08:33",
      "ngay": "2025-11-8",
      "burh": "8/11/2025"
    }
  },
  {
    "senderID": "100084633165624",
    "opt": {
      "name": "Nhu Quynh",
      "gio": "17:07:50",
      "ngay": "2025-11-8",
      "burh": "8/11/2025"
    }
  },
  {
    "senderID": "100074463322686",
    "opt": {
      "name": "Nguyễn Hoàng Văn",
      "gio": "17:19:58",
      "ngay": "2025-11-8",
      "burh": "8/11/2025"
    }
  },
  {
    "senderID": "61576774539910",
    "opt": {
      "name": null,
      "gio": "17:20:32",
      "ngay": "2025-11-8",
      "burh": "8/11/2025"
    }
  },
  {
    "senderID": "61576136280871",
    "opt": {
      "name": "Lynh Hà",
      "gio": "21:10:07",
      "ngay": "2025-11-8",
      "burh": "8/11/2025"
    }
  },
  {
    "senderID": "61550030184394",
    "opt": {
      "name": "️️️️️️️️️️️️️️️️️️️️️️️️️️️️️️️️️️️️️️️️️️️️️️️️️️️️️️️️️️️️️️️️️️️️️️️️️️️️️️️️️️️️️️️️️️️️️️️️️️️️️️️️️️️️️️️️️️️️️️️️️️️️️️️️️️️️️️️️️️️️️️️️️️️️️️️️️️️️️️️️️️️️️️️️️️ ",
      "gio": "00:00:10",
      "ngay": "2025-11-9",
      "burh": "9/11/2025"
    }
  },
  {
    "senderID": "100069142431023",
    "opt": {
      "name": "Thanh Tuấn",
      "gio": "17:34:13",
      "ngay": "2025-11-9",
      "burh": "9/11/2025"
    }
  },
  {
    "id": "100064708970278",
    "time": "17:39:03, 09/11/2025"
  },
  {
    "id": "100073639420918",
    "time": "17:39:03, 09/11/2025"
  },
  {
    "id": "61575816587735",
    "time": "17:39:03, 09/11/2025"
  },
  {
    "id": "100088476637360",
    "time": "17:39:03, 09/11/2025"
  },
  {
    "id": "61558065826014",
    "time": "17:39:03, 09/11/2025"
  },
  {
    "id": "100024707672549",
    "time": "17:39:03, 09/11/2025"
  },
  {
    "id": "100086494992532",
    "time": "17:39:03, 09/11/2025"
  },
  {
    "id": "100086910727546",
    "time": "17:39:03, 09/11/2025"
  },
  {
    "id": "61571533057280",
    "time": "17:39:03, 09/11/2025"
  },
  {
    "id": "100084633165624",
    "time": "17:39:03, 09/11/2025"
  },
  {
    "id": "61577614858206",
    "time": "17:39:03, 09/11/2025"
  },
  {
    "id": "100009445646316",
    "time": "17:39:03, 09/11/2025"
  },
  {
    "id": "100067126395064",
    "time": "17:39:03, 09/11/2025"
  },
  {
    "id": "61564760353918",
    "time": "17:39:03, 09/11/2025"
  },
  {
    "id": "100074151125907",
    "time": "17:39:03, 09/11/2025"
  },
  {
    "id": "100054754440440",
    "time": "17:39:03, 09/11/2025"
  },
  {
    "id": "61581604950640",
    "time": "17:39:03, 09/11/2025"
  },
  {
    "id": "100066067487529",
    "time": "17:39:03, 09/11/2025"
  },
  {
    "id": "61569916378501",
    "time": "17:39:03, 09/11/2025"
  },
  {
    "id": "61553572814432",
    "time": "17:39:03, 09/11/2025"
  },
  {
    "id": "61550030184394",
    "time": "17:39:03, 09/11/2025"
  },
  {
    "id": "61575239162345",
    "time": "17:39:03, 09/11/2025"
  },
  {
    "id": "100004390185214",
    "time": "17:39:03, 09/11/2025"
  },
  {
    "id": "100072123769863",
    "time": "17:39:03, 09/11/2025"
  },
  {
    "id": "61560263442337",
    "time": "17:39:03, 09/11/2025"
  },
  {
    "id": "100010108360188",
    "time": "17:39:03, 09/11/2025"
  },
  {
    "id": "61564230477383",
    "time": "17:39:03, 09/11/2025"
  },
  {
    "id": "100087057888159",
    "time": "17:39:03, 09/11/2025"
  },
  {
    "id": "100065324941006",
    "time": "17:39:03, 09/11/2025"
  },
  {
    "id": "61579036598777",
    "time": "17:39:03, 09/11/2025"
  },
  {
    "id": "100069142431023",
    "time": "17:39:03, 09/11/2025"
  },
  {
    "id": "61551953797013",
    "time": "17:39:03, 09/11/2025"
  },
  {
    "id": "61581815902288",
    "time": "17:39:03, 09/11/2025"
  },
  {
    "id": "61553961751177",
    "time": "17:39:03, 09/11/2025"
  },
  {
    "id": "100082276400646",
    "time": "17:39:03, 09/11/2025"
  },
  {
    "id": "100084373594347",
    "time": "17:39:03, 09/11/2025"
  },
  {
    "id": "100083131581946",
    "time": "17:39:03, 09/11/2025"
  },
  {
    "id": "100041477167934",
    "time": "17:39:03, 09/11/2025"
  },
  {
    "id": "61577185356108",
    "time": "17:39:03, 09/11/2025"
  },
  {
    "id": "100037647456444",
    "time": "17:39:03, 09/11/2025"
  },
  {
    "id": "61568180060519",
    "time": "17:39:03, 09/11/2025"
  },
  {
    "id": "61554314979220",
    "time": "17:39:03, 09/11/2025"
  },
  {
    "id": "100093640491097",
    "time": "17:39:03, 09/11/2025"
  },
  {
    "id": "61578971033010",
    "time": "17:39:03, 09/11/2025"
  },
  {
    "id": "100029315364317",
    "time": "17:39:03, 09/11/2025"
  },
  {
    "id": "61551726767243",
    "time": "17:39:03, 09/11/2025"
  },
  {
    "id": "61562088508117",
    "time": "17:39:03, 09/11/2025"
  },
  {
    "id": "100057386364003",
    "time": "17:39:03, 09/11/2025"
  },
  {
    "id": "100074463322686",
    "time": "17:39:03, 09/11/2025"
  },
  {
    "id": "61556527871248",
    "time": "17:39:03, 09/11/2025"
  },
  {
    "id": "61569351194877",
    "time": "17:39:03, 09/11/2025"
  },
  {
    "id": "61572376845966",
    "time": "17:39:03, 09/11/2025"
  },
  {
    "id": "100051755063397",
    "time": "17:39:03, 09/11/2025"
  },
  {
    "id": "61573798941795",
    "time": "17:39:03, 09/11/2025"
  },
  {
    "id": "61583064182506",
    "time": "17:39:03, 09/11/2025"
  },
  {
    "id": "61577051364085",
    "time": "17:39:03, 09/11/2025"
  },
  {
    "id": "100075409007905",
    "time": "17:39:03, 09/11/2025"
  },
  {
    "id": "61557424827105",
    "time": "17:39:03, 09/11/2025"
  },
  {
    "id": "100055392288339",
    "time": "17:39:03, 09/11/2025"
  },
  {
    "id": "100051531621799",
    "time": "17:39:03, 09/11/2025"
  },
  {
    "id": "61577915651285",
    "time": "17:39:03, 09/11/2025"
  },
  {
    "id": "61559552826343",
    "time": "17:39:03, 09/11/2025"
  },
  {
    "id": "100070855328111",
    "time": "17:39:03, 09/11/2025"
  },
  {
    "id": "61580667656234",
    "time": "17:39:03, 09/11/2025"
  },
  {
    "id": "61583145028839",
    "time": "17:39:03, 09/11/2025"
  },
  {
    "id": "100000895922054",
    "time": "17:39:03, 09/11/2025"
  },
  {
    "id": "61575714232488",
    "time": "17:39:03, 09/11/2025"
  },
  {
    "id": "61574621021735",
    "time": "17:39:03, 09/11/2025"
  },
  {
    "id": "686620223",
    "time": "17:39:03, 09/11/2025"
  },
  {
    "senderID": "100066067487529",
    "opt": {
      "name": "Đức Huy",
      "gio": "20:13:14",
      "ngay": "2025-11-9",
      "burh": "9/11/2025"
    }
  },
  {
    "senderID": "100009445646316",
    "opt": {
      "name": "Cong Tu Bot",
      "gio": "22:11:39",
      "ngay": "2025-11-9",
      "burh": "9/11/2025"
    }
  },
  {
    "senderID": "61578971033010",
    "opt": {
      "name": "Mặc Vest Đi Net",
      "gio": "09:11:15",
      "ngay": "2025-11-12",
      "burh": "12/11/2025"
    }
  },
  {
    "id": "61561111749001",
    "time": "15:16:08, 12/11/2025"
  },
  {
    "senderID": "61560263442337",
    "opt": {
      "name": "Khang Mn",
      "gio": "15:40:35",
      "ngay": "2025-11-12",
      "burh": "12/11/2025"
    }
  },
  {
    "senderID": "61561111749001",
    "opt": {
      "name": null,
      "gio": "15:41:24",
      "ngay": "2025-11-12",
      "burh": "12/11/2025"
    }
  },
  {
    "id": "100091654176721",
    "time": "16:13:31, 12/11/2025"
  },
  {
    "senderID": "100091654176721",
    "opt": {
      "name": null,
      "gio": "16:14:39",
      "ngay": "2025-11-12",
      "burh": "12/11/2025"
    }
  }
]