[
  {
    "senderID": "928752",
    "opt": {
      "name": "Lại Xuân Thành �",
      "gio": "17:22:09",
      "ngay": "2025-11-5",
      "burh": "5/11/2025"
    }
  },
  {
    "senderID": "100078392752170",
    "opt": {
      "name": "Nguyễn Ngọc Trinh",
      "gio": "18:10:41",
      "ngay": "2025-11-5",
      "burh": "5/11/2025"
    }
  },
  {
    "senderID": "525858962",
    "opt": {
      "name": "Nguyễn Việt Hùng",
      "gio": "18:18:16",
      "ngay": "2025-11-5",
      "burh": "5/11/2025"
    }
  },
  {
    "senderID": "1563549671",
    "opt": {
      "name": "Nguyễn Hải Đăng",
      "gio": "20:21:02",
      "ngay": "2025-11-5",
      "burh": "5/11/2025"
    }
  },
  {
    "senderID": "707251363",
    "opt": {
      "name": "Lại Xuân Thành",
      "gio": "23:20:37",
      "ngay": "2025-11-5",
      "burh": "5/11/2025"
    }
  },
  {
    "senderID": "100000895922054",
    "opt": {
      "name": "Ng Van Hungg 🌸",
      "gio": "00:00:08",
      "ngay": "2025-11-6",
      "burh": "6/11/2025"
    }
  },
  {
    "id": "100073639420918",
    "time": "22:43:50, 09/11/2025"
  },
  {
    "id": "928752",
    "time": "22:43:50, 09/11/2025"
  },
  {
    "id": "100087990794451",
    "time": "22:43:50, 09/11/2025"
  },
  {
    "id": "61557868687991",
    "time": "22:43:50, 09/11/2025"
  },
  {
    "id": "100084111663761",
    "time": "22:43:50, 09/11/2025"
  },
  {
    "id": "707251363",
    "time": "22:43:50, 09/11/2025"
  },
  {
    "id": "801695138",
    "time": "22:43:50, 09/11/2025"
  },
  {
    "id": "100078259421828",
    "time": "22:43:50, 09/11/2025"
  },
  {
    "id": "100009372353897",
    "time": "22:43:50, 09/11/2025"
  },
  {
    "id": "1563549671",
    "time": "22:43:50, 09/11/2025"
  },
  {
    "id": "100084153722727",
    "time": "22:43:50, 09/11/2025"
  },
  {
    "id": "525858962",
    "time": "22:43:50, 09/11/2025"
  },
  {
    "id": "1433125114",
    "time": "22:43:50, 09/11/2025"
  },
  {
    "id": "100086301304557",
    "time": "22:43:50, 09/11/2025"
  },
  {
    "id": "61563680424333",
    "time": "22:43:50, 09/11/2025"
  },
  {
    "id": "100058254950380",
    "time": "22:43:50, 09/11/2025"
  },
  {
    "id": "61575146865702",
    "time": "22:43:50, 09/11/2025"
  },
  {
    "id": "100078392752170",
    "time": "22:43:50, 09/11/2025"
  },
  {
    "id": "100082665360412",
    "time": "22:43:50, 09/11/2025"
  },
  {
    "id": "100000895922054",
    "time": "22:43:50, 09/11/2025"
  },
  {
    "id": "61550030184394",
    "time": "22:43:50, 09/11/2025"
  },
  {
    "senderID": "100073639420918",
    "opt": {
      "name": "Ng Van Hungg 💤",
      "gio": "22:43:50",
      "ngay": "2025-11-9",
      "burh": "9/11/2025"
    }
  },
  {
    "senderID": "61550030184394",
    "opt": {
      "name": "️️️️️️️️️️️️️️️️️️️️️️️️️️️️️️️️️️️️️️️️️️️️️️️️️️️️️️️️️️️️️️️️️️️️️️️️️️️️️️️️️️️️️️️️️️️️️️️️️️️️️️️️️️️️️️️️️️️️️️️️️️️️️️️️️️️️️️️️️️️️️️️️️️️️️️️️️️️️️️️️️️️️️️️️️️ ",
      "gio": "22:43:52",
      "ngay": "2025-11-9",
      "burh": "9/11/2025"
    }
  }
]