[
  {
    "senderID": "100024136442115",
    "opt": {
      "name": "Chung Hoàng",
      "gio": "18:28:18",
      "ngay": "2025-11-5",
      "burh": "5/11/2025"
    }
  },
  {
    "senderID": "61576665872505",
    "opt": {
      "name": "Nguyen Hieu Thuan",
      "gio": "18:37:11",
      "ngay": "2025-11-5",
      "burh": "5/11/2025"
    }
  },
  {
    "senderID": "100064932470467",
    "opt": {
      "name": "Công Khánh",
      "gio": "18:55:27",
      "ngay": "2025-11-5",
      "burh": "5/11/2025"
    }
  },
  {
    "senderID": "100087650837029",
    "opt": {
      "name": "Tuan Nguyễn",
      "gio": "19:27:40",
      "ngay": "2025-11-5",
      "burh": "5/11/2025"
    }
  },
  {
    "senderID": "100035367933738",
    "opt": {
      "name": "Ngọc Đào",
      "gio": "13:15:30",
      "ngay": "2025-11-6",
      "burh": "6/11/2025"
    }
  },
  {
    "senderID": "61566393601413",
    "opt": {
      "name": "Việt Hưng",
      "gio": "13:31:41",
      "ngay": "2025-11-6",
      "burh": "6/11/2025"
    }
  },
  {
    "senderID": "100084320600549",
    "opt": {
      "name": "Vũ Khang",
      "gio": "22:13:02",
      "ngay": "2025-11-6",
      "burh": "6/11/2025"
    }
  },
  {
    "senderID": "100068027687443",
    "opt": {
      "name": "Nguyễn Hữu Phước",
      "gio": "22:14:21",
      "ngay": "2025-11-6",
      "burh": "6/11/2025"
    }
  },
  {
    "senderID": "100041284156678",
    "opt": {
      "name": "Nguyễn Ngọc Hải",
      "gio": "09:46:45",
      "ngay": "2025-11-7",
      "burh": "7/11/2025"
    }
  },
  {
    "senderID": "100000895922054",
    "opt": {
      "name": "Ng Van Hungg 🌸",
      "gio": "21:52:06",
      "ngay": "2025-11-7",
      "burh": "7/11/2025"
    }
  },
  {
    "senderID": "100073639420918",
    "opt": {
      "name": "Ng Van Hungg 💤",
      "gio": "21:56:34",
      "ngay": "2025-11-7",
      "burh": "7/11/2025"
    }
  },
  {
    "senderID": "100064689767482",
    "opt": {
      "name": "Mai Van Thuan",
      "gio": "00:09:04",
      "ngay": "2025-11-9",
      "burh": "9/11/2025"
    }
  },
  {
    "senderID": "61554597608703",
    "opt": {
      "name": "Kiều Nhi",
      "gio": "12:56:58",
      "ngay": "2025-11-9",
      "burh": "9/11/2025"
    }
  },
  {
    "senderID": "100042024789903",
    "opt": {
      "name": "Đức Thắng",
      "gio": "13:22:59",
      "ngay": "2025-11-9",
      "burh": "9/11/2025"
    }
  },
  {
    "senderID": "100072722177769",
    "opt": {
      "name": "Phong Duong",
      "gio": "13:50:13",
      "ngay": "2025-11-9",
      "burh": "9/11/2025"
    }
  },
  {
    "id": "100024136442115",
    "time": "19:02:07, 09/11/2025"
  },
  {
    "id": "61559705366517",
    "time": "19:02:07, 09/11/2025"
  },
  {
    "id": "100070089380033",
    "time": "19:02:07, 09/11/2025"
  },
  {
    "id": "100042024789903",
    "time": "19:02:07, 09/11/2025"
  },
  {
    "id": "100035049247122",
    "time": "19:02:07, 09/11/2025"
  },
  {
    "id": "100012232897817",
    "time": "19:02:07, 09/11/2025"
  },
  {
    "id": "100027370930855",
    "time": "19:02:07, 09/11/2025"
  },
  {
    "id": "61564972635805",
    "time": "19:02:07, 09/11/2025"
  },
  {
    "id": "100078257641893",
    "time": "19:02:07, 09/11/2025"
  },
  {
    "id": "100092681521046",
    "time": "19:02:07, 09/11/2025"
  },
  {
    "id": "777054368",
    "time": "19:02:07, 09/11/2025"
  },
  {
    "id": "100068027687443",
    "time": "19:02:07, 09/11/2025"
  },
  {
    "id": "100041284156678",
    "time": "19:02:07, 09/11/2025"
  },
  {
    "id": "100043659554768",
    "time": "19:02:07, 09/11/2025"
  },
  {
    "id": "61554597608703",
    "time": "19:02:07, 09/11/2025"
  },
  {
    "id": "100064932470467",
    "time": "19:02:07, 09/11/2025"
  },
  {
    "id": "100084320600549",
    "time": "19:02:07, 09/11/2025"
  },
  {
    "id": "100064689767482",
    "time": "19:02:07, 09/11/2025"
  },
  {
    "id": "100062239370028",
    "time": "19:02:07, 09/11/2025"
  },
  {
    "id": "100038224367233",
    "time": "19:02:07, 09/11/2025"
  },
  {
    "id": "61566393601413",
    "time": "19:02:07, 09/11/2025"
  },
  {
    "id": "100035367933738",
    "time": "19:02:07, 09/11/2025"
  },
  {
    "id": "61581736696241",
    "time": "19:02:07, 09/11/2025"
  },
  {
    "id": "100072575512862",
    "time": "19:02:07, 09/11/2025"
  },
  {
    "id": "100052580522111",
    "time": "19:02:07, 09/11/2025"
  },
  {
    "id": "100048643193718",
    "time": "19:02:07, 09/11/2025"
  },
  {
    "id": "100072722177769",
    "time": "19:02:07, 09/11/2025"
  },
  {
    "id": "100073639420918",
    "time": "19:02:07, 09/11/2025"
  },
  {
    "id": "61550030184394",
    "time": "19:02:07, 09/11/2025"
  },
  {
    "id": "61576665872505",
    "time": "19:02:07, 09/11/2025"
  },
  {
    "id": "100080822628204",
    "time": "19:02:07, 09/11/2025"
  },
  {
    "id": "100000895922054",
    "time": "19:02:07, 09/11/2025"
  },
  {
    "id": "61554213342819",
    "time": "19:02:07, 09/11/2025"
  },
  {
    "senderID": "100027370930855",
    "opt": {
      "name": "Võ Minh Tiến",
      "gio": "19:02:07",
      "ngay": "2025-11-9",
      "burh": "9/11/2025"
    }
  },
  {
    "senderID": "777054368",
    "opt": {
      "name": "Lê Anh Quân",
      "gio": "19:45:26",
      "ngay": "2025-11-9",
      "burh": "9/11/2025"
    }
  },
  {
    "senderID": "61550030184394",
    "opt": {
      "name": "️️️️️️️️️️️️️️️️️️️️️️️️️️️️️️️️️️️️️️️️️️️️️️️️️️️️️️️️️️️️️️️️️️️️️️️️️️️️️️️️️️️️️️️️️️️️️️️️️️️️️️️️️️️️️️️️️️️️️️️️️️️️️️️️️️️️️️️️️️️️️️️️️️️️️️️️️️️️️️️️️️️️️️️️️️ ",
      "gio": "00:00:08",
      "ngay": "2025-11-10",
      "burh": "10/11/2025"
    }
  },
  {
    "senderID": "100072575512862",
    "opt": {
      "name": "Đinh Duy Quang",
      "gio": "00:35:59",
      "ngay": "2025-11-10",
      "burh": "10/11/2025"
    }
  },
  {
    "senderID": "100038224367233",
    "opt": {
      "name": "Nguyen Minh",
      "gio": "02:46:40",
      "ngay": "2025-11-11",
      "burh": "11/11/2025"
    }
  }
]