[
  {
    "senderID": "100000493975005",
    "opt": {
      "name": "Nguyễn Đinh Tiến Dũng",
      "gio": "16:24:46",
      "ngay": "2025-11-5",
      "burh": "5/11/2025"
    }
  },
  {
    "senderID": "502275138",
    "opt": {
      "name": "Phạm Minh Đồng",
      "gio": "16:24:52",
      "ngay": "2025-11-5",
      "burh": "5/11/2025"
    }
  },
  {
    "senderID": "100073639420918",
    "opt": {
      "name": "Ng Van Hungg 💤",
      "gio": "16:25:24",
      "ngay": "2025-11-5",
      "burh": "5/11/2025"
    }
  },
  {
    "senderID": "100079543967576",
    "opt": {
      "name": "Le Ngoc Duy",
      "gio": "16:28:08",
      "ngay": "2025-11-5",
      "burh": "5/11/2025"
    }
  },
  {
    "senderID": "61564114700108",
    "opt": {
      "name": "Gia Long 🪐",
      "gio": "16:28:45",
      "ngay": "2025-11-5",
      "burh": "5/11/2025"
    }
  },
  {
    "senderID": "100000895922054",
    "opt": {
      "name": "Ng Van Hungg 🌸",
      "gio": "16:46:31",
      "ngay": "2025-11-5",
      "burh": "5/11/2025"
    }
  },
  {
    "senderID": "100072900513635",
    "opt": {
      "name": "Huy Hoàng",
      "gio": "16:46:31",
      "ngay": "2025-11-5",
      "burh": "5/11/2025"
    }
  },
  {
    "senderID": "61580782596177",
    "opt": {
      "name": "Le Ngoc Duy",
      "gio": "16:46:36",
      "ngay": "2025-11-5",
      "burh": "5/11/2025"
    }
  },
  {
    "senderID": "100068096370437",
    "opt": {
      "name": "Minh Đồng",
      "gio": "16:46:42",
      "ngay": "2025-11-5",
      "burh": "5/11/2025"
    }
  },
  {
    "senderID": "100040472494187",
    "opt": {
      "name": "Nguyễn Tuấn Ninh",
      "gio": "16:52:08",
      "ngay": "2025-11-5",
      "burh": "5/11/2025"
    }
  },
  {
    "senderID": "1631016269",
    "opt": {
      "name": "Phạm Minh Đồng",
      "gio": "16:52:14",
      "ngay": "2025-11-5",
      "burh": "5/11/2025"
    }
  },
  {
    "senderID": "100090458979503",
    "opt": {
      "name": "🌸🎧💙👾 Tuan Khanh 🎶🌙✨💤",
      "gio": "16:53:38",
      "ngay": "2025-11-5",
      "burh": "5/11/2025"
    }
  },
  {
    "senderID": "100037140780211",
    "opt": {
      "name": "𝔻𝕠 𝔸𝕟𝕙 𝔻𝕦𝕪 :) ②⓪⓪⑤",
      "gio": "16:58:44",
      "ngay": "2025-11-5",
      "burh": "5/11/2025"
    }
  },
  {
    "senderID": "61559038552323",
    "opt": {
      "name": "Vo Khoi Nguyen",
      "gio": "17:00:52",
      "ngay": "2025-11-5",
      "burh": "5/11/2025"
    }
  },
  {
    "senderID": "100075493308135",
    "opt": {
      "name": "Nguyen Lam 🐬",
      "gio": "17:03:33",
      "ngay": "2025-11-5",
      "burh": "5/11/2025"
    }
  },
  {
    "senderID": "1429451704",
    "opt": {
      "name": "Hoàng Gia Bảo",
      "gio": "17:11:39",
      "ngay": "2025-11-5",
      "burh": "5/11/2025"
    }
  },
  {
    "senderID": "100071894952726",
    "opt": {
      "name": "Khúc Đình Hiệp",
      "gio": "17:12:21",
      "ngay": "2025-11-5",
      "burh": "5/11/2025"
    }
  },
  {
    "senderID": "61562700164208",
    "opt": {
      "name": "Shí Kalz",
      "gio": "17:26:34",
      "ngay": "2025-11-5",
      "burh": "5/11/2025"
    }
  },
  {
    "senderID": "689881635",
    "opt": {
      "name": "Nguyen Van Toan",
      "gio": "17:49:52",
      "ngay": "2025-11-5",
      "burh": "5/11/2025"
    }
  },
  {
    "senderID": "61572103130882",
    "opt": {
      "name": "Nguyễn Thỏ Kim",
      "gio": "18:01:42",
      "ngay": "2025-11-5",
      "burh": "5/11/2025"
    }
  },
  {
    "senderID": "61563899065241",
    "opt": {
      "name": "Băng Sói",
      "gio": "18:03:07",
      "ngay": "2025-11-5",
      "burh": "5/11/2025"
    }
  },
  {
    "senderID": "100074278195157",
    "opt": {
      "name": "Quoc Duy",
      "gio": "18:09:01",
      "ngay": "2025-11-5",
      "burh": "5/11/2025"
    }
  },
  {
    "senderID": "61552053302073",
    "opt": {
      "name": null,
      "gio": "18:42:06",
      "ngay": "2025-11-5",
      "burh": "5/11/2025"
    }
  },
  {
    "senderID": "61580653875929",
    "opt": {
      "name": "Bat",
      "gio": "18:45:28",
      "ngay": "2025-11-5",
      "burh": "5/11/2025"
    }
  },
  {
    "senderID": "100015708247902",
    "opt": {
      "name": "Lê Tuấn Vỹ",
      "gio": "18:52:55",
      "ngay": "2025-11-5",
      "burh": "5/11/2025"
    }
  },
  {
    "senderID": "100066838458710",
    "opt": {
      "name": "Truong Tho🌷",
      "gio": "19:36:51",
      "ngay": "2025-11-5",
      "burh": "5/11/2025"
    }
  },
  {
    "senderID": "100067827494573",
    "opt": {
      "name": "Minh Truong",
      "gio": "19:39:23",
      "ngay": "2025-11-5",
      "burh": "5/11/2025"
    }
  },
  {
    "senderID": "651647356",
    "opt": {
      "name": "Nguyễn Thanh Tuấn",
      "gio": "19:40:59",
      "ngay": "2025-11-5",
      "burh": "5/11/2025"
    }
  },
  {
    "senderID": "100000549203334",
    "opt": {
      "name": "Ngô Mai Nguyên Dương",
      "gio": "21:31:40",
      "ngay": "2025-11-5",
      "burh": "5/11/2025"
    }
  },
  {
    "senderID": "100000009580166",
    "opt": {
      "name": "Trần Văn Tân  ⚔🎮🐿🔥",
      "gio": "21:39:25",
      "ngay": "2025-11-5",
      "burh": "5/11/2025"
    }
  },
  {
    "senderID": "61575838616054",
    "opt": {
      "name": "Lê Văn Hoàng",
      "gio": "22:30:52",
      "ngay": "2025-11-5",
      "burh": "5/11/2025"
    }
  },
  {
    "senderID": "100056953105174",
    "opt": {
      "name": "𝙃𝙪𝙮𝙣𝙝 𝙏𝙝𝙪𝙮 𝘿𝙪𝙤𝙣𝙜 𝙏𝙧𝙪𝙘 :(",
      "gio": "02:41:44",
      "ngay": "2025-11-6",
      "burh": "6/11/2025"
    }
  },
  {
    "senderID": "100033476377058",
    "opt": {
      "name": "Đặng Ngọc Thắng",
      "gio": "10:12:59",
      "ngay": "2025-11-6",
      "burh": "6/11/2025"
    }
  },
  {
    "senderID": "100063600331393",
    "opt": {
      "name": "Thanh Loc",
      "gio": "10:22:45",
      "ngay": "2025-11-6",
      "burh": "6/11/2025"
    }
  },
  {
    "senderID": "100072439105441",
    "opt": {
      "name": "˖Lê Chí ✧˖°",
      "gio": "10:24:00",
      "ngay": "2025-11-6",
      "burh": "6/11/2025"
    }
  },
  {
    "senderID": "100092742547112",
    "opt": {
      "name": null,
      "gio": "14:17:50",
      "ngay": "2025-11-6",
      "burh": "6/11/2025"
    }
  },
  {
    "senderID": "100090010266756",
    "opt": {
      "name": "Ngô Nguyễn Minh Trí",
      "gio": "14:53:06",
      "ngay": "2025-11-6",
      "burh": "6/11/2025"
    }
  },
  {
    "senderID": "100027248830437",
    "opt": {
      "name": "Hoàng Nguyễn",
      "gio": "17:12:52",
      "ngay": "2025-11-6",
      "burh": "6/11/2025"
    }
  },
  {
    "senderID": "100092364073953",
    "opt": {
      "name": "️️️️️️️️️️️️️️️️️️️️️️️️️️️️️️️️️️️️️️️️️️️️️️️️️️️️️️️️️️️️️️️️️️️️️️️️️️️️️️️️️️️️️️️️️️️️️️️️️️️️️️️️️️️️️️️️️️️️️️️️️️️️️️️️️️️️️️️️️️️️️️️️️️️️️️️️️️️️️️️️️️️️️️️️️️",
      "gio": "17:46:46",
      "ngay": "2025-11-6",
      "burh": "6/11/2025"
    }
  },
  {
    "senderID": "100081730332704",
    "opt": {
      "name": "Hoàng Quỳnh",
      "gio": "18:37:57",
      "ngay": "2025-11-6",
      "burh": "6/11/2025"
    }
  },
  {
    "senderID": "100090683697195",
    "opt": {
      "name": "Nguyễn Hùng",
      "gio": "18:40:48",
      "ngay": "2025-11-6",
      "burh": "6/11/2025"
    }
  },
  {
    "senderID": "61572797786982",
    "opt": {
      "name": "Ghét Cá",
      "gio": "18:54:33",
      "ngay": "2025-11-6",
      "burh": "6/11/2025"
    }
  },
  {
    "senderID": "100090472284363",
    "opt": {
      "name": "Minh Thaii",
      "gio": "19:00:05",
      "ngay": "2025-11-6",
      "burh": "6/11/2025"
    }
  },
  {
    "senderID": "61551624013948",
    "opt": {
      "name": "Nqọc Liynh",
      "gio": "19:28:33",
      "ngay": "2025-11-6",
      "burh": "6/11/2025"
    }
  },
  {
    "senderID": "100058313270528",
    "opt": {
      "name": "Văn Lực",
      "gio": "21:46:58",
      "ngay": "2025-11-6",
      "burh": "6/11/2025"
    }
  },
  {
    "senderID": "100041871021842",
    "opt": {
      "name": "Nguyễnn Trọngg🧸🫧💤",
      "gio": "23:26:31",
      "ngay": "2025-11-6",
      "burh": "6/11/2025"
    }
  },
  {
    "senderID": "61554620715942",
    "opt": {
      "name": "Dang Danh",
      "gio": "02:41:40",
      "ngay": "2025-11-7",
      "burh": "7/11/2025"
    }
  },
  {
    "senderID": "61568176484099",
    "opt": {
      "name": "Nguyễn Việt Hoàng",
      "gio": "09:35:44",
      "ngay": "2025-11-7",
      "burh": "7/11/2025"
    }
  },
  {
    "senderID": "61569069606721",
    "opt": {
      "name": "BuiCong Duc",
      "gio": "13:41:28",
      "ngay": "2025-11-7",
      "burh": "7/11/2025"
    }
  },
  {
    "senderID": "100081680783009",
    "opt": {
      "name": "Lê Văn An",
      "gio": "15:42:06",
      "ngay": "2025-11-7",
      "burh": "7/11/2025"
    }
  },
  {
    "senderID": "61575034471403",
    "opt": {
      "name": "👑  Ng Huy  🐙🧸💤",
      "gio": "18:23:36",
      "ngay": "2025-11-7",
      "burh": "7/11/2025"
    }
  },
  {
    "senderID": "100004446542236",
    "opt": {
      "name": "️️️️️️️️️️️️️️️️️️️️️️️️️️️️️️️️️️️️️️️️️️️️️️️️️️️️️️️️️️️️️️️️️️️️️️️️️️️️️️️️️️️️️️️️️️️️️️️️️️️️️️️️️️️️️️️️️️️️️️️️️️️️️️️️️️️️️️️️️️️️️️️️️️️️️️️️️️️️️️️️️️️️️️️️️️ ",
      "gio": "19:53:41",
      "ngay": "2025-11-7",
      "burh": "7/11/2025"
    }
  },
  {
    "senderID": "61555809030974",
    "opt": {
      "name": "Hoàng Quyết Tiến",
      "gio": "22:51:26",
      "ngay": "2025-11-7",
      "burh": "7/11/2025"
    }
  },
  {
    "senderID": "100018277053087",
    "opt": {
      "name": "Lương Trường Khôi",
      "gio": "23:33:21",
      "ngay": "2025-11-7",
      "burh": "7/11/2025"
    }
  },
  {
    "senderID": "100014260212229",
    "opt": {
      "name": "Lê Thu Thủy",
      "gio": "05:53:40",
      "ngay": "2025-11-8",
      "burh": "8/11/2025"
    }
  },
  {
    "senderID": "61570415288447",
    "opt": {
      "name": "Huỳnh Thuỵ Dương Trúc",
      "gio": "10:50:41",
      "ngay": "2025-11-8",
      "burh": "8/11/2025"
    }
  },
  {
    "senderID": "61579289000434",
    "opt": {
      "name": "Thanh Loc",
      "gio": "12:56:05",
      "ngay": "2025-11-8",
      "burh": "8/11/2025"
    }
  },
  {
    "senderID": "61550030184394",
    "opt": {
      "name": "️️️️️️️️️️️️️️️️️️️️️️️️️️️️️️️️️️️️️️️️️️️️️️️️️️️️️️️️️️️️️️️️️️️️️️️️️️️️️️️️️️️️️️️️️️️️️️️️️️️️️️️️️️️️️️️️️️️️️️️️️️️️️️️️️️️️️️️️️️️️️️️️️️️️️️️️️️️️️️️️️️️️️️️️️️ ",
      "gio": "00:00:13",
      "ngay": "2025-11-9",
      "burh": "9/11/2025"
    }
  },
  {
    "senderID": "100047222953427",
    "opt": {
      "name": null,
      "gio": "13:41:59",
      "ngay": "2025-11-9",
      "burh": "9/11/2025"
    }
  },
  {
    "id": "100074278195157",
    "time": "17:33:02, 09/11/2025"
  },
  {
    "id": "100027248830437",
    "time": "17:33:02, 09/11/2025"
  },
  {
    "id": "100066838458710",
    "time": "17:33:02, 09/11/2025"
  },
  {
    "id": "100057273502696",
    "time": "17:33:02, 09/11/2025"
  },
  {
    "id": "100048286966787",
    "time": "17:33:02, 09/11/2025"
  },
  {
    "id": "100083205727767",
    "time": "17:33:02, 09/11/2025"
  },
  {
    "id": "100068096370437",
    "time": "17:33:02, 09/11/2025"
  },
  {
    "id": "100090683697195",
    "time": "17:33:02, 09/11/2025"
  },
  {
    "id": "100071894952726",
    "time": "17:33:02, 09/11/2025"
  },
  {
    "id": "100000493975005",
    "time": "17:33:02, 09/11/2025"
  },
  {
    "id": "100037741424837",
    "time": "17:33:02, 09/11/2025"
  },
  {
    "id": "100004236194656",
    "time": "17:33:02, 09/11/2025"
  },
  {
    "id": "502275138",
    "time": "17:33:02, 09/11/2025"
  },
  {
    "id": "689881635",
    "time": "17:33:02, 09/11/2025"
  },
  {
    "id": "100081730332704",
    "time": "17:33:02, 09/11/2025"
  },
  {
    "id": "100041871021842",
    "time": "17:33:02, 09/11/2025"
  },
  {
    "id": "61551624013948",
    "time": "17:33:02, 09/11/2025"
  },
  {
    "id": "100014260212229",
    "time": "17:33:02, 09/11/2025"
  },
  {
    "id": "100093678746818",
    "time": "17:33:02, 09/11/2025"
  },
  {
    "id": "100075493308135",
    "time": "17:33:02, 09/11/2025"
  },
  {
    "id": "61569069606721",
    "time": "17:33:02, 09/11/2025"
  },
  {
    "id": "100073639420918",
    "time": "17:33:02, 09/11/2025"
  },
  {
    "id": "100018277053087",
    "time": "17:33:02, 09/11/2025"
  },
  {
    "id": "61559038552323",
    "time": "17:33:02, 09/11/2025"
  },
  {
    "id": "100015708247902",
    "time": "17:33:02, 09/11/2025"
  },
  {
    "id": "1429451704",
    "time": "17:33:02, 09/11/2025"
  },
  {
    "id": "100030967444445",
    "time": "17:33:02, 09/11/2025"
  },
  {
    "id": "61570806993271",
    "time": "17:33:02, 09/11/2025"
  },
  {
    "id": "100072439105441",
    "time": "17:33:02, 09/11/2025"
  },
  {
    "id": "1331809870",
    "time": "17:33:02, 09/11/2025"
  },
  {
    "id": "100040472494187",
    "time": "17:33:02, 09/11/2025"
  },
  {
    "id": "100047152010637",
    "time": "17:33:02, 09/11/2025"
  },
  {
    "id": "61574544987224",
    "time": "17:33:02, 09/11/2025"
  },
  {
    "id": "61570415288447",
    "time": "17:33:02, 09/11/2025"
  },
  {
    "id": "61575034471403",
    "time": "17:33:02, 09/11/2025"
  },
  {
    "id": "100000009580166",
    "time": "17:33:02, 09/11/2025"
  },
  {
    "id": "100086169944964",
    "time": "17:33:02, 09/11/2025"
  },
  {
    "id": "100072900513635",
    "time": "17:33:02, 09/11/2025"
  },
  {
    "id": "100056953105174",
    "time": "17:33:02, 09/11/2025"
  },
  {
    "id": "61561511338645",
    "time": "17:33:02, 09/11/2025"
  },
  {
    "id": "61564114700108",
    "time": "17:33:02, 09/11/2025"
  },
  {
    "id": "61580653875929",
    "time": "17:33:02, 09/11/2025"
  },
  {
    "id": "61575838616054",
    "time": "17:33:02, 09/11/2025"
  },
  {
    "id": "61563899065241",
    "time": "17:33:02, 09/11/2025"
  },
  {
    "id": "100069864945865",
    "time": "17:33:02, 09/11/2025"
  },
  {
    "id": "100085129217475",
    "time": "17:33:02, 09/11/2025"
  },
  {
    "id": "100033476377058",
    "time": "17:33:02, 09/11/2025"
  },
  {
    "id": "100004446542236",
    "time": "17:33:02, 09/11/2025"
  },
  {
    "id": "61572103130882",
    "time": "17:33:02, 09/11/2025"
  },
  {
    "id": "100090010266756",
    "time": "17:33:02, 09/11/2025"
  },
  {
    "id": "100090458979503",
    "time": "17:33:02, 09/11/2025"
  },
  {
    "id": "100058313270528",
    "time": "17:33:02, 09/11/2025"
  },
  {
    "id": "61556712443542",
    "time": "17:33:02, 09/11/2025"
  },
  {
    "id": "61555809030974",
    "time": "17:33:02, 09/11/2025"
  },
  {
    "id": "100067827494573",
    "time": "17:33:02, 09/11/2025"
  },
  {
    "id": "61578554588076",
    "time": "17:33:02, 09/11/2025"
  },
  {
    "id": "61576827791297",
    "time": "17:33:02, 09/11/2025"
  },
  {
    "id": "34404613",
    "time": "17:33:02, 09/11/2025"
  },
  {
    "id": "61574838873265",
    "time": "17:33:02, 09/11/2025"
  },
  {
    "id": "61554620715942",
    "time": "17:33:02, 09/11/2025"
  },
  {
    "id": "100037140780211",
    "time": "17:33:02, 09/11/2025"
  },
  {
    "id": "100060760636786",
    "time": "17:33:02, 09/11/2025"
  },
  {
    "id": "61562700164208",
    "time": "17:33:02, 09/11/2025"
  },
  {
    "id": "100013463206585",
    "time": "17:33:02, 09/11/2025"
  },
  {
    "id": "61557921916281",
    "time": "17:33:02, 09/11/2025"
  },
  {
    "id": "100000895922054",
    "time": "17:33:02, 09/11/2025"
  },
  {
    "id": "61550030184394",
    "time": "17:33:02, 09/11/2025"
  },
  {
    "id": "100088805453518",
    "time": "17:33:02, 09/11/2025"
  },
  {
    "id": "100081680783009",
    "time": "17:33:02, 09/11/2025"
  },
  {
    "id": "1631016269",
    "time": "17:33:02, 09/11/2025"
  },
  {
    "id": "100051199328905",
    "time": "17:33:02, 09/11/2025"
  },
  {
    "id": "100024487176902",
    "time": "17:33:02, 09/11/2025"
  },
  {
    "id": "100000549203334",
    "time": "17:33:02, 09/11/2025"
  },
  {
    "id": "100007318625150",
    "time": "17:33:02, 09/11/2025"
  },
  {
    "id": "61572797786982",
    "time": "17:33:02, 09/11/2025"
  },
  {
    "id": "61578201860182",
    "time": "17:33:02, 09/11/2025"
  },
  {
    "id": "61574998082468",
    "time": "17:33:02, 09/11/2025"
  },
  {
    "id": "61553660292735",
    "time": "17:33:02, 09/11/2025"
  },
  {
    "id": "61579289000434",
    "time": "17:33:02, 09/11/2025"
  },
  {
    "id": "61580782596177",
    "time": "17:33:02, 09/11/2025"
  },
  {
    "id": "100090472284363",
    "time": "17:33:02, 09/11/2025"
  },
  {
    "id": "651647356",
    "time": "17:33:02, 09/11/2025"
  },
  {
    "id": "100063600331393",
    "time": "17:33:02, 09/11/2025"
  },
  {
    "id": "100092364073953",
    "time": "17:33:02, 09/11/2025"
  },
  {
    "id": "61568176484099",
    "time": "17:33:02, 09/11/2025"
  },
  {
    "id": "61552053302073",
    "time": "17:33:02, 09/11/2025"
  },
  {
    "id": "100092742547112",
    "time": "17:33:02, 09/11/2025"
  },
  {
    "id": "61583362472917",
    "time": "17:33:02, 09/11/2025"
  },
  {
    "id": "100079543967576",
    "time": "17:33:02, 09/11/2025"
  },
  {
    "id": "61569961170839",
    "time": "17:33:02, 09/11/2025"
  },
  {
    "id": "100047222953427",
    "time": "17:33:02, 09/11/2025"
  },
  {
    "senderID": "61570806993271",
    "opt": {
      "name": "Minh Thaii",
      "gio": "22:44:28",
      "ngay": "2025-11-9",
      "burh": "9/11/2025"
    }
  },
  {
    "senderID": "100048286966787",
    "opt": {
      "name": "Ng Van Chien 🧸 💤",
      "gio": "17:12:33",
      "ngay": "2025-11-11",
      "burh": "11/11/2025"
    }
  },
  {
    "senderID": "61583362472917",
    "opt": {
      "name": "Dang Khoa Bot",
      "gio": "20:57:49",
      "ngay": "2025-11-11",
      "burh": "11/11/2025"
    }
  },
  {
    "senderID": "100083205727767",
    "opt": {
      "name": "Văn Tài 🧸💤 ",
      "gio": "21:25:39",
      "ngay": "2025-11-11",
      "burh": "11/11/2025"
    }
  },
  {
    "id": "61583420608426",
    "time": "02:48:03, 12/11/2025"
  },
  {
    "senderID": "61583420608426",
    "opt": {
      "name": "Diem Huong",
      "gio": "02:53:01",
      "ngay": "2025-11-12",
      "burh": "12/11/2025"
    }
  }
]