[
  {
    "senderID": "100005424966040",
    "opt": {
      "name": "Hóa's Hào's Hoa's",
      "gio": "17:15:22",
      "ngay": "2025-11-5",
      "burh": "5/11/2025"
    }
  },
  {
    "senderID": "100090452898628",
    "opt": {
      "name": "Nguyễn Cảnh Quang",
      "gio": "17:16:00",
      "ngay": "2025-11-5",
      "burh": "5/11/2025"
    }
  },
  {
    "senderID": "100007946135097",
    "opt": {
      "name": "Huỳnh Như",
      "gio": "17:19:23",
      "ngay": "2025-11-5",
      "burh": "5/11/2025"
    }
  },
  {
    "senderID": "100055066755568",
    "opt": {
      "name": "Nguyễn Văn Chiến",
      "gio": "17:39:12",
      "ngay": "2025-11-5",
      "burh": "5/11/2025"
    }
  },
  {
    "senderID": "61565673840807",
    "opt": {
      "name": "Sinh Lâm Vũ",
      "gio": "18:02:10",
      "ngay": "2025-11-5",
      "burh": "5/11/2025"
    }
  },
  {
    "senderID": "100045896595427",
    "opt": {
      "name": "Nguyễn Trung Kiên",
      "gio": "18:06:08",
      "ngay": "2025-11-5",
      "burh": "5/11/2025"
    }
  },
  {
    "senderID": "100011124368451",
    "opt": {
      "name": "Nguyễn Quang Trung",
      "gio": "18:13:58",
      "ngay": "2025-11-5",
      "burh": "5/11/2025"
    }
  },
  {
    "senderID": "100014007999630",
    "opt": {
      "name": "Thương Huế",
      "gio": "18:14:41",
      "ngay": "2025-11-5",
      "burh": "5/11/2025"
    }
  },
  {
    "senderID": "100005703785397",
    "opt": {
      "name": "Toàn Nguyễn",
      "gio": "19:26:08",
      "ngay": "2025-11-5",
      "burh": "5/11/2025"
    }
  },
  {
    "senderID": "100052228023069",
    "opt": {
      "name": "Văn Chiến",
      "gio": "19:45:44",
      "ngay": "2025-11-5",
      "burh": "5/11/2025"
    }
  },
  {
    "senderID": "100000895922054",
    "opt": {
      "name": "Ng Van Hungg 🌸",
      "gio": "00:00:07",
      "ngay": "2025-11-6",
      "burh": "6/11/2025"
    }
  },
  {
    "senderID": "100094188560738",
    "opt": {
      "name": "Tú Vũ",
      "gio": "12:45:27",
      "ngay": "2025-11-6",
      "burh": "6/11/2025"
    }
  },
  {
    "senderID": "100045028929536",
    "opt": {
      "name": "Nguyen Hoai Thuong",
      "gio": "19:59:11",
      "ngay": "2025-11-7",
      "burh": "7/11/2025"
    }
  },
  {
    "senderID": "61550030184394",
    "opt": {
      "name": "️️️️️️️️️️️️️️️️️️️️️️️️️️️️️️️️️️️️️️️️️️️️️️️️️️️️️️️️️️️️️️️️️️️️️️️️️️️️️️️️️️️️️️️️️️️️️️️️️️️️️️️️️️️️️️️️️️️️️️️️️️️️️️️️️️️️️️️️️️️️️️️️️️️️️️️️️️️️️️️️️️️️️️️️️️ ",
      "gio": "00:00:11",
      "ngay": "2025-11-9",
      "burh": "9/11/2025"
    }
  },
  {
    "id": "100055066755568",
    "time": "18:27:03, 09/11/2025"
  },
  {
    "id": "100005424966040",
    "time": "18:27:03, 09/11/2025"
  },
  {
    "id": "100005703785397",
    "time": "18:27:03, 09/11/2025"
  },
  {
    "id": "100073639420918",
    "time": "18:27:03, 09/11/2025"
  },
  {
    "id": "61550030184394",
    "time": "18:27:03, 09/11/2025"
  },
  {
    "id": "100000895922054",
    "time": "18:27:03, 09/11/2025"
  },
  {
    "id": "100090452898628",
    "time": "18:27:03, 09/11/2025"
  },
  {
    "id": "61582356713887",
    "time": "18:27:03, 09/11/2025"
  },
  {
    "id": "100045028929536",
    "time": "18:27:03, 09/11/2025"
  },
  {
    "id": "61565673840807",
    "time": "18:27:03, 09/11/2025"
  },
  {
    "id": "100094726443034",
    "time": "18:27:03, 09/11/2025"
  },
  {
    "id": "100045896595427",
    "time": "18:27:03, 09/11/2025"
  },
  {
    "id": "100092655575233",
    "time": "18:27:03, 09/11/2025"
  },
  {
    "id": "100094188560738",
    "time": "18:27:03, 09/11/2025"
  },
  {
    "id": "100007946135097",
    "time": "18:27:03, 09/11/2025"
  },
  {
    "id": "100092357755191",
    "time": "18:27:03, 09/11/2025"
  },
  {
    "id": "100011124368451",
    "time": "18:27:03, 09/11/2025"
  },
  {
    "id": "100014007999630",
    "time": "18:27:03, 09/11/2025"
  },
  {
    "id": "100052228023069",
    "time": "18:27:03, 09/11/2025"
  }
]