[
  {
    "id": "61550030184394",
    "time": "00:46:00, 11/11/2025"
  },
  {
    "id": "100079543967576",
    "time": "00:46:00, 11/11/2025"
  },
  {
    "senderID": "61550030184394",
    "opt": {
      "name": "️️️️️️️️️️️️️️️️️️️️️️️️️️️️️️️️️️️️️️️️️️️️️️️️️️️️️️️️️️️️️️️️️️️️️️️️️️️️️️️️️️️️️️️️️️️️️️️️️️️️️️️️️️️️️️️️️️️️️️️️️️️️️️️️️️️️️️️️️️️️️️️️️️️️️️️️️️️️️️️️️️️️️️️️️️ ",
      "gio": "00:46:00",
      "ngay": "2025-11-11",
      "burh": "11/11/2025"
    }
  }
]