[
  {
    "senderID": "100077033372420",
    "opt": {
      "name": "Phan Thành Tân",
      "gio": "16:28:34",
      "ngay": "2025-11-5",
      "burh": "5/11/2025"
    }
  },
  {
    "senderID": "61560343598534",
    "opt": {
      "name": "sóccc",
      "gio": "16:42:06",
      "ngay": "2025-11-5",
      "burh": "5/11/2025"
    }
  },
  {
    "senderID": "61571879363449",
    "opt": {
      "name": "Hồ Quốc Bảo",
      "gio": "17:08:42",
      "ngay": "2025-11-5",
      "burh": "5/11/2025"
    }
  },
  {
    "senderID": "100055606428324",
    "opt": {
      "name": "Anna Tran",
      "gio": "17:29:02",
      "ngay": "2025-11-5",
      "burh": "5/11/2025"
    }
  },
  {
    "senderID": "100051623541012",
    "opt": {
      "name": "Phương Nam",
      "gio": "17:44:58",
      "ngay": "2025-11-5",
      "burh": "5/11/2025"
    }
  },
  {
    "senderID": "100049288090343",
    "opt": {
      "name": "Quang Thanh",
      "gio": "17:55:33",
      "ngay": "2025-11-5",
      "burh": "5/11/2025"
    }
  },
  {
    "senderID": "61573786019175",
    "opt": {
      "name": "Hoàng Thịnh 💗🌟🏙️🌆🌇🌃🇻🇳",
      "gio": "19:20:59",
      "ngay": "2025-11-5",
      "burh": "5/11/2025"
    }
  },
  {
    "senderID": "100027987666304",
    "opt": {
      "name": "Nguyễn Tuấn Minh",
      "gio": "19:22:33",
      "ngay": "2025-11-5",
      "burh": "5/11/2025"
    }
  },
  {
    "senderID": "100086178024938",
    "opt": {
      "name": "Thanh Thủy",
      "gio": "19:27:21",
      "ngay": "2025-11-5",
      "burh": "5/11/2025"
    }
  },
  {
    "senderID": "61553980366564",
    "opt": {
      "name": "Trang Do",
      "gio": "19:39:06",
      "ngay": "2025-11-5",
      "burh": "5/11/2025"
    }
  },
  {
    "senderID": "61555324494048",
    "opt": {
      "name": "Nguyen Anh",
      "gio": "20:36:39",
      "ngay": "2025-11-5",
      "burh": "5/11/2025"
    }
  },
  {
    "senderID": "100025835656703",
    "opt": {
      "name": "Quang Kiên",
      "gio": "20:53:04",
      "ngay": "2025-11-5",
      "burh": "5/11/2025"
    }
  },
  {
    "senderID": "100000895922054",
    "opt": {
      "name": "Ng Van Hungg 🌸",
      "gio": "22:40:42",
      "ngay": "2025-11-5",
      "burh": "5/11/2025"
    }
  },
  {
    "senderID": "100029223124450",
    "opt": {
      "name": "Huệ Trân",
      "gio": "05:41:07",
      "ngay": "2025-11-6",
      "burh": "6/11/2025"
    }
  },
  {
    "senderID": "100010916711202",
    "opt": {
      "name": "Nguyễn Phương",
      "gio": "05:41:14",
      "ngay": "2025-11-6",
      "burh": "6/11/2025"
    }
  },
  {
    "senderID": "100081830474021",
    "opt": {
      "name": "Sadboy Tài",
      "gio": "07:23:19",
      "ngay": "2025-11-6",
      "burh": "6/11/2025"
    }
  },
  {
    "senderID": "61579732590150",
    "opt": {
      "name": "Bi Day",
      "gio": "08:50:36",
      "ngay": "2025-11-6",
      "burh": "6/11/2025"
    }
  },
  {
    "senderID": "100081553035864",
    "opt": {
      "name": "Minh Hiệu",
      "gio": "09:14:52",
      "ngay": "2025-11-6",
      "burh": "6/11/2025"
    }
  },
  {
    "senderID": "100011728157576",
    "opt": {
      "name": "Nguyen Thf Trang",
      "gio": "10:53:13",
      "ngay": "2025-11-6",
      "burh": "6/11/2025"
    }
  },
  {
    "senderID": "61577393707995",
    "opt": {
      "name": "Nguyễn Văn Hiếukk",
      "gio": "10:59:06",
      "ngay": "2025-11-6",
      "burh": "6/11/2025"
    }
  },
  {
    "senderID": "100061598919848",
    "opt": {
      "name": "Nguyen Sang",
      "gio": "12:53:22",
      "ngay": "2025-11-6",
      "burh": "6/11/2025"
    }
  },
  {
    "senderID": "100073639420918",
    "opt": {
      "name": "Ng Van Hungg 💤",
      "gio": "20:13:58",
      "ngay": "2025-11-6",
      "burh": "6/11/2025"
    }
  },
  {
    "senderID": "100068049170459",
    "opt": {
      "name": "Nguyễn Tuấn Anhhh",
      "gio": "11:05:10",
      "ngay": "2025-11-7",
      "burh": "7/11/2025"
    }
  },
  {
    "senderID": "61576779992193",
    "opt": {
      "name": "Kem Sầu Riêng",
      "gio": "15:05:47",
      "ngay": "2025-11-7",
      "burh": "7/11/2025"
    }
  },
  {
    "senderID": "100068577972031",
    "opt": {
      "name": "Thành Hưng",
      "gio": "11:53:41",
      "ngay": "2025-11-8",
      "burh": "8/11/2025"
    }
  },
  {
    "senderID": "61570547225812",
    "opt": {
      "name": "Tiến Minh",
      "gio": "19:38:27",
      "ngay": "2025-11-8",
      "burh": "8/11/2025"
    }
  },
  {
    "senderID": "61550030184394",
    "opt": {
      "name": "️️️️️️️️️️️️️️️️️️️️️️️️️️️️️️️️️️️️️️️️️️️️️️️️️️️️️️️️️️️️️️️️️️️️️️️️️️️️️️️️️️️️️️️️️️️️️️️️️️️️️️️️️️️️️️️️️️️️️️️️️️️️️️️️️️️️️️️️️️️️️️️️️️️️️️️️️️️️️️️️️️️️️️️️️️ ",
      "gio": "00:00:10",
      "ngay": "2025-11-9",
      "burh": "9/11/2025"
    }
  },
  {
    "senderID": "100065009316364",
    "opt": {
      "name": "Hà Kiệt",
      "gio": "15:59:41",
      "ngay": "2025-11-9",
      "burh": "9/11/2025"
    }
  },
  {
    "id": "100051623541012",
    "time": "17:14:43, 09/11/2025"
  },
  {
    "id": "100065009316364",
    "time": "17:14:43, 09/11/2025"
  },
  {
    "id": "61579732590150",
    "time": "17:14:43, 09/11/2025"
  },
  {
    "id": "100077033372420",
    "time": "17:14:43, 09/11/2025"
  },
  {
    "id": "100055606428324",
    "time": "17:14:43, 09/11/2025"
  },
  {
    "id": "100084189464990",
    "time": "17:14:43, 09/11/2025"
  },
  {
    "id": "100087575029336",
    "time": "17:14:43, 09/11/2025"
  },
  {
    "id": "100081553035864",
    "time": "17:14:43, 09/11/2025"
  },
  {
    "id": "100055279654276",
    "time": "17:14:43, 09/11/2025"
  },
  {
    "id": "100087573762890",
    "time": "17:14:43, 09/11/2025"
  },
  {
    "id": "1331809870",
    "time": "17:14:43, 09/11/2025"
  },
  {
    "id": "100055014068328",
    "time": "17:14:43, 09/11/2025"
  },
  {
    "id": "100073639420918",
    "time": "17:14:43, 09/11/2025"
  },
  {
    "id": "100068577972031",
    "time": "17:14:43, 09/11/2025"
  },
  {
    "id": "61572888727851",
    "time": "17:14:43, 09/11/2025"
  },
  {
    "id": "100029223124450",
    "time": "17:14:43, 09/11/2025"
  },
  {
    "id": "100011728157576",
    "time": "17:14:43, 09/11/2025"
  },
  {
    "id": "61579475620382",
    "time": "17:14:43, 09/11/2025"
  },
  {
    "id": "100049288090343",
    "time": "17:14:43, 09/11/2025"
  },
  {
    "id": "61551154853245",
    "time": "17:14:43, 09/11/2025"
  },
  {
    "id": "100068049170459",
    "time": "17:14:43, 09/11/2025"
  },
  {
    "id": "61577393707995",
    "time": "17:14:43, 09/11/2025"
  },
  {
    "id": "61570547225812",
    "time": "17:14:43, 09/11/2025"
  },
  {
    "id": "61550030184394",
    "time": "17:14:43, 09/11/2025"
  },
  {
    "id": "61571879363449",
    "time": "17:14:43, 09/11/2025"
  },
  {
    "id": "100081830474021",
    "time": "17:14:43, 09/11/2025"
  },
  {
    "id": "61558707163163",
    "time": "17:14:43, 09/11/2025"
  },
  {
    "id": "100000895922054",
    "time": "17:14:43, 09/11/2025"
  },
  {
    "id": "100061598919848",
    "time": "17:14:43, 09/11/2025"
  },
  {
    "id": "100025835656703",
    "time": "17:14:43, 09/11/2025"
  },
  {
    "id": "61553980366564",
    "time": "17:14:43, 09/11/2025"
  },
  {
    "id": "61573786019175",
    "time": "17:14:43, 09/11/2025"
  },
  {
    "id": "100027987666304",
    "time": "17:14:43, 09/11/2025"
  },
  {
    "id": "100010916711202",
    "time": "17:14:43, 09/11/2025"
  },
  {
    "id": "100086178024938",
    "time": "17:14:43, 09/11/2025"
  },
  {
    "id": "61576779992193",
    "time": "17:14:43, 09/11/2025"
  },
  {
    "id": "61560343598534",
    "time": "17:14:43, 09/11/2025"
  }
]