[
  {
    "senderID": "61559588732695",
    "opt": {
      "name": "Không Biết Bay",
      "gio": "16:25:06",
      "ngay": "2025-11-5",
      "burh": "5/11/2025"
    }
  },
  {
    "senderID": "100017308089436",
    "opt": {
      "name": null,
      "gio": "16:25:16",
      "ngay": "2025-11-5",
      "burh": "5/11/2025"
    }
  },
  {
    "senderID": "61578851651682",
    "opt": {
      "name": "Nguyễn Hà Ang",
      "gio": "16:27:42",
      "ngay": "2025-11-5",
      "burh": "5/11/2025"
    }
  },
  {
    "senderID": "61556410954158",
    "opt": {
      "name": "Huu Dii",
      "gio": "16:38:01",
      "ngay": "2025-11-5",
      "burh": "5/11/2025"
    }
  },
  {
    "senderID": "61565974433987",
    "opt": {
      "name": null,
      "gio": "17:26:24",
      "ngay": "2025-11-5",
      "burh": "5/11/2025"
    }
  },
  {
    "senderID": "61573080950250",
    "opt": {
      "name": "Dorry Kawaii",
      "gio": "17:45:38",
      "ngay": "2025-11-5",
      "burh": "5/11/2025"
    }
  },
  {
    "senderID": "61552035675700",
    "opt": {
      "name": "Nguyen Hoangxuan",
      "gio": "17:45:56",
      "ngay": "2025-11-5",
      "burh": "5/11/2025"
    }
  },
  {
    "senderID": "61553924054614",
    "opt": {
      "name": "TL Khánh",
      "gio": "17:47:05",
      "ngay": "2025-11-5",
      "burh": "5/11/2025"
    }
  },
  {
    "senderID": "61567081392601",
    "opt": {
      "name": null,
      "gio": "17:55:36",
      "ngay": "2025-11-5",
      "burh": "5/11/2025"
    }
  },
  {
    "senderID": "61564064166083",
    "opt": {
      "name": "Thùy Phươngg",
      "gio": "18:55:29",
      "ngay": "2025-11-5",
      "burh": "5/11/2025"
    }
  },
  {
    "senderID": "61551801495221",
    "opt": {
      "name": "Quỳnh Nga",
      "gio": "18:58:29",
      "ngay": "2025-11-5",
      "burh": "5/11/2025"
    }
  },
  {
    "senderID": "61579198206342",
    "opt": {
      "name": "Thanh Thanh",
      "gio": "18:59:18",
      "ngay": "2025-11-5",
      "burh": "5/11/2025"
    }
  },
  {
    "senderID": "61569117816636",
    "opt": {
      "name": "Trần Mỹ An",
      "gio": "19:07:16",
      "ngay": "2025-11-5",
      "burh": "5/11/2025"
    }
  },
  {
    "senderID": "61578974484152",
    "opt": {
      "name": null,
      "gio": "20:09:54",
      "ngay": "2025-11-5",
      "burh": "5/11/2025"
    }
  },
  {
    "senderID": "100057260226817",
    "opt": {
      "name": null,
      "gio": "20:12:48",
      "ngay": "2025-11-5",
      "burh": "5/11/2025"
    }
  },
  {
    "senderID": "100079321113260",
    "opt": {
      "name": "Kẹo Đắng Vị Ngọt",
      "gio": "20:13:03",
      "ngay": "2025-11-5",
      "burh": "5/11/2025"
    }
  },
  {
    "senderID": "100000895922054",
    "opt": {
      "name": "Ng Van Hungg 🌸",
      "gio": "20:21:19",
      "ngay": "2025-11-5",
      "burh": "5/11/2025"
    }
  },
  {
    "senderID": "100073920120402",
    "opt": {
      "name": null,
      "gio": "20:48:25",
      "ngay": "2025-11-5",
      "burh": "5/11/2025"
    }
  },
  {
    "senderID": "100021623118196",
    "opt": {
      "name": null,
      "gio": "20:51:44",
      "ngay": "2025-11-5",
      "burh": "5/11/2025"
    }
  },
  {
    "senderID": "100039944274320",
    "opt": {
      "name": "Nguyen Phương",
      "gio": "21:24:44",
      "ngay": "2025-11-5",
      "burh": "5/11/2025"
    }
  },
  {
    "senderID": "100092457030377",
    "opt": {
      "name": "Chu Chiinsi",
      "gio": "22:33:30",
      "ngay": "2025-11-5",
      "burh": "5/11/2025"
    }
  },
  {
    "senderID": "100053030183888",
    "opt": {
      "name": "Duong Ve Duong",
      "gio": "07:27:45",
      "ngay": "2025-11-6",
      "burh": "6/11/2025"
    }
  },
  {
    "senderID": "61560170835525",
    "opt": {
      "name": "Đỗ Linh",
      "gio": "09:15:17",
      "ngay": "2025-11-6",
      "burh": "6/11/2025"
    }
  },
  {
    "senderID": "100080686664982",
    "opt": {
      "name": "Thanh An",
      "gio": "11:26:56",
      "ngay": "2025-11-6",
      "burh": "6/11/2025"
    }
  },
  {
    "senderID": "61556398304250",
    "opt": {
      "name": "Anh Thu NT",
      "gio": "14:55:21",
      "ngay": "2025-11-6",
      "burh": "6/11/2025"
    }
  },
  {
    "senderID": "100080469765145",
    "opt": {
      "name": "Na Nguyễn",
      "gio": "21:54:09",
      "ngay": "2025-11-6",
      "burh": "6/11/2025"
    }
  },
  {
    "senderID": "61561663525392",
    "opt": {
      "name": "Thất Vọng",
      "gio": "22:07:11",
      "ngay": "2025-11-6",
      "burh": "6/11/2025"
    }
  },
  {
    "senderID": "100077472672542",
    "opt": {
      "name": "Nam Hoàng",
      "gio": "22:28:41",
      "ngay": "2025-11-7",
      "burh": "7/11/2025"
    }
  },
  {
    "senderID": "61551899218259",
    "opt": {
      "name": "Nguyễn Như Weahyen",
      "gio": "23:08:38",
      "ngay": "2025-11-7",
      "burh": "7/11/2025"
    }
  },
  {
    "senderID": "61576215156821",
    "opt": {
      "name": "Huy Ha",
      "gio": "10:35:26",
      "ngay": "2025-11-8",
      "burh": "8/11/2025"
    }
  },
  {
    "senderID": "100087422600908",
    "opt": {
      "name": "Nguyễn Gia Hân",
      "gio": "18:30:10",
      "ngay": "2025-11-8",
      "burh": "8/11/2025"
    }
  },
  {
    "senderID": "61556833865612",
    "opt": {
      "name": "Bin Binn",
      "gio": "18:59:19",
      "ngay": "2025-11-8",
      "burh": "8/11/2025"
    }
  },
  {
    "senderID": "100055617231549",
    "opt": {
      "name": null,
      "gio": "19:56:39",
      "ngay": "2025-11-8",
      "burh": "8/11/2025"
    }
  },
  {
    "senderID": "61550030184394",
    "opt": {
      "name": "️️️️️️️️️️️️️️️️️️️️️️️️️️️️️️️️️️️️️️️️️️️️️️️️️️️️️️️️️️️️️️️️️️️️️️️️️️️️️️️️️️️️️️️️️️️️️️️️️️️️️️️️️️️️️️️️️️️️️️️️️️️️️️️️️️️️️️️️️️️️️️️️️️️️️️️️️️️️️️️️️️️️️️️️️️ ",
      "gio": "00:00:10",
      "ngay": "2025-11-9",
      "burh": "9/11/2025"
    }
  },
  {
    "senderID": "61569854164826",
    "opt": {
      "name": "Người Vô Hình",
      "gio": "11:19:26",
      "ngay": "2025-11-9",
      "burh": "9/11/2025"
    }
  },
  {
    "id": "61551801495221",
    "time": "17:14:53, 09/11/2025"
  },
  {
    "id": "100073639420918",
    "time": "17:14:53, 09/11/2025"
  },
  {
    "id": "100000895922054",
    "time": "17:14:53, 09/11/2025"
  },
  {
    "id": "100055778196020",
    "time": "17:14:53, 09/11/2025"
  },
  {
    "id": "61551899218259",
    "time": "17:14:53, 09/11/2025"
  },
  {
    "id": "61578851651682",
    "time": "17:14:53, 09/11/2025"
  },
  {
    "id": "100087422600908",
    "time": "17:14:53, 09/11/2025"
  },
  {
    "id": "61559588732695",
    "time": "17:14:53, 09/11/2025"
  },
  {
    "id": "100053030183888",
    "time": "17:14:53, 09/11/2025"
  },
  {
    "id": "100080686664982",
    "time": "17:14:53, 09/11/2025"
  },
  {
    "id": "61550030184394",
    "time": "17:14:53, 09/11/2025"
  },
  {
    "id": "61573080950250",
    "time": "17:14:53, 09/11/2025"
  },
  {
    "id": "100039944274320",
    "time": "17:14:53, 09/11/2025"
  },
  {
    "id": "100079321113260",
    "time": "17:14:53, 09/11/2025"
  },
  {
    "id": "100073722063355",
    "time": "17:14:53, 09/11/2025"
  },
  {
    "id": "61560170835525",
    "time": "17:14:53, 09/11/2025"
  },
  {
    "id": "61564064166083",
    "time": "17:14:53, 09/11/2025"
  },
  {
    "id": "61576215156821",
    "time": "17:14:53, 09/11/2025"
  },
  {
    "id": "100080469765145",
    "time": "17:14:53, 09/11/2025"
  },
  {
    "id": "100092457030377",
    "time": "17:14:53, 09/11/2025"
  },
  {
    "id": "61569117816636",
    "time": "17:14:53, 09/11/2025"
  },
  {
    "id": "61561663525392",
    "time": "17:14:53, 09/11/2025"
  },
  {
    "id": "100077472672542",
    "time": "17:14:53, 09/11/2025"
  },
  {
    "id": "61552035675700",
    "time": "17:14:53, 09/11/2025"
  },
  {
    "id": "61556398304250",
    "time": "17:14:53, 09/11/2025"
  },
  {
    "id": "61582883400057",
    "time": "17:14:53, 09/11/2025"
  },
  {
    "id": "100036598868798",
    "time": "17:14:53, 09/11/2025"
  },
  {
    "id": "61556410954158",
    "time": "17:14:53, 09/11/2025"
  },
  {
    "id": "61556833865612",
    "time": "17:14:53, 09/11/2025"
  },
  {
    "id": "61578236862857",
    "time": "17:14:53, 09/11/2025"
  },
  {
    "id": "61569854164826",
    "time": "17:14:53, 09/11/2025"
  },
  {
    "id": "61578974484152",
    "time": "17:14:53, 09/11/2025"
  },
  {
    "id": "61567081392601",
    "time": "17:14:53, 09/11/2025"
  },
  {
    "id": "100055617231549",
    "time": "17:14:53, 09/11/2025"
  },
  {
    "id": "61565974433987",
    "time": "17:14:53, 09/11/2025"
  },
  {
    "id": "61553924054614",
    "time": "17:14:53, 09/11/2025"
  },
  {
    "id": "100017308089436",
    "time": "17:14:53, 09/11/2025"
  },
  {
    "id": "100073920120402",
    "time": "17:14:53, 09/11/2025"
  },
  {
    "id": "100057260226817",
    "time": "17:14:53, 09/11/2025"
  },
  {
    "id": "100021623118196",
    "time": "17:14:53, 09/11/2025"
  },
  {
    "id": "61579198206342",
    "time": "17:14:53, 09/11/2025"
  },
  {
    "id": "61560374198312",
    "time": "17:31:07, 09/11/2025"
  },
  {
    "senderID": "61560374198312",
    "opt": {
      "name": "Giaa Hungg",
      "gio": "17:37:19",
      "ngay": "2025-11-9",
      "burh": "9/11/2025"
    }
  },
  {
    "id": "61564897174117",
    "time": "19:53:45, 10/11/2025"
  },
  {
    "id": "100088434596295",
    "time": "00:01:26, 11/11/2025"
  },
  {
    "id": "61553764890680",
    "time": "00:01:26, 11/11/2025"
  },
  {
    "senderID": "100088434596295",
    "opt": {
      "gio": "00:38:37",
      "ngay": "2025-11-11",
      "burh": "11/11/2025"
    }
  }
]