[
  {
    "id": "61550030184394",
    "time": "23:31:40, 09/11/2025"
  },
  {
    "id": "61570806993271",
    "time": "23:31:40, 09/11/2025"
  },
  {
    "senderID": "61550030184394",
    "opt": {
      "name": "️️️️️️️️️️️️️️️️️️️️️️️️️️️️️️️️️️️️️️️️️️️️️️️️️️️️️️️️️️️️️️️️️️️️️️️️️️️️️️️️️️️️️️️️️️️️️️️️️️️️️️️️️️️️️️️️️️️️️️️️️️️️️️️️️️️️️️️️️️️️️️️️️️️️️️️️️️️️️️️️️️️️️️️️️️ ",
      "gio": "23:31:40",
      "ngay": "2025-11-9",
      "burh": "9/11/2025"
    }
  }
]