[
  {
    "senderID": "100092850504657",
    "opt": {
      "name": "Lê Thị Ánh Dương",
      "gio": "17:14:34",
      "ngay": "2025-11-5",
      "burh": "5/11/2025"
    }
  },
  {
    "senderID": "100082610064224",
    "opt": {
      "name": "Tue Anh",
      "gio": "17:14:40",
      "ngay": "2025-11-5",
      "burh": "5/11/2025"
    }
  },
  {
    "senderID": "100014745841348",
    "opt": {
      "name": "Trần Thị Tuyết Nhi",
      "gio": "17:14:55",
      "ngay": "2025-11-5",
      "burh": "5/11/2025"
    }
  },
  {
    "senderID": "100066842235956",
    "opt": {
      "name": "Nhật Thịnh",
      "gio": "17:16:56",
      "ngay": "2025-11-5",
      "burh": "5/11/2025"
    }
  },
  {
    "senderID": "61555858696005",
    "opt": {
      "name": "Chào Bạn Nha",
      "gio": "17:19:43",
      "ngay": "2025-11-5",
      "burh": "5/11/2025"
    }
  },
  {
    "senderID": "100081919752405",
    "opt": {
      "name": "Minhh Thùyy",
      "gio": "17:29:33",
      "ngay": "2025-11-5",
      "burh": "5/11/2025"
    }
  },
  {
    "senderID": "61569807933602",
    "opt": {
      "name": "NGuyễn Bích Ngọc",
      "gio": "17:51:15",
      "ngay": "2025-11-5",
      "burh": "5/11/2025"
    }
  },
  {
    "senderID": "61567134368251",
    "opt": {
      "name": "Cam",
      "gio": "18:03:37",
      "ngay": "2025-11-5",
      "burh": "5/11/2025"
    }
  },
  {
    "senderID": "100040921482911",
    "opt": {
      "name": "Ngọc Nguyễn",
      "gio": "18:05:25",
      "ngay": "2025-11-5",
      "burh": "5/11/2025"
    }
  },
  {
    "senderID": "100080014736964",
    "opt": {
      "name": "Duc Anh",
      "gio": "18:15:14",
      "ngay": "2025-11-5",
      "burh": "5/11/2025"
    }
  },
  {
    "senderID": "61575241190011",
    "opt": {
      "name": "Trang Lê",
      "gio": "18:16:22",
      "ngay": "2025-11-5",
      "burh": "5/11/2025"
    }
  },
  {
    "senderID": "100073062182339",
    "opt": {
      "name": "Tran Lienn",
      "gio": "18:35:08",
      "ngay": "2025-11-5",
      "burh": "5/11/2025"
    }
  },
  {
    "senderID": "100088214170925",
    "opt": {
      "name": "Tuấn Ngọc",
      "gio": "19:21:56",
      "ngay": "2025-11-5",
      "burh": "5/11/2025"
    }
  },
  {
    "senderID": "100080607796297",
    "opt": {
      "name": "Hàn Thị Thu Dịu",
      "gio": "19:22:40",
      "ngay": "2025-11-5",
      "burh": "5/11/2025"
    }
  },
  {
    "senderID": "100000895922054",
    "opt": {
      "name": "Ng Van Hungg 🌸",
      "gio": "20:01:58",
      "ngay": "2025-11-5",
      "burh": "5/11/2025"
    }
  },
  {
    "senderID": "61582602883474",
    "opt": {
      "name": "Nguyễn Khanh Linhh",
      "gio": "20:11:28",
      "ngay": "2025-11-5",
      "burh": "5/11/2025"
    }
  },
  {
    "senderID": "100084276703612",
    "opt": {
      "name": "Thanh Trúc",
      "gio": "20:34:21",
      "ngay": "2025-11-5",
      "burh": "5/11/2025"
    }
  },
  {
    "senderID": "100036929060161",
    "opt": {
      "name": "Um Um",
      "gio": "20:34:34",
      "ngay": "2025-11-5",
      "burh": "5/11/2025"
    }
  },
  {
    "senderID": "61575947559167",
    "opt": {
      "name": "Anh Quynh",
      "gio": "20:37:20",
      "ngay": "2025-11-5",
      "burh": "5/11/2025"
    }
  },
  {
    "senderID": "100085144460856",
    "opt": {
      "name": "Caoo Kimm",
      "gio": "23:05:16",
      "ngay": "2025-11-5",
      "burh": "5/11/2025"
    }
  },
  {
    "senderID": "100058178289716",
    "opt": {
      "name": "Minh Hoàng",
      "gio": "23:43:52",
      "ngay": "2025-11-5",
      "burh": "5/11/2025"
    }
  },
  {
    "senderID": "100039443777832",
    "opt": {
      "name": "Thuỳ Linh",
      "gio": "23:46:38",
      "ngay": "2025-11-5",
      "burh": "5/11/2025"
    }
  },
  {
    "senderID": "61570440610731",
    "opt": {
      "name": "Kim Thu Vu Thi",
      "gio": "07:32:44",
      "ngay": "2025-11-6",
      "burh": "6/11/2025"
    }
  },
  {
    "senderID": "100081185080178",
    "opt": {
      "name": "Thanh Như",
      "gio": "07:43:16",
      "ngay": "2025-11-6",
      "burh": "6/11/2025"
    }
  },
  {
    "senderID": "100067134490726",
    "opt": {
      "name": "Võ Lê Tấn Phát",
      "gio": "08:16:09",
      "ngay": "2025-11-6",
      "burh": "6/11/2025"
    }
  },
  {
    "senderID": "100069836134885",
    "opt": {
      "name": "Thái Dương",
      "gio": "10:11:22",
      "ngay": "2025-11-6",
      "burh": "6/11/2025"
    }
  },
  {
    "senderID": "100070988821536",
    "opt": {
      "name": null,
      "gio": "10:13:09",
      "ngay": "2025-11-6",
      "burh": "6/11/2025"
    }
  },
  {
    "senderID": "100093151203610",
    "opt": {
      "name": "Minhh Thư",
      "gio": "10:18:53",
      "ngay": "2025-11-6",
      "burh": "6/11/2025"
    }
  },
  {
    "senderID": "61557428621458",
    "opt": {
      "name": "Linh Chi",
      "gio": "12:06:04",
      "ngay": "2025-11-6",
      "burh": "6/11/2025"
    }
  },
  {
    "senderID": "100093956721632",
    "opt": {
      "name": "Thu Haa",
      "gio": "12:18:02",
      "ngay": "2025-11-6",
      "burh": "6/11/2025"
    }
  },
  {
    "senderID": "100084391419411",
    "opt": {
      "name": "Phương Trinh",
      "gio": "13:08:47",
      "ngay": "2025-11-6",
      "burh": "6/11/2025"
    }
  },
  {
    "senderID": "100078204477620",
    "opt": {
      "name": "Tr Thu Thaoo",
      "gio": "16:53:29",
      "ngay": "2025-11-6",
      "burh": "6/11/2025"
    }
  },
  {
    "senderID": "100072534055962",
    "opt": {
      "name": "Thi Gia Tường",
      "gio": "20:28:00",
      "ngay": "2025-11-6",
      "burh": "6/11/2025"
    }
  },
  {
    "senderID": "100046509163100",
    "opt": {
      "name": "Tô Thị Kim Anh",
      "gio": "21:51:20",
      "ngay": "2025-11-6",
      "burh": "6/11/2025"
    }
  },
  {
    "senderID": "100084138245153",
    "opt": {
      "name": null,
      "gio": "22:40:18",
      "ngay": "2025-11-6",
      "burh": "6/11/2025"
    }
  },
  {
    "senderID": "61568704992723",
    "opt": {
      "name": "Phạm Anh Tho",
      "gio": "19:54:29",
      "ngay": "2025-11-7",
      "burh": "7/11/2025"
    }
  },
  {
    "senderID": "100051843924156",
    "opt": {
      "name": "Huỳnh Dương",
      "gio": "21:17:20",
      "ngay": "2025-11-7",
      "burh": "7/11/2025"
    }
  },
  {
    "senderID": "61576774502524",
    "opt": {
      "name": "Bảo Châu",
      "gio": "21:50:05",
      "ngay": "2025-11-7",
      "burh": "7/11/2025"
    }
  },
  {
    "senderID": "61564637039893",
    "opt": {
      "name": "Nọc Tuyền Ctee",
      "gio": "06:56:38",
      "ngay": "2025-11-8",
      "burh": "8/11/2025"
    }
  },
  {
    "senderID": "61560543509673",
    "opt": {
      "name": "Ng Thị Diệu Nhi",
      "gio": "07:10:25",
      "ngay": "2025-11-8",
      "burh": "8/11/2025"
    }
  },
  {
    "senderID": "61550030184394",
    "opt": {
      "name": "️️️️️️️️️️️️️️️️️️️️️️️️️️️️️️️️️️️️️️️️️️️️️️️️️️️️️️️️️️️️️️️️️️️️️️️️️️️️️️️️️️️️️️️️️️️️️️️️️️️️️️️️️️️️️️️️️️️️️️️️️️️️️️️️️️️️️️️️️️️️️️️️️️️️️️️️️️️️️️️️️️️️️️️️️️ ",
      "gio": "00:00:10",
      "ngay": "2025-11-9",
      "burh": "9/11/2025"
    }
  },
  {
    "senderID": "61559070667666",
    "opt": {
      "name": "Ngọc Tuyết",
      "gio": "16:20:07",
      "ngay": "2025-11-9",
      "burh": "9/11/2025"
    }
  },
  {
    "id": "100093151203610",
    "time": "17:38:37, 09/11/2025"
  },
  {
    "id": "100073062182339",
    "time": "17:38:37, 09/11/2025"
  },
  {
    "id": "100088214170925",
    "time": "17:38:37, 09/11/2025"
  },
  {
    "id": "100068207799151",
    "time": "17:38:37, 09/11/2025"
  },
  {
    "id": "61564637039893",
    "time": "17:38:37, 09/11/2025"
  },
  {
    "id": "100072534055962",
    "time": "17:38:37, 09/11/2025"
  },
  {
    "id": "100058178289716",
    "time": "17:38:37, 09/11/2025"
  },
  {
    "id": "61577429562849",
    "time": "17:38:37, 09/11/2025"
  },
  {
    "id": "100080607796297",
    "time": "17:38:37, 09/11/2025"
  },
  {
    "id": "100078204477620",
    "time": "17:38:37, 09/11/2025"
  },
  {
    "id": "61565457975438",
    "time": "17:38:37, 09/11/2025"
  },
  {
    "id": "100069836134885",
    "time": "17:38:37, 09/11/2025"
  },
  {
    "id": "100051843924156",
    "time": "17:38:37, 09/11/2025"
  },
  {
    "id": "100046509163100",
    "time": "17:38:37, 09/11/2025"
  },
  {
    "id": "61575947559167",
    "time": "17:38:37, 09/11/2025"
  },
  {
    "id": "100081185080178",
    "time": "17:38:37, 09/11/2025"
  },
  {
    "id": "100040921482911",
    "time": "17:38:37, 09/11/2025"
  },
  {
    "id": "100085144460856",
    "time": "17:38:37, 09/11/2025"
  },
  {
    "id": "100067134490726",
    "time": "17:38:37, 09/11/2025"
  },
  {
    "id": "100039443777832",
    "time": "17:38:37, 09/11/2025"
  },
  {
    "id": "61576245571885",
    "time": "17:38:37, 09/11/2025"
  },
  {
    "id": "100084391419411",
    "time": "17:38:37, 09/11/2025"
  },
  {
    "id": "61568828767376",
    "time": "17:38:37, 09/11/2025"
  },
  {
    "id": "100082698367588",
    "time": "17:38:37, 09/11/2025"
  },
  {
    "id": "100082610064224",
    "time": "17:38:37, 09/11/2025"
  },
  {
    "id": "100092543433351",
    "time": "17:38:37, 09/11/2025"
  },
  {
    "id": "61570440610731",
    "time": "17:38:37, 09/11/2025"
  },
  {
    "id": "61560543509673",
    "time": "17:38:37, 09/11/2025"
  },
  {
    "id": "100076928585424",
    "time": "17:38:37, 09/11/2025"
  },
  {
    "id": "61554381454563",
    "time": "17:38:37, 09/11/2025"
  },
  {
    "id": "61567134368251",
    "time": "17:38:37, 09/11/2025"
  },
  {
    "id": "61562207677711",
    "time": "17:38:37, 09/11/2025"
  },
  {
    "id": "61562028404880",
    "time": "17:38:37, 09/11/2025"
  },
  {
    "id": "61553753312923",
    "time": "17:38:37, 09/11/2025"
  },
  {
    "id": "100084276703612",
    "time": "17:38:37, 09/11/2025"
  },
  {
    "id": "61559070667666",
    "time": "17:38:37, 09/11/2025"
  },
  {
    "id": "100073639420918",
    "time": "17:38:37, 09/11/2025"
  },
  {
    "id": "61550030184394",
    "time": "17:38:37, 09/11/2025"
  },
  {
    "id": "100000895922054",
    "time": "17:38:37, 09/11/2025"
  },
  {
    "id": "100093956721632",
    "time": "17:38:37, 09/11/2025"
  },
  {
    "id": "61557428621458",
    "time": "17:38:37, 09/11/2025"
  },
  {
    "id": "61568704992723",
    "time": "17:38:37, 09/11/2025"
  },
  {
    "id": "61576774502524",
    "time": "17:38:37, 09/11/2025"
  },
  {
    "id": "100092850504657",
    "time": "17:38:37, 09/11/2025"
  },
  {
    "id": "61582602883474",
    "time": "17:38:37, 09/11/2025"
  },
  {
    "id": "100066842235956",
    "time": "17:38:37, 09/11/2025"
  },
  {
    "id": "100080014736964",
    "time": "17:38:37, 09/11/2025"
  },
  {
    "id": "61576975052261",
    "time": "17:38:37, 09/11/2025"
  },
  {
    "id": "100036929060161",
    "time": "17:38:37, 09/11/2025"
  },
  {
    "id": "61555858696005",
    "time": "17:38:37, 09/11/2025"
  },
  {
    "id": "61575241190011",
    "time": "17:38:37, 09/11/2025"
  },
  {
    "id": "100081919752405",
    "time": "17:38:37, 09/11/2025"
  },
  {
    "id": "100014745841348",
    "time": "17:38:37, 09/11/2025"
  },
  {
    "id": "61569807933602",
    "time": "17:38:37, 09/11/2025"
  },
  {
    "id": "100084138245153",
    "time": "17:38:37, 09/11/2025"
  },
  {
    "id": "100083157075232",
    "time": "16:15:07, 11/11/2025"
  },
  {
    "id": "100078328591430",
    "time": "20:48:56, 11/11/2025"
  },
  {
    "senderID": "100078328591430",
    "opt": {
      "name": null,
      "gio": "20:49:13",
      "ngay": "2025-11-11",
      "burh": "11/11/2025"
    }
  },
  {
    "senderID": "100083157075232",
    "opt": {
      "name": "Ngọc Annh",
      "gio": "06:04:18",
      "ngay": "2025-11-12",
      "burh": "12/11/2025"
    }
  },
  {
    "id": "61583237510017",
    "time": "10:01:38, 12/11/2025"
  },
  {
    "senderID": "61583237510017",
    "opt": {
      "name": null,
      "gio": "10:07:05",
      "ngay": "2025-11-12",
      "burh": "12/11/2025"
    }
  }
]