[
  {
    "senderID": "100028431092766",
    "opt": {
      "name": "Nguyen Bich Hong",
      "gio": "17:22:44",
      "ngay": "2025-11-5",
      "burh": "5/11/2025"
    }
  },
  {
    "senderID": "100080607796297",
    "opt": {
      "name": "Hàn Thị Thu Dịu",
      "gio": "19:01:38",
      "ngay": "2025-11-5",
      "burh": "5/11/2025"
    }
  },
  {
    "senderID": "100023645925136",
    "opt": {
      "name": "Nguyễn Hoàng Phương Thảo",
      "gio": "19:01:46",
      "ngay": "2025-11-5",
      "burh": "5/11/2025"
    }
  },
  {
    "senderID": "100068667114604",
    "opt": {
      "name": "Diễm Quỳnh",
      "gio": "19:01:48",
      "ngay": "2025-11-5",
      "burh": "5/11/2025"
    }
  },
  {
    "senderID": "100076561754948",
    "opt": {
      "name": "Ng Thị Tuyết Minh",
      "gio": "19:02:10",
      "ngay": "2025-11-5",
      "burh": "5/11/2025"
    }
  },
  {
    "senderID": "100066842235956",
    "opt": {
      "name": "Nhật Thịnh",
      "gio": "19:02:36",
      "ngay": "2025-11-5",
      "burh": "5/11/2025"
    }
  },
  {
    "senderID": "100003721717720",
    "opt": {
      "name": "Nguyễn Văn Nam",
      "gio": "19:03:13",
      "ngay": "2025-11-5",
      "burh": "5/11/2025"
    }
  },
  {
    "senderID": "100035217042473",
    "opt": {
      "name": "Lê Hoàng Sang",
      "gio": "19:03:22",
      "ngay": "2025-11-5",
      "burh": "5/11/2025"
    }
  },
  {
    "senderID": "100034387628826",
    "opt": {
      "name": "Phương Mina",
      "gio": "19:04:05",
      "ngay": "2025-11-5",
      "burh": "5/11/2025"
    }
  },
  {
    "senderID": "100033857178078",
    "opt": {
      "name": "Nguyễn Tiến Thành",
      "gio": "19:04:18",
      "ngay": "2025-11-5",
      "burh": "5/11/2025"
    }
  },
  {
    "senderID": "100021146132753",
    "opt": {
      "name": "Vũ Ngọc Long",
      "gio": "19:05:36",
      "ngay": "2025-11-5",
      "burh": "5/11/2025"
    }
  },
  {
    "senderID": "100076293475426",
    "opt": {
      "name": "Hoàng Tuấn",
      "gio": "19:14:11",
      "ngay": "2025-11-5",
      "burh": "5/11/2025"
    }
  },
  {
    "senderID": "100068185930069",
    "opt": {
      "name": "Nguyen Minh Quan",
      "gio": "19:15:31",
      "ngay": "2025-11-5",
      "burh": "5/11/2025"
    }
  },
  {
    "senderID": "1653887803",
    "opt": {
      "name": "Lê Thời Việt Anh",
      "gio": "19:20:03",
      "ngay": "2025-11-5",
      "burh": "5/11/2025"
    }
  },
  {
    "senderID": "100026166136960",
    "opt": {
      "name": "Huynh Võ Tuyết Anh",
      "gio": "19:35:50",
      "ngay": "2025-11-5",
      "burh": "5/11/2025"
    }
  },
  {
    "senderID": "100093151203610",
    "opt": {
      "name": "Minhh Thư",
      "gio": "20:42:26",
      "ngay": "2025-11-5",
      "burh": "5/11/2025"
    }
  },
  {
    "senderID": "100079295228498",
    "opt": {
      "name": "Nguyễn Trang",
      "gio": "20:43:20",
      "ngay": "2025-11-5",
      "burh": "5/11/2025"
    }
  },
  {
    "senderID": "100031362105535",
    "opt": {
      "name": "ʚLy Lyɞ",
      "gio": "20:43:39",
      "ngay": "2025-11-5",
      "burh": "5/11/2025"
    }
  },
  {
    "senderID": "100051518466776",
    "opt": {
      "name": "Em Lương",
      "gio": "21:07:39",
      "ngay": "2025-11-5",
      "burh": "5/11/2025"
    }
  },
  {
    "senderID": "100051395551757",
    "opt": {
      "name": "Hoài Thương",
      "gio": "21:22:42",
      "ngay": "2025-11-5",
      "burh": "5/11/2025"
    }
  },
  {
    "senderID": "100058178289716",
    "opt": {
      "name": "Minh Hoàng",
      "gio": "21:43:20",
      "ngay": "2025-11-5",
      "burh": "5/11/2025"
    }
  },
  {
    "senderID": "61556956535284",
    "opt": {
      "name": "Thùy Dung",
      "gio": "21:47:53",
      "ngay": "2025-11-5",
      "burh": "5/11/2025"
    }
  },
  {
    "senderID": "100014745841348",
    "opt": {
      "name": "Trần Thị Tuyết Nhi",
      "gio": "21:52:10",
      "ngay": "2025-11-5",
      "burh": "5/11/2025"
    }
  },
  {
    "senderID": "100060834856135",
    "opt": {
      "name": "Đào Đào",
      "gio": "22:59:43",
      "ngay": "2025-11-5",
      "burh": "5/11/2025"
    }
  },
  {
    "senderID": "100000895922054",
    "opt": {
      "name": "Ng Van Hungg 🌸",
      "gio": "00:00:07",
      "ngay": "2025-11-6",
      "burh": "6/11/2025"
    }
  },
  {
    "senderID": "100032366202587",
    "opt": {
      "name": "Nấm",
      "gio": "00:54:30",
      "ngay": "2025-11-6",
      "burh": "6/11/2025"
    }
  },
  {
    "senderID": "100089912604401",
    "opt": {
      "name": "Nguyễn Mạnh",
      "gio": "01:00:24",
      "ngay": "2025-11-6",
      "burh": "6/11/2025"
    }
  },
  {
    "senderID": "61571601337114",
    "opt": {
      "name": "Thu Thuỷ",
      "gio": "01:21:05",
      "ngay": "2025-11-6",
      "burh": "6/11/2025"
    }
  },
  {
    "senderID": "61556932951435",
    "opt": {
      "name": "Thuu Hà",
      "gio": "07:32:21",
      "ngay": "2025-11-6",
      "burh": "6/11/2025"
    }
  },
  {
    "senderID": "100014445460183",
    "opt": {
      "name": "Trần Hạnh",
      "gio": "08:10:21",
      "ngay": "2025-11-6",
      "burh": "6/11/2025"
    }
  },
  {
    "senderID": "100092303065804",
    "opt": {
      "name": "Vũ Thị Huệ",
      "gio": "08:29:20",
      "ngay": "2025-11-6",
      "burh": "6/11/2025"
    }
  },
  {
    "senderID": "100073210335753",
    "opt": {
      "name": "Pham Anh Duan",
      "gio": "10:38:51",
      "ngay": "2025-11-6",
      "burh": "6/11/2025"
    }
  },
  {
    "senderID": "100071178524714",
    "opt": {
      "name": "Trần Thị Thu Thảo",
      "gio": "17:23:37",
      "ngay": "2025-11-6",
      "burh": "6/11/2025"
    }
  },
  {
    "senderID": "100034420336013",
    "opt": {
      "name": "Hoàng Huy",
      "gio": "18:39:44",
      "ngay": "2025-11-6",
      "burh": "6/11/2025"
    }
  },
  {
    "senderID": "100078830156674",
    "opt": {
      "name": "Nguyễn Văn Trường",
      "gio": "21:05:26",
      "ngay": "2025-11-6",
      "burh": "6/11/2025"
    }
  },
  {
    "senderID": "100067974105780",
    "opt": {
      "name": "Trâm Phạm",
      "gio": "21:34:00",
      "ngay": "2025-11-6",
      "burh": "6/11/2025"
    }
  },
  {
    "senderID": "100072084620334",
    "opt": {
      "name": "Nguyễn Hào",
      "gio": "01:03:43",
      "ngay": "2025-11-7",
      "burh": "7/11/2025"
    }
  },
  {
    "senderID": "100028958956842",
    "opt": {
      "name": "Lê Thị Mỹ Trinh",
      "gio": "01:22:58",
      "ngay": "2025-11-7",
      "burh": "7/11/2025"
    }
  },
  {
    "senderID": "100069836134885",
    "opt": {
      "name": "Thái Dương",
      "gio": "09:10:53",
      "ngay": "2025-11-7",
      "burh": "7/11/2025"
    }
  },
  {
    "senderID": "100033249734258",
    "opt": {
      "name": "Quốc Thái",
      "gio": "14:39:59",
      "ngay": "2025-11-7",
      "burh": "7/11/2025"
    }
  },
  {
    "senderID": "61583041779277",
    "opt": {
      "name": null,
      "gio": "16:21:02",
      "ngay": "2025-11-7",
      "burh": "7/11/2025"
    }
  },
  {
    "senderID": "100043933179132",
    "opt": {
      "name": "Ng Hoàng Bảo Duy",
      "gio": "20:20:39",
      "ngay": "2025-11-7",
      "burh": "7/11/2025"
    }
  },
  {
    "senderID": "100088851920004",
    "opt": {
      "name": "Ngọc Trang",
      "gio": "21:25:09",
      "ngay": "2025-11-8",
      "burh": "8/11/2025"
    }
  },
  {
    "senderID": "61550030184394",
    "opt": {
      "name": "️️️️️️️️️️️️️️️️️️️️️️️️️️️️️️️️️️️️️️️️️️️️️️️️️️️️️️️️️️️️️️️️️️️️️️️️️️️️️️️️️️️️️️️️️️️️️️️️️️️️️️️️️️️️️️️️️️️️️️️️️️️️️️️️️️️️️️️️️️️️️️️️️️️️️️️️️️️️️️️️️️️️️️️️️️ ",
      "gio": "00:00:10",
      "ngay": "2025-11-9",
      "burh": "9/11/2025"
    }
  },
  {
    "senderID": "100009736753936",
    "opt": {
      "name": "Minh Anhh Trinh",
      "gio": "09:19:28",
      "ngay": "2025-11-9",
      "burh": "9/11/2025"
    }
  },
  {
    "senderID": "100073984955468",
    "opt": {
      "name": "Đào Khánh Linh",
      "gio": "10:47:17",
      "ngay": "2025-11-9",
      "burh": "9/11/2025"
    }
  },
  {
    "senderID": "61553597526822",
    "opt": {
      "name": "Kim Trúc",
      "gio": "13:49:47",
      "ngay": "2025-11-9",
      "burh": "9/11/2025"
    }
  },
  {
    "id": "100093151203610",
    "time": "19:05:35, 09/11/2025"
  },
  {
    "id": "100080607796297",
    "time": "19:05:35, 09/11/2025"
  },
  {
    "id": "100088851920004",
    "time": "19:05:35, 09/11/2025"
  },
  {
    "id": "100069836134885",
    "time": "19:05:35, 09/11/2025"
  },
  {
    "id": "100035424193583",
    "time": "19:05:35, 09/11/2025"
  },
  {
    "id": "61554433842417",
    "time": "19:05:35, 09/11/2025"
  },
  {
    "id": "100043422287968",
    "time": "19:05:35, 09/11/2025"
  },
  {
    "id": "61553597526822",
    "time": "19:05:35, 09/11/2025"
  },
  {
    "id": "100060834856135",
    "time": "19:05:35, 09/11/2025"
  },
  {
    "id": "100058178289716",
    "time": "19:05:35, 09/11/2025"
  },
  {
    "id": "100043933179132",
    "time": "19:05:35, 09/11/2025"
  },
  {
    "id": "100023645925136",
    "time": "19:05:35, 09/11/2025"
  },
  {
    "id": "100014745841348",
    "time": "19:05:35, 09/11/2025"
  },
  {
    "id": "100014445460183",
    "time": "19:05:35, 09/11/2025"
  },
  {
    "id": "100072084620334",
    "time": "19:05:35, 09/11/2025"
  },
  {
    "id": "100079295228498",
    "time": "19:05:35, 09/11/2025"
  },
  {
    "id": "100078830156674",
    "time": "19:05:35, 09/11/2025"
  },
  {
    "id": "100067974105780",
    "time": "19:05:35, 09/11/2025"
  },
  {
    "id": "100076293475426",
    "time": "19:05:35, 09/11/2025"
  },
  {
    "id": "100033857178078",
    "time": "19:05:35, 09/11/2025"
  },
  {
    "id": "100026166136960",
    "time": "19:05:35, 09/11/2025"
  },
  {
    "id": "100034387628826",
    "time": "19:05:35, 09/11/2025"
  },
  {
    "id": "100089912604401",
    "time": "19:05:35, 09/11/2025"
  },
  {
    "id": "100013466082415",
    "time": "19:05:35, 09/11/2025"
  },
  {
    "id": "100076561754948",
    "time": "19:05:35, 09/11/2025"
  },
  {
    "id": "100073210335753",
    "time": "19:05:35, 09/11/2025"
  },
  {
    "id": "100068185930069",
    "time": "19:05:35, 09/11/2025"
  },
  {
    "id": "100028431092766",
    "time": "19:05:35, 09/11/2025"
  },
  {
    "id": "100071178524714",
    "time": "19:05:35, 09/11/2025"
  },
  {
    "id": "100035217042473",
    "time": "19:05:35, 09/11/2025"
  },
  {
    "id": "100092303065804",
    "time": "19:05:35, 09/11/2025"
  },
  {
    "id": "100028958956842",
    "time": "19:05:35, 09/11/2025"
  },
  {
    "id": "100009736753936",
    "time": "19:05:35, 09/11/2025"
  },
  {
    "id": "100082698367588",
    "time": "19:05:35, 09/11/2025"
  },
  {
    "id": "100073984955468",
    "time": "19:05:35, 09/11/2025"
  },
  {
    "id": "100034420336013",
    "time": "19:05:35, 09/11/2025"
  },
  {
    "id": "100021146132753",
    "time": "19:05:35, 09/11/2025"
  },
  {
    "id": "61556956535284",
    "time": "19:05:35, 09/11/2025"
  },
  {
    "id": "61556932951435",
    "time": "19:05:35, 09/11/2025"
  },
  {
    "id": "100087309560246",
    "time": "19:05:35, 09/11/2025"
  },
  {
    "id": "100032366202587",
    "time": "19:05:35, 09/11/2025"
  },
  {
    "id": "100066842235956",
    "time": "19:05:35, 09/11/2025"
  },
  {
    "id": "100003721717720",
    "time": "19:05:35, 09/11/2025"
  },
  {
    "id": "100073113797089",
    "time": "19:05:35, 09/11/2025"
  },
  {
    "id": "100015363039850",
    "time": "19:05:35, 09/11/2025"
  },
  {
    "id": "100051395551757",
    "time": "19:05:35, 09/11/2025"
  },
  {
    "id": "100028488301195",
    "time": "19:05:35, 09/11/2025"
  },
  {
    "id": "100033249734258",
    "time": "19:05:35, 09/11/2025"
  },
  {
    "id": "61578080757457",
    "time": "19:05:35, 09/11/2025"
  },
  {
    "id": "100084276703612",
    "time": "19:05:35, 09/11/2025"
  },
  {
    "id": "100073639420918",
    "time": "19:05:35, 09/11/2025"
  },
  {
    "id": "61550030184394",
    "time": "19:05:35, 09/11/2025"
  },
  {
    "id": "100068667114604",
    "time": "19:05:35, 09/11/2025"
  },
  {
    "id": "100051518466776",
    "time": "19:05:35, 09/11/2025"
  },
  {
    "id": "100000895922054",
    "time": "19:05:35, 09/11/2025"
  },
  {
    "id": "100042163081010",
    "time": "19:05:35, 09/11/2025"
  },
  {
    "id": "100085268946242",
    "time": "19:05:35, 09/11/2025"
  },
  {
    "id": "100031362105535",
    "time": "19:05:35, 09/11/2025"
  },
  {
    "id": "61571601337114",
    "time": "19:05:35, 09/11/2025"
  },
  {
    "id": "1653887803",
    "time": "19:05:35, 09/11/2025"
  },
  {
    "id": "61583041779277",
    "time": "19:05:35, 09/11/2025"
  },
  {
    "senderID": "100084276703612",
    "opt": {
      "name": "Thanh Trúc",
      "gio": "20:37:00",
      "ngay": "2025-11-9",
      "burh": "9/11/2025"
    }
  },
  {
    "id": "61560740597142",
    "time": "10:05:19, 10/11/2025"
  },
  {
    "senderID": "61560740597142",
    "opt": {
      "gio": "10:58:08",
      "ngay": "2025-11-10",
      "burh": "10/11/2025"
    }
  },
  {
    "senderID": "100035424193583",
    "opt": {
      "name": "Hồng Ngọc",
      "gio": "21:22:14",
      "ngay": "2025-11-11",
      "burh": "11/11/2025"
    }
  },
  {
    "id": "100044043570297",
    "time": "21:59:32, 11/11/2025"
  }
]