[
    {
        "senderID": "100000895922054",
        "opt": {
            "name": "Ng Van Hungg 🌸",
            "gio": "00:00:07",
            "ngay": "2025-11-7",
            "burh": "7/11/2025"
        }
    },
    {
        "senderID": "100037229083476",
        "opt": {
            "name": "Lachi Mêøw",
            "gio": "00:14:40",
            "ngay": "2025-11-8",
            "burh": "8/11/2025"
        }
    },
    {
        "senderID": "100084153722727",
        "opt": {
            "name": "Lê Tuấn Dương",
            "gio": "00:17:21",
            "ngay": "2025-11-8",
            "burh": "8/11/2025"
        }
    },
    {
        "senderID": "61574981373448",
        "opt": {
            "name": "Quoc Toan",
            "gio": "15:37:49",
            "ngay": "2025-11-8",
            "burh": "8/11/2025"
        }
    }
]