[
  {
    "senderID": "61552477929628",
    "opt": {
      "name": "Khánh Ly",
      "gio": "16:24:50",
      "ngay": "2025-11-5",
      "burh": "5/11/2025"
    }
  },
  {
    "senderID": "100014745841348",
    "opt": {
      "name": "Trần Thị Tuyết Nhi",
      "gio": "16:25:42",
      "ngay": "2025-11-5",
      "burh": "5/11/2025"
    }
  },
  {
    "senderID": "61557927931887",
    "opt": {
      "name": "Trúc Lamm",
      "gio": "16:26:18",
      "ngay": "2025-11-5",
      "burh": "5/11/2025"
    }
  },
  {
    "senderID": "100069281148531",
    "opt": {
      "name": "Như Quỳnhh",
      "gio": "16:26:50",
      "ngay": "2025-11-5",
      "burh": "5/11/2025"
    }
  },
  {
    "senderID": "100071178524714",
    "opt": {
      "name": "Trần Thị Thu Thảo",
      "gio": "16:28:58",
      "ngay": "2025-11-5",
      "burh": "5/11/2025"
    }
  },
  {
    "senderID": "100000895922054",
    "opt": {
      "name": "Ng Van Hungg 🌸",
      "gio": "16:29:11",
      "ngay": "2025-11-5",
      "burh": "5/11/2025"
    }
  },
  {
    "senderID": "61556345525928",
    "opt": {
      "name": "Sadgirl B.Ngọc",
      "gio": "16:32:06",
      "ngay": "2025-11-5",
      "burh": "5/11/2025"
    }
  },
  {
    "senderID": "61582483277342",
    "opt": {
      "name": "Nguyễn Bình Bình",
      "gio": "17:40:11",
      "ngay": "2025-11-5",
      "burh": "5/11/2025"
    }
  },
  {
    "senderID": "100076293475426",
    "opt": {
      "name": "Hoàng Tuấn",
      "gio": "17:48:30",
      "ngay": "2025-11-5",
      "burh": "5/11/2025"
    }
  },
  {
    "senderID": "100080607796297",
    "opt": {
      "name": "Hàn Thị Thu Dịu",
      "gio": "17:52:31",
      "ngay": "2025-11-5",
      "burh": "5/11/2025"
    }
  },
  {
    "senderID": "100041391990632",
    "opt": {
      "name": "Thúy Nga",
      "gio": "18:14:21",
      "ngay": "2025-11-5",
      "burh": "5/11/2025"
    }
  },
  {
    "senderID": "100014235219312",
    "opt": {
      "name": "Cẩm  Hương",
      "gio": "18:24:03",
      "ngay": "2025-11-5",
      "burh": "5/11/2025"
    }
  },
  {
    "senderID": "100091266557670",
    "opt": {
      "name": "Ánh Tuyết",
      "gio": "18:24:15",
      "ngay": "2025-11-5",
      "burh": "5/11/2025"
    }
  },
  {
    "senderID": "61577984845026",
    "opt": {
      "name": "Nguyễn Thành Luân",
      "gio": "18:39:42",
      "ngay": "2025-11-5",
      "burh": "5/11/2025"
    }
  },
  {
    "senderID": "100092706032838",
    "opt": {
      "name": "Khánh Linh",
      "gio": "18:44:22",
      "ngay": "2025-11-5",
      "burh": "5/11/2025"
    }
  },
  {
    "senderID": "100028413870353",
    "opt": {
      "name": "Thuỳ Linh",
      "gio": "18:46:08",
      "ngay": "2025-11-5",
      "burh": "5/11/2025"
    }
  },
  {
    "senderID": "61573572813113",
    "opt": {
      "name": "Nguyễn Đăng",
      "gio": "19:04:35",
      "ngay": "2025-11-5",
      "burh": "5/11/2025"
    }
  },
  {
    "senderID": "100036814308868",
    "opt": {
      "name": "Nguyen Thu Trangg",
      "gio": "19:04:44",
      "ngay": "2025-11-5",
      "burh": "5/11/2025"
    }
  },
  {
    "senderID": "61555093160617",
    "opt": {
      "name": "Nguyễn Thanh Phong",
      "gio": "19:45:31",
      "ngay": "2025-11-5",
      "burh": "5/11/2025"
    }
  },
  {
    "senderID": "61554040244736",
    "opt": {
      "name": "Nhung Tr",
      "gio": "19:46:22",
      "ngay": "2025-11-5",
      "burh": "5/11/2025"
    }
  },
  {
    "senderID": "100069769005394",
    "opt": {
      "name": "Anh Duy",
      "gio": "20:54:28",
      "ngay": "2025-11-5",
      "burh": "5/11/2025"
    }
  },
  {
    "senderID": "100093151203610",
    "opt": {
      "name": "Minhh Thư",
      "gio": "21:01:16",
      "ngay": "2025-11-5",
      "burh": "5/11/2025"
    }
  },
  {
    "senderID": "100073130299168",
    "opt": {
      "name": "Ánh Thư",
      "gio": "21:54:57",
      "ngay": "2025-11-5",
      "burh": "5/11/2025"
    }
  },
  {
    "senderID": "100026487743684",
    "opt": {
      "name": null,
      "gio": "22:10:32",
      "ngay": "2025-11-5",
      "burh": "5/11/2025"
    }
  },
  {
    "senderID": "100070851518476",
    "opt": {
      "name": "Ng Như Ýy",
      "gio": "22:27:59",
      "ngay": "2025-11-5",
      "burh": "5/11/2025"
    }
  },
  {
    "senderID": "100025066922685",
    "opt": {
      "name": null,
      "gio": "23:28:35",
      "ngay": "2025-11-5",
      "burh": "5/11/2025"
    }
  },
  {
    "senderID": "100075712890592",
    "opt": {
      "name": "Chí Vỹ",
      "gio": "23:28:43",
      "ngay": "2025-11-5",
      "burh": "5/11/2025"
    }
  },
  {
    "senderID": "61563785343559",
    "opt": {
      "name": "Dieu Ny",
      "gio": "23:41:52",
      "ngay": "2025-11-5",
      "burh": "5/11/2025"
    }
  },
  {
    "senderID": "100058178289716",
    "opt": {
      "name": "Minh Hoàng",
      "gio": "23:44:24",
      "ngay": "2025-11-5",
      "burh": "5/11/2025"
    }
  },
  {
    "senderID": "100060002829339",
    "opt": {
      "name": "Tuyet Quyen",
      "gio": "23:57:49",
      "ngay": "2025-11-5",
      "burh": "5/11/2025"
    }
  },
  {
    "senderID": "100038257657194",
    "opt": {
      "name": "Yến Vy",
      "gio": "00:12:29",
      "ngay": "2025-11-6",
      "burh": "6/11/2025"
    }
  },
  {
    "senderID": "100069836134885",
    "opt": {
      "name": "Thái Dương",
      "gio": "10:14:26",
      "ngay": "2025-11-6",
      "burh": "6/11/2025"
    }
  },
  {
    "senderID": "100037447936563",
    "opt": {
      "name": null,
      "gio": "10:18:40",
      "ngay": "2025-11-6",
      "burh": "6/11/2025"
    }
  },
  {
    "senderID": "100070988821536",
    "opt": {
      "gio": "10:19:34",
      "ngay": "2025-11-6",
      "burh": "6/11/2025"
    }
  },
  {
    "senderID": "100068795672003",
    "opt": {
      "name": "Võ Phạm Hoàng Quyên",
      "gio": "10:52:19",
      "ngay": "2025-11-6",
      "burh": "6/11/2025"
    }
  },
  {
    "senderID": "61579400623134",
    "opt": {
      "name": "Thành Trung",
      "gio": "12:34:40",
      "ngay": "2025-11-6",
      "burh": "6/11/2025"
    }
  },
  {
    "senderID": "61559586835839",
    "opt": {
      "name": "Anh Minh",
      "gio": "19:12:22",
      "ngay": "2025-11-6",
      "burh": "6/11/2025"
    }
  },
  {
    "senderID": "100084276703612",
    "opt": {
      "name": "Thanh Trúc",
      "gio": "21:00:08",
      "ngay": "2025-11-6",
      "burh": "6/11/2025"
    }
  },
  {
    "senderID": "100070261807534",
    "opt": {
      "name": "Phạm Thanh Vũ",
      "gio": "22:27:27",
      "ngay": "2025-11-6",
      "burh": "6/11/2025"
    }
  },
  {
    "senderID": "100073210335753",
    "opt": {
      "name": "Pham Anh Duan",
      "gio": "11:51:49",
      "ngay": "2025-11-7",
      "burh": "7/11/2025"
    }
  },
  {
    "senderID": "100035377392367",
    "opt": {
      "name": "Minh Thoai Dinh",
      "gio": "20:32:27",
      "ngay": "2025-11-7",
      "burh": "7/11/2025"
    }
  },
  {
    "senderID": "61556559805306",
    "opt": {
      "name": "Trà Yên",
      "gio": "21:01:39",
      "ngay": "2025-11-7",
      "burh": "7/11/2025"
    }
  },
  {
    "senderID": "61564393062337",
    "opt": {
      "name": "Hoàng Bảo Thư",
      "gio": "22:41:10",
      "ngay": "2025-11-7",
      "burh": "7/11/2025"
    }
  },
  {
    "senderID": "100057197521928",
    "opt": {
      "name": "Thu Hien",
      "gio": "18:01:33",
      "ngay": "2025-11-8",
      "burh": "8/11/2025"
    }
  },
  {
    "senderID": "100062555330528",
    "opt": {
      "name": "Ph My",
      "gio": "20:24:39",
      "ngay": "2025-11-8",
      "burh": "8/11/2025"
    }
  },
  {
    "senderID": "61550030184394",
    "opt": {
      "name": "️️️️️️️️️️️️️️️️️️️️️️️️️️️️️️️️️️️️️️️️️️️️️️️️️️️️️️️️️️️️️️️️️️️️️️️️️️️️️️️️️️️️️️️️️️️️️️️️️️️️️️️️️️️️️️️️️️️️️️️️️️️️️️️️️️️️️️️️️️️️️️️️️️️️️️️️️️️️️️️️️️️️️️️️️️ ",
      "gio": "00:00:10",
      "ngay": "2025-11-9",
      "burh": "9/11/2025"
    }
  },
  {
    "senderID": "100062798678714",
    "opt": {
      "name": null,
      "gio": "13:37:30",
      "ngay": "2025-11-9",
      "burh": "9/11/2025"
    }
  },
  {
    "senderID": "1653887803",
    "opt": {
      "name": "Lê Thời Việt Anh",
      "gio": "17:00:30",
      "ngay": "2025-11-9",
      "burh": "9/11/2025"
    }
  },
  {
    "id": "100080607796297",
    "time": "17:20:41, 09/11/2025"
  },
  {
    "id": "100093151203610",
    "time": "17:20:41, 09/11/2025"
  },
  {
    "id": "61556559805306",
    "time": "17:20:41, 09/11/2025"
  },
  {
    "id": "100092511354794",
    "time": "17:20:41, 09/11/2025"
  },
  {
    "id": "61554040244736",
    "time": "17:20:41, 09/11/2025"
  },
  {
    "id": "61562823567508",
    "time": "17:20:41, 09/11/2025"
  },
  {
    "id": "100086990914006",
    "time": "17:20:41, 09/11/2025"
  },
  {
    "id": "100071178524714",
    "time": "17:20:41, 09/11/2025"
  },
  {
    "id": "61569858300566",
    "time": "17:20:41, 09/11/2025"
  },
  {
    "id": "100062555330528",
    "time": "17:20:41, 09/11/2025"
  },
  {
    "id": "61571134154861",
    "time": "17:20:41, 09/11/2025"
  },
  {
    "id": "61563785343559",
    "time": "17:20:41, 09/11/2025"
  },
  {
    "id": "61556345525928",
    "time": "17:20:41, 09/11/2025"
  },
  {
    "id": "100040234821144",
    "time": "17:20:41, 09/11/2025"
  },
  {
    "id": "100068795672003",
    "time": "17:20:41, 09/11/2025"
  },
  {
    "id": "100076293475426",
    "time": "17:20:41, 09/11/2025"
  },
  {
    "id": "100073210335753",
    "time": "17:20:41, 09/11/2025"
  },
  {
    "id": "100048707201922",
    "time": "17:20:41, 09/11/2025"
  },
  {
    "id": "100058178289716",
    "time": "17:20:41, 09/11/2025"
  },
  {
    "id": "100091266557670",
    "time": "17:20:41, 09/11/2025"
  },
  {
    "id": "100014745841348",
    "time": "17:20:41, 09/11/2025"
  },
  {
    "id": "100071884599784",
    "time": "17:20:41, 09/11/2025"
  },
  {
    "id": "100047302620838",
    "time": "17:20:41, 09/11/2025"
  },
  {
    "id": "100040401163363",
    "time": "17:20:41, 09/11/2025"
  },
  {
    "id": "100060002829339",
    "time": "17:20:41, 09/11/2025"
  },
  {
    "id": "100057197521928",
    "time": "17:20:41, 09/11/2025"
  },
  {
    "id": "100081477491155",
    "time": "17:20:41, 09/11/2025"
  },
  {
    "id": "100069281148531",
    "time": "17:20:41, 09/11/2025"
  },
  {
    "id": "100041306023250",
    "time": "17:20:41, 09/11/2025"
  },
  {
    "id": "100063471035775",
    "time": "17:20:41, 09/11/2025"
  },
  {
    "id": "61557927931887",
    "time": "17:20:41, 09/11/2025"
  },
  {
    "id": "61551019157693",
    "time": "17:20:41, 09/11/2025"
  },
  {
    "id": "100087056393966",
    "time": "17:20:41, 09/11/2025"
  },
  {
    "id": "100081520880524",
    "time": "17:20:41, 09/11/2025"
  },
  {
    "id": "61577429562849",
    "time": "17:20:41, 09/11/2025"
  },
  {
    "id": "100038257657194",
    "time": "17:20:41, 09/11/2025"
  },
  {
    "id": "100069836134885",
    "time": "17:20:41, 09/11/2025"
  },
  {
    "id": "61573572813113",
    "time": "17:20:41, 09/11/2025"
  },
  {
    "id": "100089324273189",
    "time": "17:20:41, 09/11/2025"
  },
  {
    "id": "61579400623134",
    "time": "17:20:41, 09/11/2025"
  },
  {
    "id": "100070851518476",
    "time": "17:20:41, 09/11/2025"
  },
  {
    "id": "100080350179882",
    "time": "17:20:41, 09/11/2025"
  },
  {
    "id": "100084276703612",
    "time": "17:20:41, 09/11/2025"
  },
  {
    "id": "100073639420918",
    "time": "17:20:41, 09/11/2025"
  },
  {
    "id": "61550030184394",
    "time": "17:20:41, 09/11/2025"
  },
  {
    "id": "100077312576968",
    "time": "17:20:41, 09/11/2025"
  },
  {
    "id": "100041391990632",
    "time": "17:20:41, 09/11/2025"
  },
  {
    "id": "100000895922054",
    "time": "17:20:41, 09/11/2025"
  },
  {
    "id": "100036814308868",
    "time": "17:20:41, 09/11/2025"
  },
  {
    "id": "61582483277342",
    "time": "17:20:41, 09/11/2025"
  },
  {
    "id": "100035377392367",
    "time": "17:20:41, 09/11/2025"
  },
  {
    "id": "61564393062337",
    "time": "17:20:41, 09/11/2025"
  },
  {
    "id": "100075712890592",
    "time": "17:20:41, 09/11/2025"
  },
  {
    "id": "100069769005394",
    "time": "17:20:41, 09/11/2025"
  },
  {
    "id": "100014235219312",
    "time": "17:20:41, 09/11/2025"
  },
  {
    "id": "100073130299168",
    "time": "17:20:41, 09/11/2025"
  },
  {
    "id": "100028413870353",
    "time": "17:20:41, 09/11/2025"
  },
  {
    "id": "61559586835839",
    "time": "17:20:41, 09/11/2025"
  },
  {
    "id": "61577984845026",
    "time": "17:20:41, 09/11/2025"
  },
  {
    "id": "1653887803",
    "time": "17:20:41, 09/11/2025"
  },
  {
    "id": "100092706032838",
    "time": "17:20:41, 09/11/2025"
  },
  {
    "id": "61552477929628",
    "time": "17:20:41, 09/11/2025"
  },
  {
    "id": "100026487743684",
    "time": "17:20:41, 09/11/2025"
  },
  {
    "id": "100025066922685",
    "time": "17:20:41, 09/11/2025"
  },
  {
    "id": "100037447936563",
    "time": "17:20:41, 09/11/2025"
  },
  {
    "id": "100070988821536",
    "time": "17:20:41, 09/11/2025"
  },
  {
    "id": "100084711305859",
    "time": "18:16:01, 09/11/2025"
  },
  {
    "senderID": "100084711305859",
    "opt": {
      "name": null,
      "gio": "18:17:46",
      "ngay": "2025-11-9",
      "burh": "9/11/2025"
    }
  },
  {
    "senderID": "100047302620838",
    "opt": {
      "name": "Trương Xuân Hoàng",
      "gio": "19:46:35",
      "ngay": "2025-11-9",
      "burh": "9/11/2025"
    }
  },
  {
    "id": "100092595086702",
    "time": "18:57:29, 10/11/2025"
  },
  {
    "senderID": "100092595086702",
    "opt": {
      "name": null,
      "gio": "18:57:46",
      "ngay": "2025-11-10",
      "burh": "10/11/2025"
    }
  },
  {
    "id": "100082147370249",
    "time": "19:06:15, 10/11/2025"
  },
  {
    "senderID": "100082147370249",
    "opt": {
      "name": null,
      "gio": "19:06:31",
      "ngay": "2025-11-10",
      "burh": "10/11/2025"
    }
  },
  {
    "senderID": "100077312576968",
    "opt": {
      "name": "Ph Minh Dat",
      "gio": "19:27:57",
      "ngay": "2025-11-10",
      "burh": "10/11/2025"
    }
  },
  {
    "senderID": "100081477491155",
    "opt": {
      "name": "Ngọc Chi",
      "gio": "19:31:01",
      "ngay": "2025-11-10",
      "burh": "10/11/2025"
    }
  },
  {
    "id": "100066842235956",
    "time": "20:26:57, 10/11/2025"
  },
  {
    "senderID": "100066842235956",
    "opt": {
      "name": "Nhật Thịnh",
      "gio": "20:31:50",
      "ngay": "2025-11-10",
      "burh": "10/11/2025"
    }
  },
  {
    "senderID": "100071884599784",
    "opt": {
      "name": "Mìu Tắc Phúc",
      "gio": "00:26:47",
      "ngay": "2025-11-11",
      "burh": "11/11/2025"
    }
  },
  {
    "id": "61554599293034",
    "time": "10:28:17, 11/11/2025"
  },
  {
    "senderID": "61554599293034",
    "opt": {
      "name": null,
      "gio": "10:28:29",
      "ngay": "2025-11-11",
      "burh": "11/11/2025"
    }
  },
  {
    "id": "100091841246613",
    "time": "10:42:36, 11/11/2025"
  },
  {
    "senderID": "100091841246613",
    "opt": {
      "name": null,
      "gio": "10:43:06",
      "ngay": "2025-11-11",
      "burh": "11/11/2025"
    }
  },
  {
    "senderID": "100073639420918",
    "opt": {
      "name": "Ng Van Hungg 💤",
      "gio": "10:52:46",
      "ngay": "2025-11-11",
      "burh": "11/11/2025"
    }
  },
  {
    "senderID": "61562823567508",
    "opt": {
      "name": "Nguyễn Hữu Quân",
      "gio": "10:54:36",
      "ngay": "2025-11-11",
      "burh": "11/11/2025"
    }
  },
  {
    "id": "100078888830842",
    "time": "20:35:24, 11/11/2025"
  }
]