[
  {
    "senderID": "100072096072776",
    "opt": {
      "name": "Linh Gia",
      "gio": "17:01:38",
      "ngay": "2025-11-5",
      "burh": "5/11/2025"
    }
  },
  {
    "senderID": "61561633201772",
    "opt": {
      "name": "Julyaa Luongg",
      "gio": "17:11:35",
      "ngay": "2025-11-5",
      "burh": "5/11/2025"
    }
  },
  {
    "senderID": "100078352794166",
    "opt": {
      "name": "NG Anh Sasi",
      "gio": "18:24:30",
      "ngay": "2025-11-5",
      "burh": "5/11/2025"
    }
  },
  {
    "senderID": "100030982187357",
    "opt": {
      "name": "Ming Cuonh",
      "gio": "18:24:42",
      "ngay": "2025-11-5",
      "burh": "5/11/2025"
    }
  },
  {
    "senderID": "100091546088288",
    "opt": {
      "name": "Nguyễn Vũ Minh Anh",
      "gio": "19:16:26",
      "ngay": "2025-11-5",
      "burh": "5/11/2025"
    }
  },
  {
    "senderID": "100095330057562",
    "opt": {
      "name": "Phan Thanh Uan",
      "gio": "19:19:27",
      "ngay": "2025-11-5",
      "burh": "5/11/2025"
    }
  },
  {
    "senderID": "100080480798492",
    "opt": {
      "name": "HN Nanhh",
      "gio": "19:33:09",
      "ngay": "2025-11-5",
      "burh": "5/11/2025"
    }
  },
  {
    "senderID": "61557417623236",
    "opt": {
      "name": "Đặngg Thơ",
      "gio": "19:54:12",
      "ngay": "2025-11-5",
      "burh": "5/11/2025"
    }
  },
  {
    "senderID": "61556366287733",
    "opt": {
      "name": "Hoang Ni",
      "gio": "20:22:16",
      "ngay": "2025-11-5",
      "burh": "5/11/2025"
    }
  },
  {
    "senderID": "100000895922054",
    "opt": {
      "name": "Ng Van Hungg 🌸",
      "gio": "20:38:16",
      "ngay": "2025-11-5",
      "burh": "5/11/2025"
    }
  },
  {
    "senderID": "61550844096635",
    "opt": {
      "name": "Ng Đạt",
      "gio": "12:12:35",
      "ngay": "2025-11-6",
      "burh": "6/11/2025"
    }
  },
  {
    "senderID": "100074793253581",
    "opt": {
      "name": "Mỹ Linh",
      "gio": "13:00:51",
      "ngay": "2025-11-6",
      "burh": "6/11/2025"
    }
  },
  {
    "senderID": "100085607483096",
    "opt": {
      "name": "Mai Anh",
      "gio": "14:26:46",
      "ngay": "2025-11-6",
      "burh": "6/11/2025"
    }
  },
  {
    "senderID": "61577620636217",
    "opt": {
      "name": "Như Mai",
      "gio": "15:12:07",
      "ngay": "2025-11-6",
      "burh": "6/11/2025"
    }
  },
  {
    "senderID": "61568807833068",
    "opt": {
      "name": "Kim Ngân",
      "gio": "15:28:40",
      "ngay": "2025-11-6",
      "burh": "6/11/2025"
    }
  },
  {
    "senderID": "61575071946849",
    "opt": {
      "name": "Ngoc Vy",
      "gio": "15:48:40",
      "ngay": "2025-11-6",
      "burh": "6/11/2025"
    }
  },
  {
    "senderID": "100077701390678",
    "opt": {
      "name": "Yeii Nhie",
      "gio": "22:13:16",
      "ngay": "2025-11-6",
      "burh": "6/11/2025"
    }
  },
  {
    "senderID": "100090515795579",
    "opt": {
      "name": "Ng Nhaan",
      "gio": "00:16:19",
      "ngay": "2025-11-7",
      "burh": "7/11/2025"
    }
  },
  {
    "senderID": "100093028400105",
    "opt": {
      "name": "Tr Phuong Anh",
      "gio": "16:12:48",
      "ngay": "2025-11-7",
      "burh": "7/11/2025"
    }
  },
  {
    "senderID": "61561846031952",
    "opt": {
      "name": "Cao Phương Linh",
      "gio": "19:51:20",
      "ngay": "2025-11-7",
      "burh": "7/11/2025"
    }
  },
  {
    "senderID": "100065659055837",
    "opt": {
      "name": "Kiều Ngân",
      "gio": "20:16:19",
      "ngay": "2025-11-7",
      "burh": "7/11/2025"
    }
  },
  {
    "senderID": "61576878881860",
    "opt": {
      "name": "Ngọc Tiến",
      "gio": "02:58:30",
      "ngay": "2025-11-8",
      "burh": "8/11/2025"
    }
  },
  {
    "senderID": "100071133815128",
    "opt": {
      "name": "Ng Bao Nhu",
      "gio": "10:18:38",
      "ngay": "2025-11-8",
      "burh": "8/11/2025"
    }
  },
  {
    "senderID": "100089763477492",
    "opt": {
      "name": "Quỳnh Trang",
      "gio": "10:25:03",
      "ngay": "2025-11-8",
      "burh": "8/11/2025"
    }
  },
  {
    "senderID": "100070182486318",
    "opt": {
      "name": "Tuệ Nhi",
      "gio": "21:44:43",
      "ngay": "2025-11-8",
      "burh": "8/11/2025"
    }
  },
  {
    "senderID": "61564637039893",
    "opt": {
      "name": "Nọc Tuyền Ctee",
      "gio": "08:38:20",
      "ngay": "2025-11-9",
      "burh": "9/11/2025"
    }
  },
  {
    "senderID": "100058544584125",
    "opt": {
      "name": "Minh Khuê",
      "gio": "13:29:13",
      "ngay": "2025-11-9",
      "burh": "9/11/2025"
    }
  },
  {
    "senderID": "61564360988672",
    "opt": {
      "name": "Phương Ly",
      "gio": "13:29:40",
      "ngay": "2025-11-9",
      "burh": "9/11/2025"
    }
  },
  {
    "id": "100054892668998",
    "time": "17:18:40, 09/11/2025"
  },
  {
    "id": "100010168535869",
    "time": "17:18:40, 09/11/2025"
  },
  {
    "id": "61559214267206",
    "time": "17:18:40, 09/11/2025"
  },
  {
    "id": "100030982187357",
    "time": "17:18:40, 09/11/2025"
  },
  {
    "id": "61554755845672",
    "time": "17:18:40, 09/11/2025"
  },
  {
    "id": "100085607483096",
    "time": "17:18:40, 09/11/2025"
  },
  {
    "id": "61561846031952",
    "time": "17:18:40, 09/11/2025"
  },
  {
    "id": "100074996724205",
    "time": "17:18:40, 09/11/2025"
  },
  {
    "id": "61555004005653",
    "time": "17:18:40, 09/11/2025"
  },
  {
    "id": "100019357358917",
    "time": "17:18:40, 09/11/2025"
  },
  {
    "id": "100093859291675",
    "time": "17:18:40, 09/11/2025"
  },
  {
    "id": "100071992406751",
    "time": "17:18:40, 09/11/2025"
  },
  {
    "id": "100079905999959",
    "time": "17:18:40, 09/11/2025"
  },
  {
    "id": "100055602692785",
    "time": "17:18:40, 09/11/2025"
  },
  {
    "id": "100077701390678",
    "time": "17:18:40, 09/11/2025"
  },
  {
    "id": "100043832493530",
    "time": "17:18:40, 09/11/2025"
  },
  {
    "id": "61568807833068",
    "time": "17:18:40, 09/11/2025"
  },
  {
    "id": "100065635456706",
    "time": "17:18:40, 09/11/2025"
  },
  {
    "id": "100090515795579",
    "time": "17:18:40, 09/11/2025"
  },
  {
    "id": "100078352794166",
    "time": "17:18:40, 09/11/2025"
  },
  {
    "id": "100073756377015",
    "time": "17:18:40, 09/11/2025"
  },
  {
    "id": "100076251362051",
    "time": "17:18:40, 09/11/2025"
  },
  {
    "id": "61556973321179",
    "time": "17:18:40, 09/11/2025"
  },
  {
    "id": "100058474429434",
    "time": "17:18:40, 09/11/2025"
  },
  {
    "id": "100091546088288",
    "time": "17:18:40, 09/11/2025"
  },
  {
    "id": "100001830738561",
    "time": "17:18:40, 09/11/2025"
  },
  {
    "id": "100089763477492",
    "time": "17:18:40, 09/11/2025"
  },
  {
    "id": "61570151165872",
    "time": "17:18:40, 09/11/2025"
  },
  {
    "id": "100044260308304",
    "time": "17:18:40, 09/11/2025"
  },
  {
    "id": "100048705202944",
    "time": "17:18:40, 09/11/2025"
  },
  {
    "id": "61554840782389",
    "time": "17:18:40, 09/11/2025"
  },
  {
    "id": "100087628736204",
    "time": "17:18:40, 09/11/2025"
  },
  {
    "id": "100065659055837",
    "time": "17:18:40, 09/11/2025"
  },
  {
    "id": "61557157391070",
    "time": "17:18:40, 09/11/2025"
  },
  {
    "id": "100085106690774",
    "time": "17:18:40, 09/11/2025"
  },
  {
    "id": "61561754663574",
    "time": "17:18:40, 09/11/2025"
  },
  {
    "id": "61561314154950",
    "time": "17:18:40, 09/11/2025"
  },
  {
    "id": "100083344811377",
    "time": "17:18:40, 09/11/2025"
  },
  {
    "id": "100060689804363",
    "time": "17:18:40, 09/11/2025"
  },
  {
    "id": "100092239887080",
    "time": "17:18:40, 09/11/2025"
  },
  {
    "id": "100076327337732",
    "time": "17:18:40, 09/11/2025"
  },
  {
    "id": "100042959357023",
    "time": "17:18:40, 09/11/2025"
  },
  {
    "id": "61568501957456",
    "time": "17:18:40, 09/11/2025"
  },
  {
    "id": "100066222223543",
    "time": "17:18:40, 09/11/2025"
  },
  {
    "id": "61564637039893",
    "time": "17:18:40, 09/11/2025"
  },
  {
    "id": "100080480798492",
    "time": "17:18:40, 09/11/2025"
  },
  {
    "id": "61573040128883",
    "time": "17:18:40, 09/11/2025"
  },
  {
    "id": "100010827932778",
    "time": "17:18:40, 09/11/2025"
  },
  {
    "id": "100071133815128",
    "time": "17:18:40, 09/11/2025"
  },
  {
    "id": "100034733823324",
    "time": "17:18:40, 09/11/2025"
  },
  {
    "id": "100085434116387",
    "time": "17:18:40, 09/11/2025"
  },
  {
    "id": "61556801938106",
    "time": "17:18:40, 09/11/2025"
  },
  {
    "id": "61573891397322",
    "time": "17:18:40, 09/11/2025"
  },
  {
    "id": "100082684274354",
    "time": "17:18:40, 09/11/2025"
  },
  {
    "id": "61560269624650",
    "time": "17:18:40, 09/11/2025"
  },
  {
    "id": "100058544584125",
    "time": "17:18:40, 09/11/2025"
  },
  {
    "id": "100051733902762",
    "time": "17:18:40, 09/11/2025"
  },
  {
    "id": "61559291063590",
    "time": "17:18:40, 09/11/2025"
  },
  {
    "id": "61575071946849",
    "time": "17:18:40, 09/11/2025"
  },
  {
    "id": "61550108074830",
    "time": "17:18:40, 09/11/2025"
  },
  {
    "id": "61576878881860",
    "time": "17:18:40, 09/11/2025"
  },
  {
    "id": "61555134279746",
    "time": "17:18:40, 09/11/2025"
  },
  {
    "id": "61575767660992",
    "time": "17:18:40, 09/11/2025"
  },
  {
    "id": "100093849429396",
    "time": "17:18:40, 09/11/2025"
  },
  {
    "id": "100091935623925",
    "time": "17:18:40, 09/11/2025"
  },
  {
    "id": "61571693494861",
    "time": "17:18:40, 09/11/2025"
  },
  {
    "id": "61578971607160",
    "time": "17:18:40, 09/11/2025"
  },
  {
    "id": "100020864288686",
    "time": "17:18:40, 09/11/2025"
  },
  {
    "id": "61554127105220",
    "time": "17:18:40, 09/11/2025"
  },
  {
    "id": "100085333683103",
    "time": "17:18:40, 09/11/2025"
  },
  {
    "id": "61563759530684",
    "time": "17:18:40, 09/11/2025"
  },
  {
    "id": "61557674924403",
    "time": "17:18:40, 09/11/2025"
  },
  {
    "id": "100072234173831",
    "time": "17:18:40, 09/11/2025"
  },
  {
    "id": "100095215464809",
    "time": "17:18:40, 09/11/2025"
  },
  {
    "id": "61550844096635",
    "time": "17:18:40, 09/11/2025"
  },
  {
    "id": "61559460276452",
    "time": "17:18:40, 09/11/2025"
  },
  {
    "id": "61557417623236",
    "time": "17:18:40, 09/11/2025"
  },
  {
    "id": "61558570270683",
    "time": "17:18:40, 09/11/2025"
  },
  {
    "id": "61558622291897",
    "time": "17:18:40, 09/11/2025"
  },
  {
    "id": "61557020936637",
    "time": "17:18:40, 09/11/2025"
  },
  {
    "id": "61552151392098",
    "time": "17:18:40, 09/11/2025"
  },
  {
    "id": "61564360988672",
    "time": "17:18:40, 09/11/2025"
  },
  {
    "id": "100075396121822",
    "time": "17:18:40, 09/11/2025"
  },
  {
    "id": "61556366287733",
    "time": "17:18:40, 09/11/2025"
  },
  {
    "id": "100095330057562",
    "time": "17:18:40, 09/11/2025"
  },
  {
    "id": "100064552718188",
    "time": "17:18:40, 09/11/2025"
  },
  {
    "id": "100092701026645",
    "time": "17:18:40, 09/11/2025"
  },
  {
    "id": "100077098945996",
    "time": "17:18:40, 09/11/2025"
  },
  {
    "id": "61567129514017",
    "time": "17:18:40, 09/11/2025"
  },
  {
    "id": "100074793253581",
    "time": "17:18:40, 09/11/2025"
  },
  {
    "id": "61561633201772",
    "time": "17:18:40, 09/11/2025"
  },
  {
    "id": "100072096072776",
    "time": "17:18:40, 09/11/2025"
  },
  {
    "id": "61571401845575",
    "time": "17:18:40, 09/11/2025"
  },
  {
    "id": "61560299280947",
    "time": "17:18:40, 09/11/2025"
  },
  {
    "id": "61577620636217",
    "time": "17:18:40, 09/11/2025"
  },
  {
    "id": "61550030184394",
    "time": "17:18:40, 09/11/2025"
  },
  {
    "id": "100000895922054",
    "time": "17:18:40, 09/11/2025"
  },
  {
    "id": "61550966581897",
    "time": "17:18:40, 09/11/2025"
  },
  {
    "id": "100093028400105",
    "time": "17:18:40, 09/11/2025"
  },
  {
    "id": "100070182486318",
    "time": "17:18:40, 09/11/2025"
  },
  {
    "senderID": "100073756377015",
    "opt": {
      "name": "Học Bá Cấm Dục",
      "gio": "20:40:13",
      "ngay": "2025-11-9",
      "burh": "9/11/2025"
    }
  },
  {
    "senderID": "61560299280947",
    "opt": {
      "name": "Minh Nh",
      "gio": "20:43:42",
      "ngay": "2025-11-9",
      "burh": "9/11/2025"
    }
  },
  {
    "senderID": "61561754663574",
    "opt": {
      "name": "Tr Phươngg",
      "gio": "21:44:08",
      "ngay": "2025-11-9",
      "burh": "9/11/2025"
    }
  },
  {
    "senderID": "61550030184394",
    "opt": {
      "name": "️️️️️️️️️️️️️️️️️️️️️️️️️️️️️️️️️️️️️️️️️️️️️️️️️️️️️️️️️️️️️️️️️️️️️️️️️️️️️️️️️️️️️️️️️️️️️️️️️️️️️️️️️️️️️️️️️️️️️️️️️️️️️️️️️️️️️️️️️️️️️️️️️️️️️️️️️️️️️️️️️️️️️️️️️️ ",
      "gio": "21:44:31",
      "ngay": "2025-11-9",
      "burh": "9/11/2025"
    }
  },
  {
    "senderID": "100079905999959",
    "opt": {
      "name": "Nguyen Soc",
      "gio": "20:13:26",
      "ngay": "2025-11-10",
      "burh": "10/11/2025"
    }
  },
  {
    "senderID": "100054892668998",
    "opt": {
      "name": "Khanh Phuong",
      "gio": "20:18:28",
      "ngay": "2025-11-10",
      "burh": "10/11/2025"
    }
  }
]