[
  {
    "senderID": "61576767542544",
    "opt": {
      "name": "Hưng Thịnh",
      "gio": "16:29:21",
      "ngay": "2025-11-5",
      "burh": "5/11/2025"
    }
  },
  {
    "senderID": "100077376274493",
    "opt": {
      "name": "Kin Kin",
      "gio": "16:32:28",
      "ngay": "2025-11-5",
      "burh": "5/11/2025"
    }
  },
  {
    "senderID": "100069082772484",
    "opt": {
      "name": "Nguyễn Nghĩa",
      "gio": "18:54:47",
      "ngay": "2025-11-5",
      "burh": "5/11/2025"
    }
  },
  {
    "senderID": "61566903755218",
    "opt": {
      "name": "Minh Anh",
      "gio": "19:10:42",
      "ngay": "2025-11-5",
      "burh": "5/11/2025"
    }
  },
  {
    "senderID": "100077701390678",
    "opt": {
      "name": "Yeii Nhie",
      "gio": "20:40:28",
      "ngay": "2025-11-5",
      "burh": "5/11/2025"
    }
  },
  {
    "senderID": "100000895922054",
    "opt": {
      "name": "Ng Van Hungg 🌸",
      "gio": "20:40:29",
      "ngay": "2025-11-5",
      "burh": "5/11/2025"
    }
  },
  {
    "senderID": "100080251004899",
    "opt": {
      "name": "Trần Minh",
      "gio": "20:53:08",
      "ngay": "2025-11-5",
      "burh": "5/11/2025"
    }
  },
  {
    "senderID": "100040531276966",
    "opt": {
      "name": "Bảo Nguyễn",
      "gio": "20:56:47",
      "ngay": "2025-11-5",
      "burh": "5/11/2025"
    }
  },
  {
    "senderID": "61566212084883",
    "opt": {
      "name": null,
      "gio": "20:58:42",
      "ngay": "2025-11-5",
      "burh": "5/11/2025"
    }
  },
  {
    "senderID": "100085607483096",
    "opt": {
      "name": "Mai Anh",
      "gio": "21:17:38",
      "ngay": "2025-11-5",
      "burh": "5/11/2025"
    }
  },
  {
    "senderID": "100089373969702",
    "opt": {
      "name": null,
      "gio": "16:50:05",
      "ngay": "2025-11-6",
      "burh": "6/11/2025"
    }
  },
  {
    "senderID": "100074108749863",
    "opt": {
      "name": "Thành Nguyễn",
      "gio": "16:50:18",
      "ngay": "2025-11-6",
      "burh": "6/11/2025"
    }
  },
  {
    "senderID": "61554840782389",
    "opt": {
      "name": "Hoàng Nam",
      "gio": "16:51:01",
      "ngay": "2025-11-6",
      "burh": "6/11/2025"
    }
  },
  {
    "senderID": "100054892668998",
    "opt": {
      "name": "Khanh Phuong",
      "gio": "17:12:39",
      "ngay": "2025-11-6",
      "burh": "6/11/2025"
    }
  },
  {
    "senderID": "100089619697709",
    "opt": {
      "name": "Huỳnh Hoang Vĩnh Hải",
      "gio": "18:09:33",
      "ngay": "2025-11-6",
      "burh": "6/11/2025"
    }
  },
  {
    "senderID": "100082684274354",
    "opt": {
      "name": "Tran Quy Hai Dang",
      "gio": "19:06:35",
      "ngay": "2025-11-7",
      "burh": "7/11/2025"
    }
  },
  {
    "senderID": "61556562713676",
    "opt": {
      "name": "Khang Lưu",
      "gio": "17:10:13",
      "ngay": "2025-11-8",
      "burh": "8/11/2025"
    }
  },
  {
    "senderID": "61550030184394",
    "opt": {
      "name": "️️️️️️️️️️️️️️️️️️️️️️️️️️️️️️️️️️️️️️️️️️️️️️️️️️️️️️️️️️️️️️️️️️️️️️️️️️️️️️️️️️️️️️️️️️️️️️️️️️️️️️️️️️️️️️️️️️️️️️️️️️️️️️️️️️️️️️️️️️️️️️️️️️️️️️️️️️️️️️️️️️️️️️️️️️ ",
      "gio": "00:00:14",
      "ngay": "2025-11-9",
      "burh": "9/11/2025"
    }
  },
  {
    "id": "61560299280947",
    "time": "18:32:48, 09/11/2025"
  },
  {
    "id": "61570151165872",
    "time": "18:32:48, 09/11/2025"
  },
  {
    "id": "100055602692785",
    "time": "18:32:48, 09/11/2025"
  },
  {
    "id": "100074996724205",
    "time": "18:32:48, 09/11/2025"
  },
  {
    "id": "100091546088288",
    "time": "18:32:48, 09/11/2025"
  },
  {
    "id": "61575325054866",
    "time": "18:32:48, 09/11/2025"
  },
  {
    "id": "100071784282885",
    "time": "18:32:48, 09/11/2025"
  },
  {
    "id": "61554840782389",
    "time": "18:32:48, 09/11/2025"
  },
  {
    "id": "61576767542544",
    "time": "18:32:48, 09/11/2025"
  },
  {
    "id": "100089619697709",
    "time": "18:32:48, 09/11/2025"
  },
  {
    "id": "100074108749863",
    "time": "18:32:48, 09/11/2025"
  },
  {
    "id": "100040531276966",
    "time": "18:32:48, 09/11/2025"
  },
  {
    "id": "100081219016785",
    "time": "18:32:48, 09/11/2025"
  },
  {
    "id": "100036191915968",
    "time": "18:32:48, 09/11/2025"
  },
  {
    "id": "61557157391070",
    "time": "18:32:48, 09/11/2025"
  },
  {
    "id": "100085607483096",
    "time": "18:32:48, 09/11/2025"
  },
  {
    "id": "61554506773040",
    "time": "18:32:48, 09/11/2025"
  },
  {
    "id": "61561314154950",
    "time": "18:32:48, 09/11/2025"
  },
  {
    "id": "100084703230729",
    "time": "18:32:48, 09/11/2025"
  },
  {
    "id": "100054892668998",
    "time": "18:32:48, 09/11/2025"
  },
  {
    "id": "100077701390678",
    "time": "18:32:48, 09/11/2025"
  },
  {
    "id": "100095215464809",
    "time": "18:32:48, 09/11/2025"
  },
  {
    "id": "61557380211849",
    "time": "18:32:48, 09/11/2025"
  },
  {
    "id": "61580080272115",
    "time": "18:32:48, 09/11/2025"
  },
  {
    "id": "100075396121822",
    "time": "18:32:48, 09/11/2025"
  },
  {
    "id": "100069082772484",
    "time": "18:32:48, 09/11/2025"
  },
  {
    "id": "61571918674596",
    "time": "18:32:48, 09/11/2025"
  },
  {
    "id": "61567735851247",
    "time": "18:32:48, 09/11/2025"
  },
  {
    "id": "61558414724663",
    "time": "18:32:48, 09/11/2025"
  },
  {
    "id": "100090135602775",
    "time": "18:32:48, 09/11/2025"
  },
  {
    "id": "61572736733440",
    "time": "18:32:48, 09/11/2025"
  },
  {
    "id": "61557068405577",
    "time": "18:32:48, 09/11/2025"
  },
  {
    "id": "61567094880263",
    "time": "18:32:48, 09/11/2025"
  },
  {
    "id": "100081740430379",
    "time": "18:32:48, 09/11/2025"
  },
  {
    "id": "61581867830752",
    "time": "18:32:48, 09/11/2025"
  },
  {
    "id": "100082684274354",
    "time": "18:32:48, 09/11/2025"
  },
  {
    "id": "100089466910568",
    "time": "18:32:48, 09/11/2025"
  },
  {
    "id": "100062531664871",
    "time": "18:32:48, 09/11/2025"
  },
  {
    "id": "61551252604738",
    "time": "18:32:48, 09/11/2025"
  },
  {
    "id": "100077376274493",
    "time": "18:32:48, 09/11/2025"
  },
  {
    "id": "61556562713676",
    "time": "18:32:48, 09/11/2025"
  },
  {
    "id": "61566903755218",
    "time": "18:32:48, 09/11/2025"
  },
  {
    "id": "61550030184394",
    "time": "18:32:48, 09/11/2025"
  },
  {
    "id": "100000895922054",
    "time": "18:32:48, 09/11/2025"
  },
  {
    "id": "100064280830280",
    "time": "18:32:48, 09/11/2025"
  },
  {
    "id": "100088545249547",
    "time": "18:32:48, 09/11/2025"
  },
  {
    "id": "100093562294023",
    "time": "18:32:48, 09/11/2025"
  },
  {
    "id": "61572689643559",
    "time": "18:32:48, 09/11/2025"
  },
  {
    "id": "100094897749049",
    "time": "18:32:48, 09/11/2025"
  },
  {
    "id": "61566212084883",
    "time": "18:32:48, 09/11/2025"
  },
  {
    "id": "100080251004899",
    "time": "18:32:48, 09/11/2025"
  },
  {
    "id": "100089373969702",
    "time": "18:32:48, 09/11/2025"
  },
  {
    "id": "100027423277261",
    "time": "18:32:48, 09/11/2025"
  },
  {
    "senderID": "100074996724205",
    "opt": {
      "name": "Hưng Trần",
      "gio": "21:27:25",
      "ngay": "2025-11-9",
      "burh": "9/11/2025"
    }
  },
  {
    "senderID": "100095215464809",
    "opt": {
      "name": "Dương Bảo",
      "gio": "21:33:49",
      "ngay": "2025-11-9",
      "burh": "9/11/2025"
    }
  },
  {
    "senderID": "100091546088288",
    "opt": {
      "name": "Nguyễn Vũ Minh Anh",
      "gio": "21:43:24",
      "ngay": "2025-11-9",
      "burh": "9/11/2025"
    }
  },
  {
    "senderID": "61558414724663",
    "opt": {
      "name": "Trần Tâm",
      "gio": "21:59:08",
      "ngay": "2025-11-9",
      "burh": "9/11/2025"
    }
  },
  {
    "senderID": "100055602692785",
    "opt": {
      "name": "Lâm Tâm Như",
      "gio": "00:29:17",
      "ngay": "2025-11-10",
      "burh": "10/11/2025"
    }
  },
  {
    "id": "61561633201772",
    "time": "19:20:18, 10/11/2025"
  },
  {
    "senderID": "61561633201772",
    "opt": {
      "name": "Julyaa Luongg",
      "gio": "19:20:59",
      "ngay": "2025-11-10",
      "burh": "10/11/2025"
    }
  }
]