[
  {
    "senderID": "61575203132001",
    "opt": {
      "name": "Bảo Satoru",
      "gio": "17:00:13",
      "ngay": "2025-11-5",
      "burh": "5/11/2025"
    }
  },
  {
    "senderID": "61568176484099",
    "opt": {
      "name": "Nguyễn Việt Hoàng",
      "gio": "17:08:51",
      "ngay": "2025-11-5",
      "burh": "5/11/2025"
    }
  },
  {
    "senderID": "100073639420918",
    "opt": {
      "name": "Ng Van Hungg 💤",
      "gio": "17:32:08",
      "ngay": "2025-11-5",
      "burh": "5/11/2025"
    }
  },
  {
    "senderID": "100090458979503",
    "opt": {
      "name": "🌸🎧💙👾 Tuan Khanh 🎶🌙✨💤",
      "gio": "17:34:44",
      "ngay": "2025-11-5",
      "burh": "5/11/2025"
    }
  },
  {
    "senderID": "61555831794379",
    "opt": {
      "name": "Tường Vy",
      "gio": "17:45:02",
      "ngay": "2025-11-5",
      "burh": "5/11/2025"
    }
  },
  {
    "senderID": "61582662419769",
    "opt": {
      "name": null,
      "gio": "21:28:48",
      "ngay": "2025-11-5",
      "burh": "5/11/2025"
    }
  },
  {
    "senderID": "61580278989317",
    "opt": {
      "name": null,
      "gio": "21:31:57",
      "ngay": "2025-11-5",
      "burh": "5/11/2025"
    }
  },
  {
    "senderID": "61572135665820",
    "opt": {
      "name": "Anh Kiet",
      "gio": "21:34:07",
      "ngay": "2025-11-5",
      "burh": "5/11/2025"
    }
  },
  {
    "senderID": "61554787502210",
    "opt": {
      "name": "Nguyễn Nhất Tín",
      "gio": "21:42:06",
      "ngay": "2025-11-5",
      "burh": "5/11/2025"
    }
  },
  {
    "senderID": "100072900513635",
    "opt": {
      "name": "Huy Hoàng",
      "gio": "21:43:15",
      "ngay": "2025-11-5",
      "burh": "5/11/2025"
    }
  },
  {
    "senderID": "100000895922054",
    "opt": {
      "name": "Ng Van Hungg 🌸",
      "gio": "21:43:16",
      "ngay": "2025-11-5",
      "burh": "5/11/2025"
    }
  },
  {
    "senderID": "61561924220341",
    "opt": {
      "name": "Ngọc Nhung",
      "gio": "21:46:23",
      "ngay": "2025-11-5",
      "burh": "5/11/2025"
    }
  },
  {
    "senderID": "100018277053087",
    "opt": {
      "name": "Lương Trường Khôi",
      "gio": "21:46:34",
      "ngay": "2025-11-5",
      "burh": "5/11/2025"
    }
  },
  {
    "senderID": "100081039556527",
    "opt": {
      "name": "Đặng Nguyễn Kim Anh",
      "gio": "21:46:36",
      "ngay": "2025-11-5",
      "burh": "5/11/2025"
    }
  },
  {
    "senderID": "61580653875929",
    "opt": {
      "name": "Bat",
      "gio": "22:29:22",
      "ngay": "2025-11-5",
      "burh": "5/11/2025"
    }
  },
  {
    "senderID": "61554620715942",
    "opt": {
      "name": "Dang Danh",
      "gio": "23:27:19",
      "ngay": "2025-11-5",
      "burh": "5/11/2025"
    }
  },
  {
    "senderID": "1631016269",
    "opt": {
      "name": "Phạm Minh Đồng",
      "gio": "00:02:53",
      "ngay": "2025-11-6",
      "burh": "6/11/2025"
    }
  },
  {
    "senderID": "61558219527956",
    "opt": {
      "name": "Hải Yến",
      "gio": "00:23:13",
      "ngay": "2025-11-6",
      "burh": "6/11/2025"
    }
  },
  {
    "senderID": "100094324782308",
    "opt": {
      "name": "Ace Edgar",
      "gio": "00:50:06",
      "ngay": "2025-11-6",
      "burh": "6/11/2025"
    }
  },
  {
    "senderID": "502275138",
    "opt": {
      "name": "Phạm Minh Đồng",
      "gio": "01:13:23",
      "ngay": "2025-11-6",
      "burh": "6/11/2025"
    }
  },
  {
    "senderID": "100067508386723",
    "opt": {
      "name": "Phạm Hữu Tài",
      "gio": "06:52:21",
      "ngay": "2025-11-6",
      "burh": "6/11/2025"
    }
  },
  {
    "senderID": "61580782596177",
    "opt": {
      "name": "Le Ngoc Duy",
      "gio": "07:02:23",
      "ngay": "2025-11-6",
      "burh": "6/11/2025"
    }
  },
  {
    "senderID": "61579322057584",
    "opt": {
      "name": "Nguyễn Tý",
      "gio": "07:06:59",
      "ngay": "2025-11-6",
      "burh": "6/11/2025"
    }
  },
  {
    "senderID": "100058313270528",
    "opt": {
      "name": "Văn Lực",
      "gio": "08:40:16",
      "ngay": "2025-11-6",
      "burh": "6/11/2025"
    }
  },
  {
    "senderID": "100000493975005",
    "opt": {
      "name": "Nguyễn Đinh Tiến Dũng",
      "gio": "09:22:07",
      "ngay": "2025-11-6",
      "burh": "6/11/2025"
    }
  },
  {
    "senderID": "100079543967576",
    "opt": {
      "name": "Le Ngoc Duy",
      "gio": "17:53:49",
      "ngay": "2025-11-6",
      "burh": "6/11/2025"
    }
  },
  {
    "senderID": "100081730332704",
    "opt": {
      "name": "Hoàng Quỳnh",
      "gio": "18:42:37",
      "ngay": "2025-11-6",
      "burh": "6/11/2025"
    }
  },
  {
    "senderID": "100067827494573",
    "opt": {
      "name": "Minh Truong",
      "gio": "18:53:45",
      "ngay": "2025-11-6",
      "burh": "6/11/2025"
    }
  },
  {
    "senderID": "61580063192217",
    "opt": {
      "name": "Olivia",
      "gio": "21:21:54",
      "ngay": "2025-11-6",
      "burh": "6/11/2025"
    }
  },
  {
    "senderID": "61582463462553",
    "opt": {
      "name": "Lavender",
      "gio": "21:30:27",
      "ngay": "2025-11-6",
      "burh": "6/11/2025"
    }
  },
  {
    "senderID": "100015708247902",
    "opt": {
      "name": "Lê Tuấn Vỹ",
      "gio": "21:45:40",
      "ngay": "2025-11-6",
      "burh": "6/11/2025"
    }
  },
  {
    "senderID": "100085850988039",
    "opt": {
      "name": "Nguyen Nam",
      "gio": "21:52:30",
      "ngay": "2025-11-6",
      "burh": "6/11/2025"
    }
  },
  {
    "senderID": "100029378752728",
    "opt": {
      "name": "Lương Thiên Bảo",
      "gio": "22:39:08",
      "ngay": "2025-11-6",
      "burh": "6/11/2025"
    }
  },
  {
    "senderID": "61555809030974",
    "opt": {
      "name": "Hoàng Quyết Tiến",
      "gio": "23:04:59",
      "ngay": "2025-11-6",
      "burh": "6/11/2025"
    }
  },
  {
    "senderID": "61577714247816",
    "opt": {
      "name": "Tr Minh Hoàng",
      "gio": "00:16:06",
      "ngay": "2025-11-7",
      "burh": "7/11/2025"
    }
  },
  {
    "senderID": "100055619407039",
    "opt": {
      "name": "Nguyễn Hoang Anh",
      "gio": "11:33:32",
      "ngay": "2025-11-7",
      "burh": "7/11/2025"
    }
  },
  {
    "senderID": "100068310261131",
    "opt": {
      "name": "Văn Thuận",
      "gio": "19:19:31",
      "ngay": "2025-11-7",
      "burh": "7/11/2025"
    }
  },
  {
    "senderID": "100083411540341",
    "opt": {
      "name": "Quang Huy",
      "gio": "00:41:08",
      "ngay": "2025-11-8",
      "burh": "8/11/2025"
    }
  },
  {
    "senderID": "100014260212229",
    "opt": {
      "name": "Lê Thu Thủy",
      "gio": "05:55:14",
      "ngay": "2025-11-8",
      "burh": "8/11/2025"
    }
  },
  {
    "senderID": "100089304260882",
    "opt": {
      "name": "Trần Quy",
      "gio": "16:26:38",
      "ngay": "2025-11-8",
      "burh": "8/11/2025"
    }
  },
  {
    "senderID": "61550030184394",
    "opt": {
      "name": "️️️️️️️️️️️️️️️️️️️️️️️️️️️️️️️️️️️️️️️️️️️️️️️️️️️️️️️️️️️️️️️️️️️️️️️️️️️️️️️️️️️️️️️️️️️️️️️️️️️️️️️️️️️️️️️️️️️️️️️️️️️️️️️️️️️️️️️️️️️️️️️️️️️️️️️️️️️️️️️️️️️️️️️️️️ ",
      "gio": "23:33:34",
      "ngay": "2025-11-8",
      "burh": "8/11/2025"
    }
  },
  {
    "senderID": "100024871212620",
    "opt": {
      "name": "✅ Nguyễn Đinh Tiến Dũng ✅☠️️🏹🔰️🎱👑️🎧💔️🥊️🎳️🎖️️🏅️🥇️🥈️🥉️🏆",
      "gio": "09:09:39",
      "ngay": "2025-11-9",
      "burh": "9/11/2025"
    }
  },
  {
    "id": "100085850988039",
    "time": "17:28:10, 09/11/2025"
  },
  {
    "id": "100067827494573",
    "time": "17:28:10, 09/11/2025"
  },
  {
    "id": "61551202621743",
    "time": "17:28:10, 09/11/2025"
  },
  {
    "id": "100083411540341",
    "time": "17:28:10, 09/11/2025"
  },
  {
    "id": "100000493975005",
    "time": "17:28:10, 09/11/2025"
  },
  {
    "id": "100054581515180",
    "time": "17:28:10, 09/11/2025"
  },
  {
    "id": "100016757713599",
    "time": "17:28:10, 09/11/2025"
  },
  {
    "id": "61568176484099",
    "time": "17:28:10, 09/11/2025"
  },
  {
    "id": "61577714247816",
    "time": "17:28:10, 09/11/2025"
  },
  {
    "id": "61554620715942",
    "time": "17:28:10, 09/11/2025"
  },
  {
    "id": "100089304260882",
    "time": "17:28:10, 09/11/2025"
  },
  {
    "id": "1429451704",
    "time": "17:28:10, 09/11/2025"
  },
  {
    "id": "61577782566454",
    "time": "17:28:10, 09/11/2025"
  },
  {
    "id": "100094324782308",
    "time": "17:28:10, 09/11/2025"
  },
  {
    "id": "100091450334568",
    "time": "17:28:10, 09/11/2025"
  },
  {
    "id": "61561400514605",
    "time": "17:28:10, 09/11/2025"
  },
  {
    "id": "502275138",
    "time": "17:28:10, 09/11/2025"
  },
  {
    "id": "100018277053087",
    "time": "17:28:10, 09/11/2025"
  },
  {
    "id": "61558219527956",
    "time": "17:28:10, 09/11/2025"
  },
  {
    "id": "61572135665820",
    "time": "17:28:10, 09/11/2025"
  },
  {
    "id": "100058313270528",
    "time": "17:28:10, 09/11/2025"
  },
  {
    "id": "61575203132001",
    "time": "17:28:10, 09/11/2025"
  },
  {
    "id": "100004854283037",
    "time": "17:28:10, 09/11/2025"
  },
  {
    "id": "61555389591442",
    "time": "17:28:10, 09/11/2025"
  },
  {
    "id": "100066234321905",
    "time": "17:28:10, 09/11/2025"
  },
  {
    "id": "61578364984920",
    "time": "17:28:10, 09/11/2025"
  },
  {
    "id": "100073639420918",
    "time": "17:28:10, 09/11/2025"
  },
  {
    "id": "61555831794379",
    "time": "17:28:10, 09/11/2025"
  },
  {
    "id": "61579322057584",
    "time": "17:28:10, 09/11/2025"
  },
  {
    "id": "100081039556527",
    "time": "17:28:10, 09/11/2025"
  },
  {
    "id": "100088866878939",
    "time": "17:28:10, 09/11/2025"
  },
  {
    "id": "100072900513635",
    "time": "17:28:10, 09/11/2025"
  },
  {
    "id": "100015708247902",
    "time": "17:28:10, 09/11/2025"
  },
  {
    "id": "61580984167291",
    "time": "17:28:10, 09/11/2025"
  },
  {
    "id": "61575326246044",
    "time": "17:28:10, 09/11/2025"
  },
  {
    "id": "61580653875929",
    "time": "17:28:10, 09/11/2025"
  },
  {
    "id": "61555809030974",
    "time": "17:28:10, 09/11/2025"
  },
  {
    "id": "100079046768397",
    "time": "17:28:10, 09/11/2025"
  },
  {
    "id": "61577725191900",
    "time": "17:28:10, 09/11/2025"
  },
  {
    "id": "100079543967576",
    "time": "17:28:10, 09/11/2025"
  },
  {
    "id": "100013278762542",
    "time": "17:28:10, 09/11/2025"
  },
  {
    "id": "61550528673840",
    "time": "17:28:10, 09/11/2025"
  },
  {
    "id": "61570396340386",
    "time": "17:28:10, 09/11/2025"
  },
  {
    "id": "100068310261131",
    "time": "17:28:10, 09/11/2025"
  },
  {
    "id": "61575844890550",
    "time": "17:28:10, 09/11/2025"
  },
  {
    "id": "61561924220341",
    "time": "17:28:10, 09/11/2025"
  },
  {
    "id": "100081730332704",
    "time": "17:28:10, 09/11/2025"
  },
  {
    "id": "100055619407039",
    "time": "17:28:10, 09/11/2025"
  },
  {
    "id": "100018096263453",
    "time": "17:28:10, 09/11/2025"
  },
  {
    "id": "61550030184394",
    "time": "17:28:10, 09/11/2025"
  },
  {
    "id": "61580063192217",
    "time": "17:28:10, 09/11/2025"
  },
  {
    "id": "61554787502210",
    "time": "17:28:10, 09/11/2025"
  },
  {
    "id": "100043094071300",
    "time": "17:28:10, 09/11/2025"
  },
  {
    "id": "100094486966209",
    "time": "17:28:10, 09/11/2025"
  },
  {
    "id": "61553614323370",
    "time": "17:28:10, 09/11/2025"
  },
  {
    "id": "100077870917015",
    "time": "17:28:10, 09/11/2025"
  },
  {
    "id": "61582463462553",
    "time": "17:28:10, 09/11/2025"
  },
  {
    "id": "61575999835460",
    "time": "17:28:10, 09/11/2025"
  },
  {
    "id": "100023734157519",
    "time": "17:28:10, 09/11/2025"
  },
  {
    "id": "100090458979503",
    "time": "17:28:10, 09/11/2025"
  },
  {
    "id": "1631016269",
    "time": "17:28:10, 09/11/2025"
  },
  {
    "id": "100029378752728",
    "time": "17:28:10, 09/11/2025"
  },
  {
    "id": "100067508386723",
    "time": "17:28:10, 09/11/2025"
  },
  {
    "id": "61582557485011",
    "time": "17:28:10, 09/11/2025"
  },
  {
    "id": "61580782596177",
    "time": "17:28:10, 09/11/2025"
  },
  {
    "id": "100000895922054",
    "time": "17:28:10, 09/11/2025"
  },
  {
    "id": "61582662419769",
    "time": "17:28:10, 09/11/2025"
  },
  {
    "id": "61580278989317",
    "time": "17:28:10, 09/11/2025"
  },
  {
    "id": "100014260212229",
    "time": "17:28:10, 09/11/2025"
  },
  {
    "id": "100024871212620",
    "time": "17:28:10, 09/11/2025"
  },
  {
    "senderID": "100004854283037",
    "opt": {
      "name": "Đến Đi Làmtổnthươngnhauđi",
      "gio": "10:38:36",
      "ngay": "2025-11-10",
      "burh": "10/11/2025"
    }
  },
  {
    "id": "61563830640318",
    "time": "07:18:31, 11/11/2025"
  },
  {
    "senderID": "61561400514605",
    "opt": {
      "name": "👑 Thành Đạt 🐻✨",
      "gio": "13:33:44",
      "ngay": "2025-11-12",
      "burh": "12/11/2025"
    }
  }
]