[
    {
        "senderID": "100068316821236",
        "opt": {
            "name": "Ng Tú",
            "gio": "19:16:25",
            "ngay": "2025-11-5",
            "burh": "5/11/2025"
        }
    },
    {
        "senderID": "100091546088288",
        "opt": {
            "name": "Nguyễn Vũ Minh Anh",
            "gio": "19:16:50",
            "ngay": "2025-11-5",
            "burh": "5/11/2025"
        }
    },
    {
        "senderID": "61562012202944",
        "opt": {
            "name": "Hong Anh Mimi",
            "gio": "20:39:34",
            "ngay": "2025-11-5",
            "burh": "5/11/2025"
        }
    },
    {
        "senderID": "100095248286184",
        "opt": {
            "name": "Võ Ngọc Minh",
            "gio": "21:08:59",
            "ngay": "2025-11-5",
            "burh": "5/11/2025"
        }
    },
    {
        "senderID": "100081334188726",
        "opt": {
            "name": "Nguyen Bii",
            "gio": "20:53:57",
            "ngay": "2025-11-6",
            "burh": "6/11/2025"
        }
    },
    {
        "senderID": "100095215464809",
        "opt": {
            "name": "Dương Bảo",
            "gio": "20:54:27",
            "ngay": "2025-11-6",
            "burh": "6/11/2025"
        }
    },
    {
        "senderID": "100065370638978",
        "opt": {
            "name": "Quỳnh Chi",
            "gio": "21:15:31",
            "ngay": "2025-11-6",
            "burh": "6/11/2025"
        }
    },
    {
        "senderID": "100027324110387",
        "opt": {
            "name": "Mãi Một Mối Tình",
            "gio": "22:06:27",
            "ngay": "2025-11-6",
            "burh": "6/11/2025"
        }
    },
    {
        "senderID": "100077701390678",
        "opt": {
            "name": "Yeii Nhie",
            "gio": "22:12:51",
            "ngay": "2025-11-6",
            "burh": "6/11/2025"
        }
    },
    {
        "senderID": "100080502275669",
        "opt": {
            "name": "Sơn Đinh",
            "gio": "22:17:25",
            "ngay": "2025-11-6",
            "burh": "6/11/2025"
        }
    },
    {
        "senderID": "100066448096627",
        "opt": {
            "name": "Dương Quang Anh",
            "gio": "21:49:16",
            "ngay": "2025-11-7",
            "burh": "7/11/2025"
        }
    },
    {
        "senderID": "100093811770326",
        "opt": {
            "name": "Gia Bao",
            "gio": "22:27:13",
            "ngay": "2025-11-7",
            "burh": "7/11/2025"
        }
    },
    {
        "senderID": "100000895922054",
        "opt": {
            "name": "Ng Van Hungg 🌸",
            "gio": "00:00:09",
            "ngay": "2025-11-8",
            "burh": "8/11/2025"
        }
    },
    {
        "senderID": "100061174536258",
        "opt": {
            "name": "Gia Minh",
            "gio": "08:45:20",
            "ngay": "2025-11-8",
            "burh": "8/11/2025"
        }
    },
    {
        "senderID": "61566733762411",
        "opt": {
            "name": "Nguyen Quynh Mai Thy",
            "gio": "10:05:00",
            "ngay": "2025-11-8",
            "burh": "8/11/2025"
        }
    },
    {
        "senderID": "61553727634628",
        "opt": {
            "name": "Hồng Vân",
            "gio": "13:31:46",
            "ngay": "2025-11-8",
            "burh": "8/11/2025"
        }
    },
    {
        "senderID": "100054892668998",
        "opt": {
            "name": "Khanh Phuong",
            "gio": "16:30:20",
            "ngay": "2025-11-8",
            "burh": "8/11/2025"
        }
    },
    {
        "senderID": "100070182486318",
        "opt": {
            "name": "Tuệ Nhi",
            "gio": "21:46:43",
            "ngay": "2025-11-8",
            "burh": "8/11/2025"
        }
    },
    {
        "senderID": "100074996724205",
        "opt": {
            "name": "Hưng Trần",
            "gio": "21:46:45",
            "ngay": "2025-11-8",
            "burh": "8/11/2025"
        }
    },
    {
        "senderID": "100090626161268",
        "opt": {
            "name": "Kim Ngan Bui",
            "gio": "21:59:04",
            "ngay": "2025-11-8",
            "burh": "8/11/2025"
        }
    },
    {
        "senderID": "61550030184394",
        "opt": {
            "name": "️️️️️️️️️️️️️️️️️️️️️️️️️️️️️️️️️️️️️️️️️️️️️️️️️️️️️️️️️️️️️️️️️️️️️️️️️️️️️️️️️️️️️️️️️️️️️️️️️️️️️️️️️️️️️️️️️️️️️️️️️️️️️️️️️️️️️️️️️️️️️️️️️️️️️️️️️️️️️️️️️️️️️️️️️️ ",
            "gio": "00:00:13",
            "ngay": "2025-11-9",
            "burh": "9/11/2025"
        }
    },
    {
        "senderID": "100059661438902",
        "opt": {
            "name": "Thanh Huyen",
            "gio": "14:05:08",
            "ngay": "2025-11-9",
            "burh": "9/11/2025"
        }
    },
    {
        "senderID": "100086087582399",
        "opt": {
            "name": "Truc Linh",
            "gio": "16:46:20",
            "ngay": "2025-11-9",
            "burh": "9/11/2025"
        }
    },
    {
        "id": "100067762346985",
        "time": "17:20:27, 09/11/2025"
    },
    {
        "id": "100077701390678",
        "time": "17:20:27, 09/11/2025"
    },
    {
        "id": "100068316821236",
        "time": "17:20:27, 09/11/2025"
    },
    {
        "id": "100061174536258",
        "time": "17:20:27, 09/11/2025"
    },
    {
        "id": "100054892668998",
        "time": "17:20:27, 09/11/2025"
    },
    {
        "id": "61560299280947",
        "time": "17:20:27, 09/11/2025"
    },
    {
        "id": "100055602692785",
        "time": "17:20:27, 09/11/2025"
    },
    {
        "id": "100009811592355",
        "time": "17:20:27, 09/11/2025"
    },
    {
        "id": "61565984843285",
        "time": "17:20:27, 09/11/2025"
    },
    {
        "id": "61566733762411",
        "time": "17:20:27, 09/11/2025"
    },
    {
        "id": "61570151165872",
        "time": "17:20:27, 09/11/2025"
    },
    {
        "id": "61551943685646",
        "time": "17:20:27, 09/11/2025"
    },
    {
        "id": "61556326374793",
        "time": "17:20:27, 09/11/2025"
    },
    {
        "id": "61553727634628",
        "time": "17:20:27, 09/11/2025"
    },
    {
        "id": "100089714360459",
        "time": "17:20:27, 09/11/2025"
    },
    {
        "id": "61577097355786",
        "time": "17:20:27, 09/11/2025"
    },
    {
        "id": "61554840782389",
        "time": "17:20:27, 09/11/2025"
    },
    {
        "id": "100050479659238",
        "time": "17:20:27, 09/11/2025"
    },
    {
        "id": "100074996724205",
        "time": "17:20:27, 09/11/2025"
    },
    {
        "id": "100091546088288",
        "time": "17:20:27, 09/11/2025"
    },
    {
        "id": "61577881390543",
        "time": "17:20:27, 09/11/2025"
    },
    {
        "id": "100090626161268",
        "time": "17:20:27, 09/11/2025"
    },
    {
        "id": "100055895057964",
        "time": "17:20:27, 09/11/2025"
    },
    {
        "id": "100067482545961",
        "time": "17:20:27, 09/11/2025"
    },
    {
        "id": "61575325054866",
        "time": "17:20:27, 09/11/2025"
    },
    {
        "id": "100044928167783",
        "time": "17:20:27, 09/11/2025"
    },
    {
        "id": "100066448096627",
        "time": "17:20:27, 09/11/2025"
    },
    {
        "id": "61559938184851",
        "time": "17:20:27, 09/11/2025"
    },
    {
        "id": "100051051543308",
        "time": "17:20:27, 09/11/2025"
    },
    {
        "id": "61553558605450",
        "time": "17:20:27, 09/11/2025"
    },
    {
        "id": "61561552701008",
        "time": "17:20:27, 09/11/2025"
    },
    {
        "id": "100078323227439",
        "time": "17:20:27, 09/11/2025"
    },
    {
        "id": "61575613327538",
        "time": "17:20:27, 09/11/2025"
    },
    {
        "id": "100077963860686",
        "time": "17:20:27, 09/11/2025"
    },
    {
        "id": "100088426219830",
        "time": "17:20:27, 09/11/2025"
    },
    {
        "id": "100048754506008",
        "time": "17:20:27, 09/11/2025"
    },
    {
        "id": "61558441716614",
        "time": "17:20:27, 09/11/2025"
    },
    {
        "id": "61578971607160",
        "time": "17:20:27, 09/11/2025"
    },
    {
        "id": "61578836465935",
        "time": "17:20:27, 09/11/2025"
    },
    {
        "id": "100094754260793",
        "time": "17:20:27, 09/11/2025"
    },
    {
        "id": "100087060211940",
        "time": "17:20:27, 09/11/2025"
    },
    {
        "id": "61562012202944",
        "time": "17:20:27, 09/11/2025"
    },
    {
        "id": "100085016986815",
        "time": "17:20:27, 09/11/2025"
    },
    {
        "id": "100065370638978",
        "time": "17:20:27, 09/11/2025"
    },
    {
        "id": "61578927640157",
        "time": "17:20:27, 09/11/2025"
    },
    {
        "id": "61550827899436",
        "time": "17:20:27, 09/11/2025"
    },
    {
        "id": "100038942591428",
        "time": "17:20:27, 09/11/2025"
    },
    {
        "id": "100085607483096",
        "time": "17:20:27, 09/11/2025"
    },
    {
        "id": "61553963800784",
        "time": "17:20:27, 09/11/2025"
    },
    {
        "id": "100036829351054",
        "time": "17:20:27, 09/11/2025"
    },
    {
        "id": "100080502275669",
        "time": "17:20:27, 09/11/2025"
    },
    {
        "id": "100010518458604",
        "time": "17:20:27, 09/11/2025"
    },
    {
        "id": "61557157391070",
        "time": "17:20:27, 09/11/2025"
    },
    {
        "id": "61552346162273",
        "time": "17:20:27, 09/11/2025"
    },
    {
        "id": "100080805073413",
        "time": "17:20:27, 09/11/2025"
    },
    {
        "id": "61579710682455",
        "time": "17:20:27, 09/11/2025"
    },
    {
        "id": "100062349794145",
        "time": "17:20:27, 09/11/2025"
    },
    {
        "id": "100081334188726",
        "time": "17:20:27, 09/11/2025"
    },
    {
        "id": "61561767356732",
        "time": "17:20:27, 09/11/2025"
    },
    {
        "id": "61576023256863",
        "time": "17:20:27, 09/11/2025"
    },
    {
        "id": "61561314154950",
        "time": "17:20:27, 09/11/2025"
    },
    {
        "id": "61577005193001",
        "time": "17:20:27, 09/11/2025"
    },
    {
        "id": "61554567401436",
        "time": "17:20:27, 09/11/2025"
    },
    {
        "id": "100074746410249",
        "time": "17:20:27, 09/11/2025"
    },
    {
        "id": "61564833196267",
        "time": "17:20:27, 09/11/2025"
    },
    {
        "id": "100043541642095",
        "time": "17:20:27, 09/11/2025"
    },
    {
        "id": "100086270058605",
        "time": "17:20:27, 09/11/2025"
    },
    {
        "id": "100086378153011",
        "time": "17:20:27, 09/11/2025"
    },
    {
        "id": "100084059730401",
        "time": "17:20:27, 09/11/2025"
    },
    {
        "id": "100053831121112",
        "time": "17:20:27, 09/11/2025"
    },
    {
        "id": "100064515240142",
        "time": "17:20:27, 09/11/2025"
    },
    {
        "id": "61553080887316",
        "time": "17:20:27, 09/11/2025"
    },
    {
        "id": "100032799195183",
        "time": "17:20:27, 09/11/2025"
    },
    {
        "id": "100073777014715",
        "time": "17:20:27, 09/11/2025"
    },
    {
        "id": "100068512297985",
        "time": "17:20:27, 09/11/2025"
    },
    {
        "id": "61552136395546",
        "time": "17:20:27, 09/11/2025"
    },
    {
        "id": "61556229643274",
        "time": "17:20:27, 09/11/2025"
    },
    {
        "id": "61568866331701",
        "time": "17:20:27, 09/11/2025"
    },
    {
        "id": "100090239137473",
        "time": "17:20:27, 09/11/2025"
    },
    {
        "id": "61557826493018",
        "time": "17:20:27, 09/11/2025"
    },
    {
        "id": "100094616652749",
        "time": "17:20:27, 09/11/2025"
    },
    {
        "id": "61555378030856",
        "time": "17:20:27, 09/11/2025"
    },
    {
        "id": "100095215464809",
        "time": "17:20:27, 09/11/2025"
    },
    {
        "id": "100027324110387",
        "time": "17:20:27, 09/11/2025"
    },
    {
        "id": "100095248286184",
        "time": "17:20:27, 09/11/2025"
    },
    {
        "id": "100006719976211",
        "time": "17:20:27, 09/11/2025"
    },
    {
        "id": "100052215825675",
        "time": "17:20:27, 09/11/2025"
    },
    {
        "id": "61562603836358",
        "time": "17:20:27, 09/11/2025"
    },
    {
        "id": "100093309101654",
        "time": "17:20:27, 09/11/2025"
    },
    {
        "id": "100075088031724",
        "time": "17:20:27, 09/11/2025"
    },
    {
        "id": "100086087582399",
        "time": "17:20:27, 09/11/2025"
    },
    {
        "id": "100075396121822",
        "time": "17:20:27, 09/11/2025"
    },
    {
        "id": "100018000042459",
        "time": "17:20:27, 09/11/2025"
    },
    {
        "id": "100059661438902",
        "time": "17:20:27, 09/11/2025"
    },
    {
        "id": "61572378579955",
        "time": "17:20:27, 09/11/2025"
    },
    {
        "id": "100082684274354",
        "time": "17:20:27, 09/11/2025"
    },
    {
        "id": "100057994772236",
        "time": "17:20:27, 09/11/2025"
    },
    {
        "id": "100095382374642",
        "time": "17:20:27, 09/11/2025"
    },
    {
        "id": "100053539778547",
        "time": "17:20:27, 09/11/2025"
    },
    {
        "id": "61550030184394",
        "time": "17:20:27, 09/11/2025"
    },
    {
        "id": "100000895922054",
        "time": "17:20:27, 09/11/2025"
    },
    {
        "id": "100073639420918",
        "time": "17:20:27, 09/11/2025"
    },
    {
        "id": "100070182486318",
        "time": "17:20:27, 09/11/2025"
    },
    {
        "senderID": "100094754260793",
        "opt": {
            "name": "Ka Ka",
            "gio": "01:45:47",
            "ngay": "2025-11-10",
            "burh": "10/11/2025"
        }
    },
    {
        "senderID": "61564833196267",
        "opt": {
            "name": "Khánh Linh",
            "gio": "12:52:16",
            "ngay": "2025-11-10",
            "burh": "10/11/2025"
        }
    },
    {
        "senderID": "100055602692785",
        "opt": {
            "name": "Lâm Tâm Như",
            "gio": "15:52:23",
            "ngay": "2025-11-12",
            "burh": "12/11/2025"
        }
    }
]