[
  {
    "senderID": "100069082772484",
    "choice": "t",
    "betAmount": 1000000000000000,
    "phien": 9,
    "time": 1761967570642,
    "processed": true,
    "ket_qua": "thua",
    "winAmount": 0
  },
  {
    "senderID": "100069082772484",
    "choice": "t",
    "betAmount": 9.999999989999999e+23,
    "phien": 10,
    "time": 1761967623066,
    "processed": true,
    "ket_qua": "thua",
    "winAmount": 1.94999999805e+24
  },
  {
    "senderID": "100069082772484",
    "choice": "t",
    "betAmount": 50000000000,
    "phien": 12,
    "time": 1761967763410,
    "processed": true,
    "ket_qua": "thua",
    "winAmount": 0
  },
  {
    "senderID": "100069082772484",
    "choice": "t",
    "betAmount": 49950000000000,
    "phien": 14,
    "time": 1761967874776,
    "processed": true,
    "ket_qua": "thua",
    "winAmount": 0
  },
  {
    "senderID": "100069082772484",
    "choice": "t",
    "betAmount": 800000000000000,
    "phien": 17,
    "time": 1762013637035,
    "processed": true,
    "ket_qua": "thua",
    "winAmount": 1560000000000000
  },
  {
    "senderID": "100069082772484",
    "choice": "x",
    "betAmount": 7200000000000000,
    "phien": 18,
    "time": 1762013687464,
    "processed": true,
    "ket_qua": "thua",
    "winAmount": 14040000000000000
  },
  {
    "senderID": "100069082772484",
    "choice": "x",
    "betAmount": 200000000,
    "phien": 19,
    "time": 1762013763594,
    "processed": true,
    "ket_qua": "thua",
    "winAmount": 390000000
  },
  {
    "senderID": "100069082772484",
    "choice": "t",
    "betAmount": 600000000000000,
    "phien": 20,
    "time": 1762013819223,
    "processed": true,
    "ket_qua": "thua",
    "winAmount": 1170000000000000
  },
  {
    "senderID": "100069082772484",
    "choice": "x",
    "betAmount": 5000000300000000,
    "phien": 21,
    "time": 1762013862391,
    "processed": true,
    "ket_qua": "thua",
    "winAmount": 0
  },
  {
    "senderID": "100069082772484",
    "choice": "x",
    "betAmount": 5.000000117e+22,
    "phien": 22,
    "time": 1762013938718,
    "processed": true,
    "ket_qua": "thua",
    "winAmount": 0
  },
  {
    "senderID": "100069082772484",
    "choice": "x",
    "betAmount": 1.9e+24,
    "phien": 23,
    "time": 1762013989441,
    "processed": true,
    "ket_qua": "thua",
    "winAmount": 0
  }
]