[
  {
    "senderID": "100054892668998",
    "choice": "t",
    "betAmount": 1000000,
    "phien": 1,
    "time": 1761919453230,
    "processed": true,
    "ket_qua": "thua",
    "winAmount": 1950000
  },
  {
    "senderID": "100054892668998",
    "choice": "t",
    "betAmount": 1000000,
    "phien": 2,
    "time": 1761919514475,
    "processed": true,
    "ket_qua": "thua",
    "winAmount": 1950000
  },
  {
    "senderID": "100054892668998",
    "choice": "t",
    "betAmount": 1000000,
    "phien": 3,
    "time": 1761919605201,
    "processed": true,
    "ket_qua": "thua",
    "winAmount": 0
  },
  {
    "senderID": "100054892668998",
    "choice": "x",
    "betAmount": 1000000,
    "phien": 4,
    "time": 1761919635899,
    "processed": true,
    "ket_qua": "thua",
    "winAmount": 1950000
  }
]