{
  "1700783720601357": {
    "users": {},
    "cmds": []
  },
  "24194407866851900": {
    "users": {},
    "cmds": []
  },
  "9173198336081447": {
    "users": {
      "100082698367588": {
        "status": true,
        "author": "100080607796297",
        "reason": "Thư phá box",
        "time": "22:45:26 30/10/2025",
        "cmds": []
      },
      "100014745841348": {
        "status": true,
        "author": "100058178289716",
        "reason": "Thị Tuyết Nhi Phá Bot",
        "time": "22:45:56 30/10/2025",
        "cmds": []
      }
    },
    "cmds": []
  }
}