[
    {
        "threadID": "1700783720601357",
        "shortcuts": [
            {
                "input_type": "join",
                "output": "Dit me may",
                "uri": "vdgai"
            }
        ]
    },
    {
        "threadID": "6968510176511212",
        "shortcuts": [
            {
                "input": "tvm",
                "output": "set biệt danh ᴅᴇ• {name}",
                "uri": "s"
            }
        ]
    },
    {
        "threadID": "2478037332596591",
        "shortcuts": []
    },
    {
        "threadID": "807091881914993",
        "shortcuts": [
            {
                "output": "tag cl",
                "uri": "https://files.catbox.moe/s4222z.jpg",
                "input_type": "tag",
                "tag_id": "61579732590150"
            },
            {
                "input": "tvm",
                "output": "tvm set bd tên + tuổi",
                "uri": "s"
            }
        ]
    },
    {
        "threadID": "628362530139452",
        "shortcuts": [
            {
                "input": "Kẹo",
                "output": "Đang ngủ. Không tag camxamita",
                "uri": "s"
            },
            {
                "input": "Luật",
                "output": "Luật",
                "uri": "https://files.catbox.moe/38cq7k.jpg"
            },
            {
                "input": "Box tb",
                "output": "https://m.me/j/AbZUab8hfUVV698r/",
                "uri": "s"
            },
            {
                "input": "Ngọc Đào",
                "output": "5797920992",
                "uri": "https://files.catbox.moe/2vct7e.mp4"
            },
            {
                "input": "Id bơ",
                "output": "Thu Hoài",
                "uri": "https://files.catbox.moe/qqbe19.mp4"
            }
        ]
    },
    {
        "threadID": "9210594528977116",
        "shortcuts": [
            {
                "input": "Tvm",
                "output": "✅Tvm đọc kĩ giúp CLAN✅\nVào box đổi biệt danh trùng ingame+năm sinh\nGửi ảnh ingame vào box để QTV check nhé🌼",
                "uri": "s"
            },
            {
                "input": "Kí tự",
                "output": "ᴮᵃᵉ",
                "uri": "s"
            },
            {
                "input": "Link",
                "output": "✅Link zalo:\n👉🏻 https://zalo.me/g/jbjwpz758\n✅Link disc:\n👉🏻 https://discord.gg/Abd9MFZh\n✅Link Tiktok:\n👉🏻 www.tiktok.com/@baeplaytogether\n✅Link nhóm trao đổi trái cây:\n👉🏻https://m.me/j/AbaHhGhJxXeGb1jA/",
                "uri": "https://files.catbox.moe/1x0xxm.jpg"
            },
            {
                "output": "Trái tim anh vừa kịp hồi phục mang em nào tồi tệ nhất tới đây!",
                "uri": "vdgai",
                "input_type": "tag",
                "tag_id": "1653887803"
            },
            {
                "input": "N1",
                "output": "https://m.me/j/AbZ14_gIkP4CqQvw/",
                "uri": "s"
            },
            {
                "input": "Luật",
                "output": "✨CLAN BAE✨\n💕Vô Clan cần đổi tên game và set bdanh trong mess ”BẮT BUỘC”(Biệt danh trong mess trùng tên game để QTV check)\nĐổi tên trước khi tham gia mess chat\n💕Đối với acc FB clone phải gửi(cccd,thẻ hs…)chỉ cần đúng tên và năm sinh(không cần mặt-Áp dụng cho nhánh 1)\n💕Chơi game khi gặp chuyện không giải quyết được thì tag QTV để giải quyết(Hạn chế đi gây war trước)\n💕Yêu cầu nhắn trên 20 tin/tuần(0 spam,0 nhắn không có nội dung)kh đủ=kick không lí do\n💕Không tham gia chụp ảnh clan quá 3 lần=kick\n💕1 tháng tổ chức event 1 lần\n💕Out xin đàng hoàng kh tự ý rời\n💕Có việc phải đổi tên không có kí tự thì phải báo QTV số ngày đổi\n💕Nếu bận không tt được có thể xin OFF tạm thời để không bị lọc nhầm\nMng vô clann vui vẻ nhoaaaa❤️\n❌Không leak tn CLAN(=kick)\n❌Tuyệt đối không:Mua bán trong clan,ttv clan khác trong clan",
                "uri": "s"
            }
        ]
    },
    {
        "threadID": "9173198336081447",
        "shortcuts": [
            {
                "input": "@Thái Dương",
                "output": "Lêu lêu lũ FA",
                "uri": "https://files.catbox.moe/xldgre.mp4"
            },
            {
                "input": "Tvm",
                "output": "✅Tvm đọc kĩ giúp CLAN✅\nVào box đổi biệt danh trùng ingame+năm sinh\nGửi ảnh ingame vào box để QTV check nhé🌼",
                "uri": "s"
            },
            {
                "input": "Luật",
                "output": "✨CLAN BAE✨\n💕Vô Clan cần đổi tên game và set bdanh trong mess ”BẮT BUỘC”(Biệt danh trong mess trùng tên game để QTV check)\nĐổi tên trước khi tham gia mess chat\n💕Đối với acc FB clone phải gửi(cccd,thẻ hs…)chỉ cần đúng tên và năm sinh(không cần mặt-Áp dụng cho nhánh 1)\n💕Chơi game khi gặp chuyện không giải quyết được thì tag QTV để giải quyết(Hạn chế đi gây war trước)\n💕Yêu cầu nhắn trên 20 tin/tuần(0 spam,0 nhắn không có nội dung)kh đủ=kick không lí do\n💕Không tham gia chụp ảnh clan quá 3 lần=kick\n💕1 tháng tổ chức event 1 lần\n💕Out xin đàng hoàng kh tự ý rời\n💕Có việc phải đổi tên không có kí tự thì phải báo QTV số ngày đổi\n💕Nếu bận không tt được có thể xin OFF tạm thời để không bị lọc nhầm\nMng vô clann vui vẻ nhoaaaa❤️\n❌Không leak tn CLAN(=kick)\n❌Tuyệt đối không:Mua bán trong clan,ttv clan khác trong clan",
                "uri": "s"
            },
            {
                "input": "Kí tự",
                "output": "ᴮᵃᵉᵉ",
                "uri": "s"
            },
            {
                "input": "Link",
                "output": "Link zalo:\nhttps://zalo.me/g/jbjwpz758\nLink disc:\nhttps://discord.gg/Abd9MFZh\nLink Tiktok:\nhttps://www.tiktok.com/@baeplaytogether\nLink nhóm trao đổi trái cây:\nhttps://m.me/j/AbaHhGhJxXeGb1jA/",
                "uri": "https://files.catbox.moe/u01kz9.jpg"
            },
            {
                "output": "Trái tim anh vừa kịp hồi phục, mang em nào tồi tệ nhất tới đây!",
                "uri": "vdgai",
                "input_type": "tag",
                "tag_id": "1653887803"
            },
            {
                "input": "N2",
                "output": "https://m.me/j/AbaVXNrVD_EP3jV1/",
                "uri": "s"
            },
            {
                "input": "Ig",
                "output": "ᴮᵃᵉㅤip17",
                "uri": "s"
            }
        ]
    },
    {
        "threadID": "9487829107986433",
        "shortcuts": [
            {
                "input": "Tvm",
                "output": "✅Tvm đọc kĩ giúp CLAN✅\nVào box đổi biệt danh trùng ingame+năm sinh\nGửi ảnh ingame vào box để QTV check nhé🌼",
                "uri": "s"
            },
            {
                "input": "Kí tự",
                "output": "ᴮᵃᵉᵉ",
                "uri": "s"
            },
            {
                "input": "Luật",
                "output": "✨CLAN BAE✨\n💕Vô Clan cần đổi tên game và set bdanh trong mess ”BẮT BUỘC”(Biệt danh trong mess trùng tên game để QTV check)\nĐổi tên trước khi tham gia mess chat\n💕Đối với acc FB clone phải gửi(cccd,thẻ hs…)chỉ cần đúng tên và năm sinh(không cần mặt-Áp dụng cho nhánh 1)\n💕Chơi game khi gặp chuyện không giải quyết được thì tag QTV để giải quyết(Hạn chế đi gây war trước)\n💕Yêu cầu nhắn trên 20 tin/tuần(0 spam,0 nhắn không có nội dung)kh đủ=kick không lí do\n💕Không tham gia chụp ảnh clan quá 3 lần=kick\n💕1 tháng tổ chức event 1 lần\n💕Out xin đàng hoàng kh tự ý rời\n💕Có việc phải đổi tên không có kí tự thì phải báo QTV số ngày đổi\n💕Nếu bận không tt được có thể xin OFF tạm thời để không bị lọc nhầm\nMng vô clann vui vẻ nhoaaaa❤️\n❌Không leak tn CLAN(=kick)\n❌Tuyệt đối không:Mua bán trong clan,ttv clan khác trong clan",
                "uri": "s"
            },
            {
                "input": "Link",
                "output": "✅Link zalo:\n👉🏻 https://zalo.me/g/jbjwpz758\n✅Link disc:\n👉🏻 https://discord.gg/Abd9MFZh\n✅Link Tiktok:\n👉🏻 www.tiktok.com/@baeplaytogether\n✅Link nhóm trao đổi trái cây:\n👉🏻https://m.me/j/AbaHhGhJxXeGb1jA/",
                "uri": "s"
            },
            {
                "output": "Trái tim anh vừa kịp hồi phục mang em nào tồi tệ nhất tới đây!",
                "uri": "https://files.catbox.moe/ldo73u.mp4",
                "input_type": "tag",
                "tag_id": "1653887803"
            },
            {
                "input": "N3",
                "output": "https://m.me/j/AbYgP4LnVS7szXHx/",
                "uri": "s"
            },
            {
                "input": "@Trần Thị Tuyết Nhi",
                "output": "con cặc🖕🏻",
                "uri": "s"
            },
            {
                "input": "@Hoàng Tuấn",
                "output": "Lồn",
                "uri": "s"
            }
        ]
    },
    {
        "threadID": "27906330539010944",
        "shortcuts": [
            {
                "input": "❤️‍🩹",
                "output": "L",
                "uri": "vdanime"
            }
        ]
    }
]