[
  {
    "t_id": "823959590155779",
    "name": "༄ Few Monic࿐♪♫༄ ᶻ 𝗓 𐰁 🌈 (ĐÓNG TUYỂN)",
    "renter": "Ng Van Hungg 💤",
    "time_end": "18/11/2025"
  },
  {
    "t_id": "1178004014388364",
    "id": "100073639420918",
    "time_start": "27/09/2025",
    "time_end": "28/01/2026"
  },
  {
    "t_id": "807091881914993",
    "id": "100073639420918",
    "time_start": "17/10/2025",
    "time_end": "17/11/2025"
  },
  {
    "t_id": "24194407866851900",
    "id": "100073639420918",
    "time_start": "18/10/2025",
    "time_end": "17/11/2025"
  },
  {
    "t_id": "27906330539010944",
    "id": "100073639420918",
    "time_start": "19/10/2025",
    "time_end": "Invalid date"
  },
  {
    "t_id": "630318759896055",
    "id": "100073639420918",
    "time_start": "19/10/2025",
    "time_end": "18/11/2025"
  },
  {
    "t_id": "9210594528977116",
    "id": "100073639420918",
    "time_start": "23/10/2025",
    "time_end": "22/11/2025"
  },
  {
    "t_id": "9173198336081447",
    "id": "100073639420918",
    "time_start": "23/10/2025",
    "time_end": "22/11/2025"
  },
  {
    "t_id": "9487829107986433",
    "id": "100073639420918",
    "time_start": "23/10/2025",
    "time_end": "22/11/2025"
  },
  {
    "t_id": "24032972529674518",
    "id": "100073639420918",
    "time_start": "24/10/2025",
    "time_end": "23/12/2025"
  },
  {
    "t_id": "29838233472489308",
    "id": "100073639420918",
    "time_start": "24/10/2025",
    "time_end": "24/12/2025"
  },
  {
    "t_id": "9827267630732458",
    "id": "100073639420918",
    "time_start": "24/10/2025",
    "time_end": "24/12/2025"
  },
  {
    "t_id": "1420086583170359",
    "id": "100073639420918",
    "time_start": "24/10/2025",
    "time_end": "24/12/2025"
  },
  {
    "t_id": "9632868026811898",
    "id": "100073639420918",
    "time_start": "24/10/2025",
    "time_end": "24/12/2025"
  },
  {
    "t_id": "9983493778351895",
    "id": "100073639420918",
    "time_start": "24/10/2025",
    "time_end": "24/12/2025"
  },
  {
    "t_id": "1103958541471369",
    "id": "100073639420918",
    "time_start": "31/10/2025",
    "time_end": "01/12/2025"
  },
  {
    "t_id": "24602801836059069",
    "id": "100073639420918",
    "time_start": "02/11/2025",
    "time_end": "23/11/2025"
  },
  {
    "t_id": "1933983253838054",
    "id": "100073639420918",
    "time_start": "07/11/2025",
    "time_end": "27/12/2025"
  },
  {
    "t_id": "628362530139452",
    "id": "100073639420918",
    "time_start": "07/11/2025",
    "time_end": "21/11/2025"
  },
  {
    "t_id": "1586182846067744",
    "id": "100073639420918",
    "time_start": "09/11/2025",
    "time_end": "10/12/2025"
  },
  {
    "t_id": "6804616456270022",
    "id": "100073639420918",
    "time_start": "11/11/2025",
    "time_end": "12/11/2025"
  }
]