[
  {
    "name": "Việt Hoàngg",
    "uid": "100081077392297",
    "time": "08:33:18 - 11/10/2025",
    "reason": "Đã bị Quản trị viên xóa khỏi nhóm.",
    "facebook": "https://www.facebook.com/100081077392297"
  },
  {
    "name": "Hoàng Huy",
    "uid": "100039485405316",
    "time": "08:33:20 - 11/10/2025",
    "reason": "Đã bị Quản trị viên xóa khỏi nhóm.",
    "facebook": "https://www.facebook.com/100039485405316"
  },
  {
    "name": "Truc Duong",
    "uid": "100089119921102",
    "time": "08:33:22 - 11/10/2025",
    "reason": "Đã bị Quản trị viên xóa khỏi nhóm.",
    "facebook": "https://www.facebook.com/100089119921102"
  },
  {
    "name": "Bích Huyền",
    "uid": "100076084642090",
    "time": "08:33:24 - 11/10/2025",
    "reason": "Đã bị Quản trị viên xóa khỏi nhóm.",
    "facebook": "https://www.facebook.com/100076084642090"
  },
  {
    "name": "Trang Anh",
    "uid": "100081206884811",
    "time": "08:33:26 - 11/10/2025",
    "reason": "Đã bị Quản trị viên xóa khỏi nhóm.",
    "facebook": "https://www.facebook.com/100081206884811"
  },
  {
    "name": "Kuromi Mel Mel",
    "uid": "100094113617688",
    "time": "08:33:27 - 11/10/2025",
    "reason": "Đã bị Quản trị viên xóa khỏi nhóm.",
    "facebook": "https://www.facebook.com/100094113617688"
  },
  {
    "name": "Kha Nguyễn",
    "uid": "100094979513899",
    "time": "08:33:30 - 11/10/2025",
    "reason": "Đã bị Quản trị viên xóa khỏi nhóm.",
    "facebook": "https://www.facebook.com/100094979513899"
  },
  {
    "name": "Lê Ngọc",
    "uid": "100015358240579",
    "time": "08:33:31 - 11/10/2025",
    "reason": "Đã bị Quản trị viên xóa khỏi nhóm.",
    "facebook": "https://www.facebook.com/100015358240579"
  },
  {
    "name": "Xuân Trường",
    "uid": "100048243497003",
    "time": "08:33:33 - 11/10/2025",
    "reason": "Đã bị Quản trị viên xóa khỏi nhóm.",
    "facebook": "https://www.facebook.com/100048243497003"
  },
  {
    "name": "Lê Dũng",
    "uid": "100085030696064",
    "time": "08:33:35 - 11/10/2025",
    "reason": "Đã bị Quản trị viên xóa khỏi nhóm.",
    "facebook": "https://www.facebook.com/100085030696064"
  },
  {
    "name": "Bach Tuyet",
    "uid": "100083838703222",
    "time": "08:33:38 - 11/10/2025",
    "reason": "Đã bị Quản trị viên xóa khỏi nhóm.",
    "facebook": "https://www.facebook.com/100083838703222"
  },
  {
    "name": "Nguyễn Đắc Đại",
    "uid": "100018485004560",
    "time": "08:33:40 - 11/10/2025",
    "reason": "Đã bị Quản trị viên xóa khỏi nhóm.",
    "facebook": "https://www.facebook.com/100018485004560"
  },
  {
    "name": "Sơn Hoàng",
    "uid": "100051063159792",
    "time": "08:33:42 - 11/10/2025",
    "reason": "Đã bị Quản trị viên xóa khỏi nhóm.",
    "facebook": "https://www.facebook.com/100051063159792"
  },
  {
    "name": "Minh Nhung",
    "uid": "100043541596218",
    "time": "08:33:44 - 11/10/2025",
    "reason": "Đã bị Quản trị viên xóa khỏi nhóm.",
    "facebook": "https://www.facebook.com/100043541596218"
  },
  {
    "name": "Phan Thành Thái",
    "uid": "100074686485074",
    "time": "08:33:46 - 11/10/2025",
    "reason": "Đã bị Quản trị viên xóa khỏi nhóm.",
    "facebook": "https://www.facebook.com/100074686485074"
  },
  {
    "name": "Bố Là Karry",
    "uid": "100077992634404",
    "time": "08:33:48 - 11/10/2025",
    "reason": "Đã bị Quản trị viên xóa khỏi nhóm.",
    "facebook": "https://www.facebook.com/100077992634404"
  },
  {
    "name": "Quang Nguyễn",
    "uid": "100087348182521",
    "time": "08:33:49 - 11/10/2025",
    "reason": "Đã bị Quản trị viên xóa khỏi nhóm.",
    "facebook": "https://www.facebook.com/100087348182521"
  },
  {
    "name": "Ntt Quynh Nhuw",
    "uid": "61551016543131",
    "time": "08:33:51 - 11/10/2025",
    "reason": "Đã bị Quản trị viên xóa khỏi nhóm.",
    "facebook": "https://www.facebook.com/61551016543131"
  },
  {
    "name": "Jonathan Ga Lindo",
    "uid": "100029736885798",
    "time": "08:33:53 - 11/10/2025",
    "reason": "Đã bị Quản trị viên xóa khỏi nhóm.",
    "facebook": "https://www.facebook.com/100029736885798"
  },
  {
    "name": "Le Thảo",
    "uid": "100067118920750",
    "time": "08:33:55 - 11/10/2025",
    "reason": "Đã bị Quản trị viên xóa khỏi nhóm.",
    "facebook": "https://www.facebook.com/100067118920750"
  },
  {
    "name": "Hoang Duc Binh",
    "uid": "61555404418437",
    "time": "08:33:57 - 11/10/2025",
    "reason": "Đã bị Quản trị viên xóa khỏi nhóm.",
    "facebook": "https://www.facebook.com/61555404418437"
  },
  {
    "name": "Tuấn Nguyễn",
    "uid": "100077707061306",
    "time": "08:33:59 - 11/10/2025",
    "reason": "Đã bị Quản trị viên xóa khỏi nhóm.",
    "facebook": "https://www.facebook.com/100077707061306"
  },
  {
    "name": "Nguyễn Vy",
    "uid": "100085504783392",
    "time": "08:34:00 - 11/10/2025",
    "reason": "Đã bị Quản trị viên xóa khỏi nhóm.",
    "facebook": "https://www.facebook.com/100085504783392"
  },
  {
    "name": "Thu Hà",
    "uid": "100053215171184",
    "time": "08:34:02 - 11/10/2025",
    "reason": "Đã bị Quản trị viên xóa khỏi nhóm.",
    "facebook": "https://www.facebook.com/100053215171184"
  },
  {
    "name": "Urumi Mochi 🫶🏻",
    "uid": "100000230063240",
    "time": "12:28:00 - 11/10/2025",
    "reason": "Đã tự động rời khỏi nhóm.",
    "facebook": "https://www.facebook.com/100000230063240"
  },
  {
    "name": "Nguyen Minh Ngoc",
    "uid": "61578589303228",
    "time": "10:41:46 - 11/10/2025",
    "reason": "Đã tự động rời khỏi nhóm.",
    "facebook": "https://www.facebook.com/61578589303228"
  }
]