[
  {
    "name": "𝙱𝚊̀𝚗 𝚃𝚞𝚊̂́𝚗 𝙺𝚑𝚊𝚗𝚑 ️️️️️️️️️️️️️️️️️️️️️️️️️️️️️️️️️️️️️️️️️️️️️️️️️️️️️️️️️️️️️️️️️️️️️️️️️️️️️️️️️️️️️️️️️️️️️️️️️️️️️️️️️️️️️️️️️️️️️️️️️️️️️️️️️️️️️️️️️️️️️️️️️️️️️️️",
    "uid": "61572938072676",
    "time": "11:52:35 - 11/10/2025",
    "reason": "Đã tự động rời khỏi nhóm.",
    "facebook": "https://www.facebook.com/61572938072676"
  }
]