{
    "boxname": [
        {
            "threadID": "1700783720601357",
            "name": "chatbox vn"
        },
        {
            "threadID": "5726928910747973",
            "name": "Nvh"
        },
        {
            "threadID": "24621329897491403",
            "name": "Bat thích chồn lùi"
        },
        {
            "threadID": "30901341642813810",
            "name": "𝙍𝙞𝙙𝙚 𝙊𝙧 𝘿𝙞𝙚𝙨 [騎或死]"
        },
        {
            "threadID": "30106003672347101",
            "name": "𝙃𝙚𝙖𝙫𝙚𝙣𝙡𝙮 𝘽𝙡𝙞𝙨𝙨💠"
        },
        {
            "threadID": "807091881914993",
            "name": "Xóm Nhà Lá 🌱🎮"
        },
        {
            "threadID": "24875196572063718",
            "name": "OVERNIGHT 14/01/25🇻🇳"
        },
        {
            "threadID": "630318759896055",
            "name": "🎶Southern Music🎧"
        },
        {
            "threadID": "823959590155779",
            "name": "༄ Few Monic࿐♪♫༄ ᶻ 𝗓 𐰁(mở Tuyển)"
        },
        {
            "threadID": "24032972529674518",
            "name": "•☆𝙎𝙊𝙍𝘼 𝙊 𝙈𝙄𝙏𝙀 ☆• | N4 | 4th4 -2025"
        },
        {
            "threadID": "29838233472489308",
            "name": "•☆𝙎𝙊𝙍𝘼 𝙊 𝙈𝙄𝙏𝙀 ☆• | N3 | 4th4 - 2025"
        },
        {
            "threadID": "1103958541471369",
            "name": "𝘼𝘽𝙔𝙎𝙎 𝘽𝙍𝙀𝘼𝙆𝙀𝙍"
        },
        {
            "threadID": "24602801836059069",
            "name": "BUKAN ELITE"
        }
    ],
    "boximage": [
        {
            "threadID": "5726928910747973",
            "url": "https://files.catbox.moe/oxni5w.jpg"
        },
        {
            "threadID": "30901341642813810",
            "url": "https://files.catbox.moe/m4ttqm.jpg"
        },
        {
            "threadID": "30106003672347101",
            "url": "https://files.catbox.moe/1g0dht.jpg"
        },
        {
            "threadID": "807091881914993",
            "url": "https://files.catbox.moe/8ii9hu.jpg"
        },
        {
            "threadID": "24875196572063718",
            "url": ""
        },
        {
            "threadID": "630318759896055",
            "url": "https://files.catbox.moe/9369p1.jpg"
        },
        {
            "threadID": "628362530139452",
            "url": "https://files.catbox.moe/t8rqy8.jpg"
        },
        {
            "threadID": "27906330539010944",
            "url": "https://files.catbox.moe/txa85o.jpg"
        },
        {
            "threadID": "1103958541471369",
            "url": "https://files.catbox.moe/do91l2.jpg"
        },
        {
            "threadID": "24602801836059069",
            "url": "https://files.catbox.moe/2dzvx8.jpg"
        }
    ],
    "antiNickname": [
        {
            "threadID": "630318759896055",
            "data": {
                "100000895922054": "『 ! 』⪼ ᴢᴇɴɪᴛꜱᴜ (ʙᴇᴛᴀ )",
                "100007318625150": "[ ! ] • bot của nduy:3 | HSD: 01/10/2025",
                "100011591553480": "🎶SM_Thịnh Syu⁰⁴🎧",
                "100014520780651": "🎶SM_⁰6🎧",
                "100020903702074": "🎶 SM_linh hi☯️ 2¹⁰🎧",
                "100025298591284": "🎶SM_Vũ k4🎧",
                "100041843460938": "🎶SM_ bnoc⁰⁸ 🎧",
                "100042141736776": "🎶 🗿 06 🎧",
                "100043992232450": "🎶SM_Sếp Pi 01🎧 boss",
                "100048677663426": "🎶SM_Thọ_05🎧",
                "100050466583098": "🎶SM_Mas⁰⁷🎧",
                "100050609572618": "🎶SM_mítt 07🎧",
                "100050681171041": "🎶SM_Mizu_211🎧",
                "100052438712746": "🎶SM_Tphuoc 06🎧",
                "100054959504498": "🎶SM_Nguyenthuan_06",
                "100055392826817": "🎶SM_depgainhatthegioi _011🎧",
                "100061789864087": "Pat-03",
                "100064628191086": "🎶SM_toncailang°9🎧",
                "100064736894444": "🎶SM_ quăn-07 🎧",
                "100068390151817": "🎶SM_Sún11🎧",
                "100068637601816": "🎶SM_Zh_08🎧",
                "100073639420918": "Ng Van Hungg 💤.",
                "100073745771865": "🎶Bống 214🎧",
                "100074830943257": "🎶SM_ mẫu hậu ơiiiiiiii ⁰⁷💗🎧",
                "100074954229891": "🎶SM_ncct O6🎧",
                "100075113553332": "🎶 ℳợ 𝒷𝒶𝒶 ᯓ012🎧",
                "100075466927474": "🎶SM_mon_09 🎧",
                "100076418079301": "🎶SM_sữa gạoo²¹⁰ 🎧",
                "100076696962235": "🎶SM_baoson_09🎧",
                "100078082427450": "🎶SM_ Boy⁰¹¹🎧💤🗿",
                "100078259216758": "🎶SM_Linna_⁰⁷🎧",
                "100078293823289": "🎶SM_qmeo_011🎧",
                "100078960386294": "🎶SM_Tờ Diễn handsome 07🎧",
                "100079794222971": "🎶SM_Chiuanh 07🎧",
                "100080821963406": "🎶SM_Tú Nguyễn đã xoá bạn khỏi nhóm 99🎧(QTV)",
                "100080873743019": "🎶SM_1 lòng 1 phổi 1 tô cháo ⁰⁷🖤🎧",
                "100081563130859": "🎶SM_💩biết hát_⁰⁹🎧",
                "100081829257423": "🎶ßắp⁰⁷🎧",
                "100082096580502": "🎶SM_Kangg~T_011🎧",
                "100083346246102": "🎶SM_ Đinh Đạt-k7🎧",
                "100084264211046": "🎶Mina _2014🎧",
                "100084823186371": "🎶SM_vcne05🎧",
                "100085706982503": "🎶SM_thuanthao⁰12 🎧",
                "100087782230495": "🎶SM_ngocha-011💗🎧",
                "100087843972399": "🎶 SM_🐷07 🎧",
                "100088084073195": "🎶SM_Cá nóc 010🎧",
                "100088401980895": "🎶SM_Kylieさん_2004🎧",
                "100089308359788": "🎶𝚂𝙼_𝚝𝚗𝚑𝚊𝚗2¹² 🎧",
                "100089508124619": "🎶SM_Canny_210🎧",
                "100089560394355": "🎶 zoi đệ pi 08 🎧",
                "100090230774470": "🎶SM_Yin_07🎧",
                "100090799675030": "🎶SM_ Cường Họ Nguyễn+05🎧",
                "100090805689669": "🎶SM_Wshe 🧿_210🎧",
                "100090825000753": "𝗦𝗶𝗡𝗼 𝗕𝗼𝘁 🎶",
                "100092518136246": "🎶SM_Kwong_011🎧",
                "100093904716790": "🎶SM_xoài jet jet_¹¹🎧",
                "100094334066308": "🎶bii 012🎧",
                "61550043345288": "🎶𝐒𝐌_th.hienhin011🎧",
                "61550291125810": "🎶SM_Koari-009🎧",
                "61553201664013": "🎶SM_mítt ⁰₇✔❦🎧",
                "61553693970321": "🎶nhanh 010🎧",
                "61554119737318": "🎶SM_khang 04🎧",
                "61555208061737": "🎶socc_012🎧",
                "61555563308339": "🎶𝐒𝐌_𝐌𝐞𝐨 𝐂𝐨𝐧 𝐏𝐢 𝐏𝐢_⁰¹³🎧𝐐𝐓𝐕",
                "61556521786466": "🎶SM_ anh đẹp trai+005 off 1 thời gian🎧",
                "61556681820400": "🎶𝐒𝐌_𝐓𝐡𝐮̀𝐲 𝐓𝐫𝐚̂𝐦 ⁰¹¹🎧 𝑸𝑻𝑽",
                "61556955940977": "🎶SM _linh _211🎧",
                "61557031255269": "🎶SM_Mây∅¹¹🎧",
                "61557183611028": "🎶SM_▪︎Chip ²¹¹▪︎🎧",
                "61557376727338": "🎶 KMee_212 🎧",
                "61558848915624": "🎶SM_Bon 010 🎧",
                "61559191913868": "🎶SM_Miuuu¹¹🎧",
                "61560696659370": "🎶SM•na007 🎧",
                "61560842506657": "🎶SM_gạo_012 🎧",
                "61561089431941": "🎶SM_Nhím09🎧",
                "61562057290780": "🎶SM_pthao⁰¹¹🎧",
                "61562367142898": "🎶SM_khỉ 08🎧 (off)",
                "61562719607001": "🎶SM_Minn_012🎧",
                "61563277016268": "🎶SM_Su_011🎧",
                "61563427704538": "🎶SM_ Hồng Đen 010🎧(ko show)",
                "61565331886901": "🎶SM_Kna.12🎧",
                "61566511974921": "🎶SM_ T Vyy °012🎧",
                "61566661434768": "🎶SM_toboki ⁰⁹🎧",
                "61567033090236": "🎶 chill 2011 🎧",
                "61567368745973": "🎶𝑺𝑴_𝑲𝒆̣𝒐🍬𝟐11🎧",
                "61567715197102": "🎶goro goro(02)🎧",
                "61568555873290": "🎶SM_le 10✔❦🎧🅀🅃🅅",
                "61569154076955": "🎶SM_nger09🎧",
                "61569464459311": "🎶SM_Nhím depzai cuto_011🎧",
                "61571133324279": "🎶 chòn🐇⁰⁹ 🎧",
                "61571136784136": "🎶SM_ pii⁰¹² 🎧",
                "61571247189489": "🎶SM_Bảo An013🎧🍄",
                "61572203595884": "🎶SM_Ngọc Bích_212🎧",
                "61572296139022": "🎶SM_ Đặng Minh /011 🎧",
                "61572478083682": "🎶SM_Hibiki 08🎧",
                "61572637231234": "🎶SM_🐰_ 08🎧",
                "61572797101813": "🎶Phương Trang 213🎧",
                "61573032114290": "🎶SM_Ánh Vũ +k12🎧",
                "61573081236359": "🎶Phưn nè 😔🖤🥀🍂_12🎧",
                "61573515932054": "🎶SM_An+k6🎧",
                "61573917054824": "🎶thỏ cute (⁠◕⁠દ⁠◕⁠)²⁰¹³ 🎧",
                "61573974710554": "🎧 Búnn 210🎶",
                "61574231116882": "🎶SM_cún²¹²🎧",
                "61574566333149": "🎶SM_Lynziin¹¹🎧",
                "61574768161781": "🎶SM_PHẠM TỔNG_212🎧",
                "61574899171987": "🎶⋆𐙚｡Linh 𝙈𝙞𝙨𝙨 ²13𓆩𓆪🎧",
                "61575135759845": "🎶Haeun_⁰14🎧",
                "61575638645443": "🎶SM_Paniiuoii¹¹🎧",
                "61576470962177": "🎶SM_Tuyền ⁰¹²🎧",
                "61576685037290": "🎶SM_𝓟𝓱𝓊𝓸𝓷𝓰212(𝕢𝕥𝕧)🎧",
                "61576728316468": "🎶SM_Như ý 012🎧",
                "61576757496130": "🎶Ngmy_k11🎧",
                "61576938874867": "🎶SM_bu98🎧",
                "61577334332224": "🎶SM_ng xáo bị căm_010🎧",
                "61577339733372": "[ ! ] • 𝗦𝗶𝗡𝗼 𝗕𝗼𝘁 🎶",
                "61577710768079": "🎶 bắp nek²¹²🎧",
                "61578381184023": "🎶SM_Thảo 010🎧",
                "61578534924750": "🎶SM_NT_11🎧",
                "61578582163964": "🎶SM_Wanglin 203🎧",
                "61578879261475": "🎶SM_bamm212🎧",
                "61579160336093": "🎶SM_ krasna+08 🎧",
                "61579279408519": "Twyla²⁰¹⁵🎧",
                "61579311909566": "🎶SM_lúa-2¹¹🎧",
                "61579376635386": "🎶🐧¹²🎧",
                "61579405029650": "🎶 𝚈𝚞𝚗𝚎 °𝟶𝟷𝟸°  🎧",
                "61580196766845": "🎶SM_khlyy 013🎧",
                "61581225869661": "🎶 Tsuya⁰⁷ 🎧",
                "61581413343827": "🎶SM_Kha 05🎧",
                "61581550373856": "🎶𝓢𝓜.Hoàng Nhi của Mẫu Hậu 😌_🌊🖤_12🎧𝓠𝓣𝓥",
                "61582295240615": "🎶SM_Wshe🧿_210🎧",
                "61581815902288": "『 ! 』⪼ ᴢᴇɴɪᴛꜱᴜ (ʙᴇᴛᴀ )"
            }
        },
        {
            "threadID": "628362530139452",
            "data": {
                "777054368": "Nhimss Toretto (07)",
                "100002164446487": "Quinn (06)",
                "100002605136798": "Em dại 05",
                "100004066263006": "LzH・nicckeo",
                "100004644849270": "het 03",
                "100005043220769": "Bé Dâu 2ka3",
                "100005374248308": "HaiYen 07",
                "100007097533831": "Nu 99",
                "100007748401444": "LAKE (95)",
                "100008209718785": "còi bi 05",
                "100009842895857": "An Le 03",
                "100010228777239": "A Páo K2",
                "100010804067973": "Em Đan。 O4",
                "100011386589642": "🍉03",
                "100012232897817": "Mr.Tâm 97",
                "100012773178714": "Quýt 01",
                "100016628978286": "NghiXingg (02)",
                "100017284063969": "neko 05",
                "100018423642261": "chanh 05",
                "100018904605456": "Rin 98",
                "100019215484097": "Kevin 03",
                "100019516031168": "Mạnh2k",
                "100022750595468": "Vy 💋 00",
                "100022937927703": "Help  01",
                "100023000109619": "Miu (06)",
                "100023151140511": "Hàn Quốc Sa Ram(06)",
                "100024136442115": "『HKC』Chung。01",
                "100024208914315": "Linh meoz06",
                "100024880189998": "Dũng 02",
                "100025480583655": "Nhân 2k",
                "100025486942819": "Nike 06",
                "100025879983327": "Taki 2k2",
                "100026081899832": "Sếu(03)",
                "100026130834024": "Hamburger ( 03 ) 🍔",
                "100026258083353": "A Tẻn cute phô mai que 🥰",
                "100027048345444": "Tài 07",
                "100027098834159": "Ly [16/11/2025]",
                "100027370930855": "tien 03",
                "100027540872817": "4i JRiShyn(04)",
                "100028011902697": "Bảo (06)",
                "100028016444570": "xdart 08",
                "100028233681626": "Hiếu Nè Em 03",
                "100028298970677": "Bống Tỷ 02",
                "100029124614372": "🐮08",
                "100030535931331": "Michelin 05",
                "100030730892724": "sinh tố bơ 02",
                "100031166344421": "GinTonic (03)",
                "100033626594769": "Zexzec🐧(05)",
                "100034146484694": "dứa có nhiều meme lắm04",
                "100034599881031": "Kiều Dung 04",
                "100034640452751": "HanChinh05",
                "100035015565110": "mdin 02",
                "100035049247122": "update💀 (03)",
                "100035139305889": "Huyền 🧸🌷 03",
                "100035367933738": "🍭iu 03 (QTV)",
                "100035941592814": "Vua lọ BN 00",
                "100037633992613": "Kenn 01🎄",
                "100037723519882": "Linh_97",
                "100038224367233": "bi (06)",
                "100038966981342": "Jeni 07",
                "100039265247438": "thợ săn phuba 06",
                "100039561702442": "끄엉Cường37(04)",
                "100040043628492": "doggy 05",
                "100040937522793": "bin 06",
                "100041039569521": "Jollibee 03",
                "100041284156678": "Hải 99",
                "100041571410854": "wen ned 000000000000000000000005",
                "100041659429981": "Xsinez ( 2000 )",
                "100042024789903": "Winner 04",
                "100043024580113": "Thương 07",
                "100043659554768": "TEDDY NO SAD (03)",
                "100044739644861": "Nhiii xinh iu 04",
                "100045708850988": "Layla 02",
                "100046101360053": "Mụp lỏ👾👾",
                "100047691161962": "Cọp 08",
                "100047794062548": "binn06",
                "100048643193718": "Kimi (2005)",
                "100048936078417": "gin 05",
                "100049026783266": "M.Anh2003",
                "100049618951386": "Cún 07",
                "100049800811621": "abeo chuyên ra bốc phét 02",
                "100050117922815": "Bảy Chọ (02)",
                "100050121891881": "vyyy01",
                "100050531771415": "Na 01",
                "100050544905190": "Vanh(07)",
                "100050897029215": "FrGxsad boiz(05)",
                "100051296495196": "Manh 07",
                "100051300214709": "Lin 07",
                "100051599023194": "mộng đẹp trai nhất hành tinh 06",
                "100051839342847": "SEVEN 2k",
                "100051979187542": "huy 202",
                "100052124270640": "Choco 05",
                "100052338781624": "VịtBaBy (06)🦆",
                "100052857521411": "Ông Hoàng Xứ Lọ 👑",
                "100053017251590": "𓆏 (06)",
                "100053711922598": "Jolii 05",
                "100053763197756": "Biiii 03",
                "100053920865512": "Công chúa bong bóng 🫧(04)",
                "100055078549011": "Pu 03",
                "100055492691047": "Bông07",
                "100055965384978": "venn 03",
                "100056177323055": "wi 05",
                "100057086807849": "boi 07",
                "100057263583988": "Chanh Mer \"o6\"",
                "100057389509219": "Thượng 03",
                "100057446924715": "hiếu 04",
                "100058447730523": "wine (207)",
                "100058812409546": "☀️win (08)",
                "100058883230002": "Huy(04)",
                "100058960902514": "beo2 04",
                "100060377615241": "TrapBoyy( 02 )",
                "100061662104171": "Zoe 05",
                "100061800974264": "⬜️ 08",
                "100062239370028": "Lee 04",
                "100062809249121": "D.A--02🍀",
                "100063483451693": "foxi (08)",
                "100064256059230": "Bêu 04",
                "100064521532106": "chip 02",
                "100064554190202": "Xoài0suy 03",
                "100064689767482": "Nguoi tinh mua dong 04",
                "100064932470467": "cê ka (07)",
                "100066488933132": "Bắp (04) SG",
                "100067749182083": "htnv 07",
                "100068027687443": "lee min ho (05)",
                "100068158748140": "Boi . 06",
                "100068288463644": "BĐức 07",
                "100068668184735": "nobita(01)🇯🇵",
                "100068885040732": "gọi là CIKA 😉 ( QTV )",
                "100069579834750": "🐼🐼",
                "100069720983819": "Meow 04",
                "100070089380033": "ăn thịt người tốt(03)",
                "100070302143683": "Phúc 00",
                "100070331941675": "(06)",
                "100070538313848": "Ah Huy (08)",
                "100070589317453": "A80",
                "100070754371140": "omachi 05",
                "100071280800437": "Dương 07",
                "100071436313456": "Cá๛nóc  97",
                "100072575512862": "Wangg (04)",
                "100072722177769": "phong 06",
                "100072942949284": "dương 05",
                "100073029134038": "Tobi(03)",
                "100073967381223": "bụt 05",
                "100074728687201": "Toann乂(04)",
                "100075458484276": "ANDREE-07",
                "100075845933058": "Bo 07",
                "100075855952823": "Cá 🐟 07",
                "100077695380292": "Bình 01",
                "100078257641893": "béonz (08)",
                "100078337630181": "Miu Già (97)",
                "100078874681380": "ÔNG KẸ (06)😗",
                "100078909821892": "Tuấn 03",
                "100079251053157": "Mtp_Oai.K (01)",
                "100079280734727": "vtien06😶‍🌫️",
                "100079427213778": "04 tvm",
                "100079708125398": "hiki 97",
                "100080192763089": "Bêu (04)",
                "100080497925092": "🐥🐥03",
                "100080822628204": "Mp (07)",
                "100081212906265": "chip 06",
                "100081726834334": "panda 09",
                "100082950937609": "milo 06",
                "100084212483107": "lich 07",
                "100084320600549": "Bắpgangrơ 07",
                "100085675725189": "missu 07",
                "100086211894878": "cindii (06) 🙋🏻‍♀️",
                "100087210717014": "phát 205",
                "100087426227273": "hiếu 202",
                "100087499425116": "Chip 08",
                "100087627717620": "Đạt 97",
                "100087650837029": "Bướng đi... bướng anh thu🖤 (01)",
                "100088049481936": "bách 207",
                "100088325540538": "Lúa 03",
                "100088437660474": "Hà (07)",
                "100088455972471": "Quin hiện lên và nói (08)",
                "100090085268967": "Bin 04",
                "100090645562081": "NVT04",
                "100090703144553": "thiên anh 04",
                "100091261905769": "Yxu bất bình thường 06",
                "100092681521046": "Lành 2k",
                "100093359206274": "🐰03",
                "100093634101194": "khoi 211",
                "100093674449568": "ᰔᩚᴛɪɴᴀ06౨ৎ",
                "100094091570252": "[  ! ] • 𝘽𝙤𝙩 𝙎𝙩𝙖𝙘𝙞𝙖𝙡🌺",
                "100094539571543": "Milk 05",
                "100095061921276": "duwcvyx",
                "100095163527409": "Bù Cho Em Nắm (94)",
                "61550722813522": "Tuấn 01",
                "61551623361745": "thiện 98",
                "61552066243801": "zizuki 96",
                "61552470950974": "Tùng 04",
                "61552554980219": "🐄 08",
                "61552753911942": "Anh¹⁶",
                "61553281222374": "Sói cô độc🐺05",
                "61554213342819": "Mup04",
                "61554235267699": "qbao 2k11",
                "61554597608703": "Kiều Nhi 03",
                "61555406150699": "ThunderX (02)",
                "61556972460923": "Bơ iu anh (QTV)",
                "61559705366517": "Tùng Không Tòi 👑 ( 01 )",
                "61562368850836": "A Tẻn 04 kím sét lớp",
                "61562913822914": "Huyền 98",
                "61563554439486": "Linh 06",
                "61564972635805": "Mỡ 04",
                "61565175594321": "sóc suy o4",
                "61565708170550": "Thằng Khờ 06",
                "61566393601413": "tàn hình 🫥 07",
                "61567193061856": "CHÓ ĐỊT BỜ RÀO, KHỈ ĐỊT CÀNH TRE",
                "61569921090741": "tuna chả lá lốt 05",
                "61573233599409": "25k (05)",
                "61573550939217": "habibi (06)🤏🏿",
                "61574559811944": "ohh nâuu 2k",
                "61575239932269": "B Ả N H 06",
                "61575881420736": "A Lử (02)",
                "61576665872505": "Chám Nói Nhỏ",
                "61577390017569": "Túnn(05)",
                "61579084391991": "AnhBark5",
                "61579380477047": "tú anh02",
                "61581736696241": "Bơ iu anh(QTV)",
                "61550030184394": "『 + 』 ⪼ ᴢᴇɴɪᴛꜱᴜ (ʙᴇᴛᴀ )",
                "100067549700593": "Fang(03)",
                "100073639420918": "nvh",
                "100049232988462": "Duy 06",
                "100000895922054": "『 + 』 ⪼ ᴢᴇɴɪᴛꜱᴜ (ʙᴇᴛᴀ ) | HSD: Chưa thuê bot"
            }
        },
        {
            "threadID": "1103958541471369",
            "data": {
                "100006627135274": "𝘼𝙧 • vi cá gái mại dâm",
                "100011568992714": "𝘼𝙧 • cục cưn",
                "100012101650144": "𝘼𝙧 • athu",
                "100012567100165": "𝘼𝙧 • LongHPi(có bồ ) ruốc thì cúc",
                "100013076438810": "𝘼𝙧 • hảo (vợ nhi)",
                "100025791649342": "𝘼𝙧 •Doanh..",
                "100035310663604": "𝘼𝙧 •ミσɧαγσSɧίղℭɦɑղ",
                "100041979692522": "𝘼𝙧 • jka",
                "100042562781411": "𝘼𝙧 •౨ৎMinhĐứcও",
                "100044520803814": "𝘼𝙧 •sum ng4n",
                "100048488255969": "𝘼𝙧 •Siena Vy",
                "100048708725110": "𝘼𝙧 • HànThanh",
                "100050101083485": "𝘼𝙧 •Dyh(Rô)",
                "100052675614361": "𝘼𝙧 • 𝑴𝒊𝒏𝒒𝑫𝒖𝒐𝒏𝒒𝒒",
                "100054641288518": "𝘼𝙧 •Cốm",
                "100054869581134": "𝘼𝙧 • 1",
                "100055200804952": "𝘼𝙧 • kphưnn (vợ nat)",
                "100058367964497": "𝘼𝙧 • vợ 𝘽𝙪𝙣𝙯",
                "100060912985463": "𝘼𝙧 • Meo",
                "100064704144894": "𝘼𝙧 • Reyna Đi Lurk",
                "100066088400216": "𝘼𝙧 •sry",
                "100070478595995": "𝘼𝙧 • gơn 1988",
                "100073932890086": "𝘼𝙧 •Gơ Vô Tri",
                "100074793253581": "𝘼𝙧 •Punㅤʚɞ ( vợ long hpi )",
                "100075852183101": "𝘼𝙧 •eimsoc",
                "100076425764475": "𝘼𝙧 •TanTai",
                "100077038275962": "𝘼𝙧 • Ăn cặc sống qua ngày",
                "100077578300783": "𝘼𝙧• Sa bá nhất clan(pboss)",
                "100079000174903": "𝘼𝙧 • 𝘽𝙪𝙣𝙯 ( Boss)",
                "100079546615455": "𝘼𝙧 • Hanna",
                "100080396167724": "𝘼𝙧•nchii",
                "100080478573796": "𝘼𝙧 • Mia",
                "100080934447211": "𝘼𝙧 • luan",
                "100082690267302": "𝘼𝙧 •emnuw",
                "100083360793687": "ỈA LÊN ĐẦU ĐĨ HÃM LỒN RUỐC (off)",
                "100084273351735": "𝘼𝙧 • sip",
                "100085018663726": "𝘼𝙧 •???",
                "100085187695587": "𝘼𝙧 • kennz",
                "100086199207493": "𝘼𝙧 • ᴀʟʏᴢɪɴ",
                "100087962894125": "𝘼𝙧 • chs em tới sáng",
                "100088830332539": "𝘼𝙧•yamerooooo👍👍",
                "100089927595610": "𝘼𝙧 • Tinn iuu Bii",
                "100090341207203": "𝘼𝙧 • nih (Đức điếm)",
                "100093505624394": "𝘼𝙧• sleep(pboss)",
                "100093701953454": "𝘼𝙧 •Trâmm ౨ৎ Anhh",
                "61550550056299": "𝘼𝙧 •din",
                "61550580398431": "𝘼𝙧 • Thiếc Phiến Công Chúa 👑",
                "61551018720332": "𝘼𝙧 • kit",
                "61551051261992": "𝘼𝙧 • Ừ",
                "61551078273091": "𝘼𝙧 • PéThươngꪆৎ",
                "61552135695321": "𝘼𝙧 • Người Tốtᵖˡᵃʸmon to đơ",
                "61552671808160": "𝘼𝙧 • bắp",
                "61553469957461": "𝘼𝙧 •ania(iu Ruốc)",
                "61553475556337": "𝘼𝙧 •meow",
                "61554333460423": "𝘼𝙧 • 4(hoàng đĩ)",
                "61554625593968": "𝘼𝙧 •dep trai co gi sai",
                "61554986227926": "𝘼𝙧 • Sa (pboss)",
                "61554990151339": "𝘼𝙧 • Kienz",
                "61555256280283": "𝘼𝙧 •Sora cteo phô mai que nhất clan",
                "61555847011005": "𝘼𝙧 • Ah",
                "61556156196825": "𝘼𝙧 • Meo Meo",
                "61557067522368": "𝘼𝙧 • PANNDAA",
                "61557316136680": "𝘼𝙧 •yêu su",
                "61557557651462": "𝘼𝙧 • sl =)",
                "61557683232391": "𝘼𝙧 •24hmissnewyorkcity.",
                "61557817340996": "𝘼𝙧 •hân tẻn(210)",
                "61558465763406": "𝘼𝙧 •   những con đĩ tại fb",
                "61559831405022": "𝘼𝙧 • bo",
                "61560203500178": "𝘼𝙧 •Gia Bảo",
                "61560423341114": "𝘼𝙧 • reonwly",
                "61560479272367": "𝘼𝙧 • Muội 98",
                "61560939717511": "𝘼𝙧 •Người tềnh pé nhổ🥵😏😈",
                "61563033477157": "𝘼𝙧 •munnn",
                "61564272892132": "𝘼𝙧 • mập mờ cũ của anh",
                "61564983796126": "𝘼𝙧 •zyn",
                "61566145250409": "𝘼𝙧 •xoàii",
                "61566283552846": "𝘼𝙧 •  helios",
                "61566308827812": "𝘼𝙧 • nô lệ chun béo phì",
                "61567144271828": "𝘼𝙧 • tv",
                "61570195727901": "𝘼𝙧 •ᴘᴜᴜˇ",
                "61570498106918": "𝘼𝙧 •nat",
                "61570868040666": "𝘼𝙧 • na",
                "61572573494255": "𝘼𝙧 • htb (th mặt cặc)",
                "61573421443724": "𝘼𝙧 • con bot mạnh nhất play",
                "61574158095043": "𝘼𝙧 • Sur1 sum",
                "61575563877207": "𝘼𝙧 •gold",
                "61576262871737": "𝘼𝙧 •mtho",
                "61576333922409": "Quý ông thanh lịch",
                "61576487475921": "𝘼𝙧 • k04(kem)",
                "61576614687147": "𝘼𝙧 •ˢˣㅤ3ꞳꞳꞳʙícн",
                "61577020003565": "𝘼𝙧 • Ruoc idol",
                "61578296695291": "𝘼𝙧 •",
                "61578611154646": "『 / 』• KrBot | HSD: Chưa Active",
                "61578973571465": "𝘼𝙧 •alien ( yêu e nít )",
                "61579749371238": "Ar• venn",
                "61580195133503": "𝘼𝙧 • ᵍˢㅤᯓrubyneㅤᴀɢs.",
                "61580947684102": "𝘼𝙧 •tngoc",
                "61581218705482": "𝘼𝙧 •deptraiso1thegioii",
                "61582440813704": "𝘼𝙧 •   mấy con lồn gặp bố thì né ra"
            }
        }
    ],
    "antiout": {
        "30901341642813810": false,
        "1700783720601357": true,
        "30106003672347101": true,
        "24621329897491403": false,
        "24875196572063718": true,
        "30423643533949964": true,
        "628362530139452": false,
        "823959590155779": true,
        "29838233472489308": true,
        "1103958541471369": true,
        "24602801836059069": true,
        "1586182846067744": true
    }
}