[
  {
    "phien": 1,
    "time": 1761926004878,
    "result": {
      "total": 12,
      "result": "t",
      "dice1": 4,
      "dice2": 2,
      "dice3": 6,
      "isJackpot": false
    },
    "dice": [
      4,
      2,
      6
    ]
  },
  {
    "phien": 2,
    "time": 1761926065378,
    "result": {
      "total": 11,
      "result": "t",
      "dice1": 2,
      "dice2": 4,
      "dice3": 5,
      "isJackpot": false
    },
    "dice": [
      2,
      4,
      5
    ]
  },
  {
    "phien": 3,
    "time": 1761926128033,
    "result": null
  },
  {
    "phien": 4,
    "time": 1761970917470,
    "result": {
      "total": 17,
      "result": "t",
      "dice1": 6,
      "dice2": 6,
      "dice3": 5,
      "isJackpot": false
    },
    "dice": [
      6,
      6,
      5
    ]
  },
  {
    "phien": 5,
    "time": 1761970977920,
    "result": {
      "total": 17,
      "result": "t",
      "dice1": 6,
      "dice2": 5,
      "dice3": 6,
      "isJackpot": false
    },
    "dice": [
      6,
      5,
      6
    ]
  },
  {
    "phien": 6,
    "time": 1761971040370,
    "result": {
      "total": 12,
      "result": "t",
      "dice1": 2,
      "dice2": 4,
      "dice3": 6,
      "isJackpot": false
    },
    "dice": [
      2,
      4,
      6
    ]
  },
  {
    "phien": 7,
    "time": 1761971102434,
    "result": null
  }
]