[
  {
    "dices": [
      4,
      2,
      6
    ],
    "sum": 12,
    "result": "t",
    "timestamp": 1761926055282,
    "threadId": "9210594528977116"
  },
  {
    "dices": [
      2,
      4,
      5
    ],
    "sum": 11,
    "result": "t",
    "timestamp": 1761926117977,
    "threadId": "9210594528977116"
  },
  {
    "dices": [
      6,
      6,
      5
    ],
    "sum": 17,
    "result": "t",
    "timestamp": 1761970967863,
    "threadId": "9210594528977116"
  },
  {
    "dices": [
      6,
      5,
      6
    ],
    "sum": 17,
    "result": "t",
    "timestamp": 1761971030322,
    "threadId": "9210594528977116"
  },
  {
    "dices": [
      2,
      4,
      6
    ],
    "sum": 12,
    "result": "t",
    "timestamp": 1761971092361,
    "threadId": "9210594528977116"
  }
]