[
  {
    "phien": 1,
    "time": 1761919440122,
    "result": {
      "total": 14,
      "result": "t",
      "dice1": 2,
      "dice2": 6,
      "dice3": 6,
      "isJackpot": false
    },
    "dice": [
      2,
      6,
      6
    ]
  },
  {
    "phien": 2,
    "time": 1761919500687,
    "result": {
      "total": 17,
      "result": "t",
      "dice1": 6,
      "dice2": 5,
      "dice3": 6,
      "isJackpot": false
    },
    "dice": [
      6,
      5,
      6
    ]
  },
  {
    "phien": 3,
    "time": 1761919563219,
    "result": {
      "total": 6,
      "result": "x",
      "dice1": 1,
      "dice2": 3,
      "dice3": 2,
      "isJackpot": false
    },
    "dice": [
      1,
      3,
      2
    ]
  },
  {
    "phien": 4,
    "time": 1761919624775,
    "result": {
      "total": 9,
      "result": "x",
      "dice1": 1,
      "dice2": 4,
      "dice3": 4,
      "isJackpot": false
    },
    "dice": [
      1,
      4,
      4
    ]
  },
  {
    "phien": 5,
    "time": 1761919687182,
    "result": {
      "total": 10,
      "result": "x",
      "dice1": 4,
      "dice2": 4,
      "dice3": 2,
      "isJackpot": false
    },
    "dice": [
      4,
      4,
      2
    ]
  },
  {
    "phien": 6,
    "time": 1761919749623,
    "result": {
      "total": 11,
      "result": "t",
      "dice1": 2,
      "dice2": 6,
      "dice3": 3,
      "isJackpot": false
    },
    "dice": [
      2,
      6,
      3
    ]
  },
  {
    "phien": 7,
    "time": 1761920854697,
    "result": {
      "total": 10,
      "result": "x",
      "dice1": 6,
      "dice2": 1,
      "dice3": 3,
      "isJackpot": false
    },
    "dice": [
      6,
      1,
      3
    ]
  },
  {
    "phien": 8,
    "time": 1761920915324,
    "result": {
      "total": 13,
      "result": "t",
      "dice1": 6,
      "dice2": 1,
      "dice3": 6,
      "isJackpot": false
    },
    "dice": [
      6,
      1,
      6
    ]
  },
  {
    "phien": 9,
    "time": 1761967534255,
    "result": {
      "total": 4,
      "result": "x",
      "dice1": 1,
      "dice2": 1,
      "dice3": 2,
      "isJackpot": false
    },
    "dice": [
      1,
      1,
      2
    ]
  },
  {
    "phien": 10,
    "time": 1761967594661,
    "result": {
      "total": 13,
      "result": "t",
      "dice1": 5,
      "dice2": 5,
      "dice3": 3,
      "isJackpot": false
    },
    "dice": [
      5,
      5,
      3
    ]
  },
  {
    "phien": 11,
    "time": 1761967657077,
    "result": {
      "total": 12,
      "result": "t",
      "dice1": 6,
      "dice2": 3,
      "dice3": 3,
      "isJackpot": false
    },
    "dice": [
      6,
      3,
      3
    ]
  },
  {
    "phien": 12,
    "time": 1761967719453,
    "result": {
      "total": 9,
      "result": "x",
      "dice1": 2,
      "dice2": 3,
      "dice3": 4,
      "isJackpot": false
    },
    "dice": [
      2,
      3,
      4
    ]
  },
  {
    "phien": 13,
    "time": 1761967781835,
    "result": {
      "total": 16,
      "result": "t",
      "dice1": 6,
      "dice2": 5,
      "dice3": 5,
      "isJackpot": false
    },
    "dice": [
      6,
      5,
      5
    ]
  },
  {
    "phien": 14,
    "time": 1761967845262,
    "result": {
      "total": 9,
      "result": "x",
      "dice1": 2,
      "dice2": 5,
      "dice3": 2,
      "isJackpot": false
    },
    "dice": [
      2,
      5,
      2
    ]
  },
  {
    "phien": 15,
    "time": 1761967907756,
    "result": {
      "total": 15,
      "result": "t",
      "dice1": 6,
      "dice2": 6,
      "dice3": 3,
      "isJackpot": false
    },
    "dice": [
      6,
      6,
      3
    ]
  },
  {
    "phien": 16,
    "time": 1761967969146,
    "result": {
      "total": 7,
      "result": "x",
      "dice1": 4,
      "dice2": 1,
      "dice3": 2,
      "isJackpot": false
    },
    "dice": [
      4,
      1,
      2
    ]
  },
  {
    "phien": 17,
    "time": 1762013598293,
    "result": {
      "total": 11,
      "result": "t",
      "dice1": 3,
      "dice2": 3,
      "dice3": 5,
      "isJackpot": false
    },
    "dice": [
      3,
      3,
      5
    ]
  },
  {
    "phien": 18,
    "time": 1762013658737,
    "result": {
      "total": 8,
      "result": "x",
      "dice1": 3,
      "dice2": 2,
      "dice3": 3,
      "isJackpot": false
    },
    "dice": [
      3,
      2,
      3
    ]
  },
  {
    "phien": 19,
    "time": 1762013721200,
    "result": {
      "total": 10,
      "result": "x",
      "dice1": 1,
      "dice2": 6,
      "dice3": 3,
      "isJackpot": false
    },
    "dice": [
      1,
      6,
      3
    ]
  },
  {
    "phien": 20,
    "time": 1762013783648,
    "result": {
      "total": 12,
      "result": "t",
      "dice1": 6,
      "dice2": 3,
      "dice3": 3,
      "isJackpot": false
    },
    "dice": [
      6,
      3,
      3
    ]
  },
  {
    "phien": 21,
    "time": 1762013846206,
    "result": {
      "total": 16,
      "result": "t",
      "dice1": 6,
      "dice2": 4,
      "dice3": 6,
      "isJackpot": false
    },
    "dice": [
      6,
      4,
      6
    ]
  },
  {
    "phien": 22,
    "time": 1762013908592,
    "result": {
      "total": 12,
      "result": "t",
      "dice1": 1,
      "dice2": 5,
      "dice3": 6,
      "isJackpot": false
    },
    "dice": [
      1,
      5,
      6
    ]
  },
  {
    "phien": 23,
    "time": 1762013971046,
    "result": {
      "total": 12,
      "result": "t",
      "dice1": 4,
      "dice2": 6,
      "dice3": 2,
      "isJackpot": false
    },
    "dice": [
      4,
      6,
      2
    ]
  },
  {
    "phien": 24,
    "time": 1762014033499,
    "result": {
      "total": 13,
      "result": "t",
      "dice1": 6,
      "dice2": 3,
      "dice3": 4,
      "isJackpot": false
    },
    "dice": [
      6,
      3,
      4
    ]
  },
  {
    "phien": 25,
    "time": 1762014095936,
    "result": {
      "total": 10,
      "result": "x",
      "dice1": 1,
      "dice2": 5,
      "dice3": 4,
      "isJackpot": false
    },
    "dice": [
      1,
      5,
      4
    ]
  }
]