[
  {
    "dices": [
      2,
      6,
      6
    ],
    "sum": 14,
    "result": "t",
    "timestamp": 1761919490610,
    "threadId": "9827267630732458"
  },
  {
    "dices": [
      6,
      5,
      6
    ],
    "sum": 17,
    "result": "t",
    "timestamp": 1761919553061,
    "threadId": "9827267630732458"
  },
  {
    "dices": [
      1,
      3,
      2
    ],
    "sum": 6,
    "result": "x",
    "timestamp": 1761919614708,
    "threadId": "9827267630732458"
  },
  {
    "dices": [
      1,
      4,
      4
    ],
    "sum": 9,
    "result": "x",
    "timestamp": 1761919677109,
    "threadId": "9827267630732458"
  },
  {
    "dices": [
      4,
      4,
      2
    ],
    "sum": 10,
    "result": "x",
    "timestamp": 1761919739557,
    "threadId": "9827267630732458"
  },
  {
    "dices": [
      2,
      6,
      3
    ],
    "sum": 11,
    "result": "t",
    "timestamp": 1761919802079,
    "threadId": "9827267630732458"
  },
  {
    "dices": [
      6,
      1,
      3
    ],
    "sum": 10,
    "result": "x",
    "timestamp": 1761920905218,
    "threadId": "9827267630732458"
  },
  {
    "dices": [
      6,
      1,
      6
    ],
    "sum": 13,
    "result": "t",
    "timestamp": 1761920968761,
    "threadId": "9827267630732458"
  },
  {
    "dices": [
      1,
      1,
      2
    ],
    "sum": 4,
    "result": "x",
    "timestamp": 1761967584623,
    "threadId": "9827267630732458"
  },
  {
    "dices": [
      5,
      5,
      3
    ],
    "sum": 13,
    "result": "t",
    "timestamp": 1761967646983,
    "threadId": "9827267630732458"
  },
  {
    "dices": [
      6,
      3,
      3
    ],
    "sum": 12,
    "result": "t",
    "timestamp": 1761967709387,
    "threadId": "9827267630732458"
  },
  {
    "dices": [
      2,
      3,
      4
    ],
    "sum": 9,
    "result": "x",
    "timestamp": 1761967771804,
    "threadId": "9827267630732458"
  },
  {
    "dices": [
      6,
      5,
      5
    ],
    "sum": 16,
    "result": "t",
    "timestamp": 1761967835200,
    "threadId": "9827267630732458"
  },
  {
    "dices": [
      2,
      5,
      2
    ],
    "sum": 9,
    "result": "x",
    "timestamp": 1761967897664,
    "threadId": "9827267630732458"
  },
  {
    "dices": [
      6,
      6,
      3
    ],
    "sum": 15,
    "result": "t",
    "timestamp": 1761967959095,
    "threadId": "9827267630732458"
  },
  {
    "dices": [
      4,
      1,
      2
    ],
    "sum": 7,
    "result": "x",
    "timestamp": 1761968021509,
    "threadId": "9827267630732458"
  },
  {
    "dices": [
      3,
      3,
      5
    ],
    "sum": 11,
    "result": "t",
    "timestamp": 1762013648667,
    "threadId": "9827267630732458"
  },
  {
    "dices": [
      3,
      2,
      3
    ],
    "sum": 8,
    "result": "x",
    "timestamp": 1762013711125,
    "threadId": "9827267630732458"
  },
  {
    "dices": [
      1,
      6,
      3
    ],
    "sum": 10,
    "result": "x",
    "timestamp": 1762013773597,
    "threadId": "9827267630732458"
  },
  {
    "dices": [
      6,
      3,
      3
    ],
    "sum": 12,
    "result": "t",
    "timestamp": 1762013836115,
    "threadId": "9827267630732458"
  },
  {
    "dices": [
      6,
      4,
      6
    ],
    "sum": 16,
    "result": "t",
    "timestamp": 1762013898552,
    "threadId": "9827267630732458"
  },
  {
    "dices": [
      1,
      5,
      6
    ],
    "sum": 12,
    "result": "t",
    "timestamp": 1762013960969,
    "threadId": "9827267630732458"
  },
  {
    "dices": [
      4,
      6,
      2
    ],
    "sum": 12,
    "result": "t",
    "timestamp": 1762014023417,
    "threadId": "9827267630732458"
  },
  {
    "dices": [
      6,
      3,
      4
    ],
    "sum": 13,
    "result": "t",
    "timestamp": 1762014085853,
    "threadId": "9827267630732458"
  },
  {
    "dices": [
      1,
      5,
      4
    ],
    "sum": 10,
    "result": "x",
    "timestamp": 1762014148251,
    "threadId": "9827267630732458"
  }
]