[
  {
    "senderID": "1653887803",
    "choice": "t",
    "betAmount": 1000000,
    "phien": 1,
    "time": 1761926035503,
    "processed": true,
    "ket_qua": "thua",
    "winAmount": 1950000
  },
  {
    "senderID": "1653887803",
    "choice": "t",
    "betAmount": 10000000,
    "phien": 2,
    "time": 1761926081757,
    "processed": true,
    "ket_qua": "thua",
    "winAmount": 19500000
  },
  {
    "senderID": "1653887803",
    "choice": "x",
    "betAmount": 100000000,
    "phien": 4,
    "time": 1761970937255,
    "processed": true,
    "ket_qua": "thua",
    "winAmount": 0
  },
  {
    "senderID": "1653887803",
    "choice": "x",
    "betAmount": 1000000000,
    "phien": 5,
    "time": 1761970986101,
    "processed": true,
    "ket_qua": "thua",
    "winAmount": 0
  },
  {
    "senderID": "1653887803",
    "choice": "x",
    "betAmount": 10000000000,
    "phien": 6,
    "time": 1761971061792,
    "processed": true,
    "ket_qua": "thua",
    "winAmount": 0
  }
]