[
  {
    "phien": 1,
    "time": 1760850892961,
    "result": {
      "total": 18,
      "result": "t",
      "dice1": 6,
      "dice2": 6,
      "dice3": 6,
      "isJackpot": true
    },
    "dice": [
      6,
      6,
      6
    ]
  },
  {
    "phien": 2,
    "time": 1760850953411,
    "result": null
  },
  {
    "phien": 3,
    "time": 1760850973273,
    "result": {
      "total": 11,
      "result": "t",
      "dice1": 5,
      "dice2": 3,
      "dice3": 3,
      "isJackpot": false
    },
    "dice": [
      5,
      3,
      3
    ]
  },
  {
    "phien": 4,
    "time": 1760851033896,
    "result": null
  }
]