{
    "660317474": {
        "day": 4,
        "usages": 18
    },
    "776430310": {
        "day": 5,
        "usages": 20
    },
    "1107292932": {
        "day": 0,
        "usages": 17
    },
    "1256034354": {
        "day": 1,
        "usages": 20
    },
    "1346061936": {
        "day": 2,
        "usages": 20
    },
    "1549071106": {
        "day": 0,
        "usages": 20
    },
    "100032212041503": {
        "day": 4,
        "usages": 100000000040
    },
    "100041184706360": {
        "day": 2,
        "usages": 39
    },
    "100075403052412": {
        "day": 2,
        "usages": 20
    },
    "100076269092585": {
        "day": 3,
        "usages": 16
    },
    "100067524223064": {
        "day": 4,
        "usages": 19
    },
    "100045361870603": {
        "day": 4,
        "usages": 33
    },
    "100042064156502": {
        "day": 3,
        "usages": 140
    },
    "100077283969327": {
        "day": 4,
        "usages": 19
    },
    "100067668242926": {
        "day": 0,
        "usages": 18
    },
    "100077285426964": {
        "day": 2,
        "usages": 14
    },
    "100070522322695": {
        "day": 0,
        "usages": 19
    },
    "100071857317267": {
        "day": 0,
        "usages": 20
    },
    "100078086512992": {
        "day": 2,
        "usages": 0
    },
    "100063644110572": {
        "day": 4,
        "usages": 33
    },
    "100066194180303": {
        "day": 0,
        "usages": 20
    },
    "100042205488419": {
        "day": 0,
        "usages": 7
    },
    "100064396743120": {
        "day": 3,
        "usages": 20
    },
    "100077783082487": {
        "day": 1,
        "usages": 15
    },
    "100057804930587": {
        "day": 0,
        "usages": 35
    },
    "100068003802545": {
        "day": 2,
        "usages": 9
    },
    "100077575746954": {
        "day": 0,
        "usages": 18
    },
    "100078266448785": {
        "day": 0,
        "usages": 26
    },
    "100075201728678": {
        "day": 4,
        "usages": 134
    },
    "100050091171479": {
        "day": 0,
        "usages": 38
    },
    "100071204557863": {
        "day": 3,
        "usages": 19
    },
    "100029509307436": {
        "day": 0,
        "usages": 19
    },
    "100071541086239": {
        "day": 4,
        "usages": 59
    },
    "100054827949220": {
        "day": 4,
        "usages": 19
    },
    "100042965476833": {
        "day": 0,
        "usages": 19
    },
    "100070082857127": {
        "day": 0,
        "usages": 19
    },
    "100076346311876": {
        "day": 0,
        "usages": 18
    },
    "100073055486774": {
        "day": 0,
        "usages": 20
    },
    "100065116848203": {
        "day": 1,
        "usages": 19
    },
    "100077878556220": {
        "day": 0,
        "usages": 20
    },
    "100065570654053": {
        "day": 6,
        "usages": 19
    },
    "100069762536026": {
        "day": 6,
        "usages": 19
    },
    "100072812288437": {
        "day": 4,
        "usages": 18
    },
    "100072610352717": {
        "day": 5,
        "usages": 19
    },
    "100073677574875": {
        "day": 3,
        "usages": 100
    },
    "100076964873614": {
        "day": 5,
        "usages": 6
    },
    "100066540547551": {
        "day": 3,
        "usages": 20
    },
    "100078921722224": {
        "day": 4,
        "usages": 36
    },
    "100058262946039": {
        "day": 5,
        "usages": 20
    },
    "100052121208982": {
        "day": 3,
        "usages": 19
    },
    "100073416707359": {
        "day": 4,
        "usages": 19
    },
    "100074959360964": {
        "day": 1,
        "usages": 38
    },
    "100054410333280": {
        "day": 2,
        "usages": 19
    },
    "100068118512333": {
        "day": 0,
        "usages": 18
    },
    "100056127017797": {
        "day": 1,
        "usages": 20
    },
    "100078704931284": {
        "day": 1,
        "usages": 18
    },
    "100038230944227": {
        "day": 4,
        "usages": 11
    },
    "100046745231201": {
        "day": 3,
        "usages": 19
    },
    "100060841657505": {
        "day": 6,
        "usages": 19
    },
    "100059499227535": {
        "day": 6,
        "usages": 17
    },
    "100057162087212": {
        "day": 3,
        "usages": 54
    },
    "100075312715714": {
        "day": 6,
        "usages": 15
    },
    "100078850406346": {
        "day": 6,
        "usages": 15
    },
    "100057926644069": {
        "day": 4,
        "usages": 119
    },
    "100060894693968": {
        "day": 3,
        "usages": 18
    },
    "100078182490485": {
        "day": 6,
        "usages": 40
    },
    "100079303560270": {
        "day": 6,
        "usages": 14
    },
    "100078288858873": {
        "day": 6,
        "usages": 36
    },
    "100064665274354": {
        "day": 6,
        "usages": 18
    },
    "100066499480322": {
        "day": 0,
        "usages": 35
    },
    "100078953971381": {
        "day": 6,
        "usages": 38
    },
    "100066334434988": {
        "day": 0,
        "usages": 20
    },
    "100047523022822": {
        "day": 6,
        "usages": 14
    },
    "100049162717191": {
        "day": 6,
        "usages": 18
    },
    "100040767973712": {
        "day": 0,
        "usages": 20
    },
    "100028297162710": {
        "day": 6,
        "usages": 18
    },
    "100070658870572": {
        "day": 0,
        "usages": 14
    },
    "100073080794964": {
        "day": 0,
        "usages": 17
    },
    "100079196621365": {
        "day": 0,
        "usages": 20
    },
    "100077591791980": {
        "day": 0,
        "usages": 19
    },
    "100067415236811": {
        "day": 0,
        "usages": 0
    },
    "100074846196112": {
        "day": 6,
        "usages": 17
    },
    "100032225910285": {
        "day": 0,
        "usages": 19
    },
    "100041343020049": {
        "day": 6,
        "usages": 17
    },
    "100064717085544": {
        "day": 6,
        "usages": 20
    },
    "100078437260291": {
        "day": 6,
        "usages": 22
    },
    "100078625531347": {
        "day": 0,
        "usages": 0
    },
    "100079255869781": {
        "day": 0,
        "usages": 15
    },
    "100070606464831": {
        "day": 6,
        "usages": 18
    },
    "100062005756558": {
        "day": 1,
        "usages": 0
    },
    "100076219153813": {
        "day": 6,
        "usages": 36
    },
    "100047478169310": {
        "day": 6,
        "usages": 19
    },
    "100072281654298": {
        "day": 0,
        "usages": 9
    },
    "100040521376160": {
        "day": 1,
        "usages": 0
    },
    "100078970561552": {
        "day": 6,
        "usages": 19
    },
    "100062514880216": {
        "day": 0,
        "usages": 11
    },
    "100078888686955": {
        "day": 0,
        "usages": 2
    },
    "100006271324904": {
        "day": 1,
        "usages": 99993
    },
    "100000664831238": {
        "day": 6,
        "usages": 2
    },
    "100063690083344": {
        "day": 1,
        "usages": 18
    },
    "100051840770335": {
        "day": 4,
        "usages": 19
    },
    "100056953105174": {
        "day": 4,
        "usages": 19
    },
    "100004434344115": {
        "day": 0,
        "usages": 20
    },
    "100072886951934": {
        "day": 2,
        "usages": 19
    },
    "100073642608493": {
        "day": 0,
        "usages": 20
    },
    "100053247737491": {
        "day": 0,
        "usages": 19
    },
    "100055893829356": {
        "day": 0,
        "usages": 19
    },
    "100065451030681": {
        "day": 0,
        "usages": 19
    },
    "100074543360359": {
        "day": 0,
        "usages": 13
    },
    "100076428661959": {
        "day": 0,
        "usages": 5
    },
    "100068878848514": {
        "day": 0,
        "usages": 13
    },
    "100072518542252": {
        "day": 0,
        "usages": 34
    },
    "100075559747105": {
        "day": 0,
        "usages": 19
    },
    "100050705772769": {
        "day": 0,
        "usages": 13
    },
    "100066875940305": {
        "day": 0,
        "usages": 6
    },
    "100075237340277": {
        "day": 0,
        "usages": 19
    },
    "100075432560778": {
        "day": 0,
        "usages": 19
    },
    "100072887942957": {
        "day": 0,
        "usages": 19
    },
    "100077983432800": {
        "day": 0,
        "usages": 20
    },
    "100074737993806": {
        "day": 3,
        "usages": 19
    },
    "100072819822829": {
        "day": 0,
        "usages": 20
    },
    "100074385573637": {
        "day": 0,
        "usages": 20
    },
    "100076548406499": {
        "day": 1,
        "usages": 12
    },
    "100071078534251": {
        "day": 3,
        "usages": 19
    },
    "100074409756537": {
        "day": 3,
        "usages": 19
    },
    "100077900263447": {
        "day": 1,
        "usages": 19
    },
    "100043740466849": {
        "day": 5,
        "usages": 18
    },
    "100075306769329": {
        "day": 0,
        "usages": 14
    },
    "100078942511800": {
        "day": 4,
        "usages": 19
    },
    "100077016862526": {
        "day": 0,
        "usages": 15
    },
    "100078452984878": {
        "day": 1,
        "usages": 100
    },
    "100069181686401": {
        "day": 0,
        "usages": 9
    },
    "100072324108680": {
        "day": 3,
        "usages": 19
    },
    "100048252526462": {
        "day": 3,
        "usages": 19
    },
    "100074116197445": {
        "day": 1,
        "usages": 19
    },
    "100067058690518": {
        "day": 3,
        "usages": 58
    },
    "100073638874300": {
        "day": 0,
        "usages": 217
    },
    "100070308248142": {
        "day": 4,
        "usages": 7
    },
    "100050206183579": {
        "day": 3,
        "usages": 144
    },
    "100074778061712": {
        "day": 0,
        "usages": 16
    },
    "100069234814548": {
        "day": 0,
        "usages": 20
    },
    "100078515456382": {
        "day": 2,
        "usages": 18
    },
    "100075273253744": {
        "day": 0,
        "usages": 19
    },
    "100010132268987": {
        "day": 3,
        "usages": 20
    },
    "100010274433514": {
        "day": 3,
        "usages": 19
    },
    "100012559572577": {
        "day": 0,
        "usages": 20
    },
    "100016428730589": {
        "day": 0,
        "usages": 20
    },
    "100023678001801": {
        "day": 0,
        "usages": 20
    },
    "100027140508788": {
        "day": 2,
        "usages": 89
    },
    "100027769632572": {
        "day": 3,
        "usages": 140
    },
    "100030459091547": {
        "day": 0,
        "usages": 19
    },
    "100030752345001": {
        "day": 3,
        "usages": 17
    },
    "100033152924716": {
        "day": 3,
        "usages": 260
    },
    "100033798946113": {
        "day": 0,
        "usages": 20
    },
    "100034814023558": {
        "day": 0,
        "usages": 20
    },
    "100034828304132": {
        "day": 1,
        "usages": 320
    },
    "100035527211018": {
        "day": 1,
        "usages": 19
    },
    "100037762123689": {
        "day": 3,
        "usages": 18
    },
    "100038820440597": {
        "day": 0,
        "usages": 20
    },
    "100041293116350": {
        "day": 0,
        "usages": 20
    },
    "100041506276026": {
        "day": 2,
        "usages": 60
    },
    "100043554112307": {
        "day": 2,
        "usages": 14
    },
    "100046518259855": {
        "day": 6,
        "usages": 38
    },
    "100060780590589": {
        "day": 5,
        "usages": 13
    },
    "100069194163218": {
        "day": 1,
        "usages": 20
    },
    "100071026929219": {
        "day": 3,
        "usages": 113
    },
    "100074200305341": {
        "day": 5,
        "usages": 60
    },
    "100078306098338": {
        "day": 0,
        "usages": 19
    },
    "100078920797082": {
        "day": 0,
        "usages": 10
    },
    "100078962569636": {
        "day": 4,
        "usages": 56
    },
    "100079238349327": {
        "day": 0,
        "usages": 20
    },
    "100034818232988": {
        "day": 0,
        "usages": 19
    },
    "100026348631060": {
        "day": 0,
        "usages": 20
    },
    "100038372048951": {
        "day": 1,
        "usages": 18
    },
    "100038913216085": {
        "day": 0,
        "usages": 20
    },
    "100041247683798": {
        "day": 0,
        "usages": 20
    },
    "100042782411549": {
        "day": 0,
        "usages": 20
    },
    "100046098542833": {
        "day": 0,
        "usages": 20
    },
    "100048727062559": {
        "day": 1,
        "usages": 17
    },
    "100048747123193": {
        "day": 0,
        "usages": 20
    },
    "100050132565542": {
        "day": 0,
        "usages": 20
    },
    "100052665010822": {
        "day": 0,
        "usages": 20
    },
    "100053818601356": {
        "day": 0,
        "usages": 20
    },
    "100054263603727": {
        "day": 6,
        "usages": 0
    },
    "100054708015361": {
        "day": 0,
        "usages": 20
    },
    "100056064765523": {
        "day": 0,
        "usages": 20
    },
    "100063510580303": {
        "day": 0,
        "usages": 20
    },
    "100063662360439": {
        "day": 0,
        "usages": 20
    },
    "100067746377769": {
        "day": 0,
        "usages": 20
    },
    "100068743706563": {
        "day": 0,
        "usages": 20
    },
    "100069495139257": {
        "day": 0,
        "usages": 20
    },
    "100070613201693": {
        "day": 0,
        "usages": 20
    },
    "100070700986103": {
        "day": 0,
        "usages": 20
    },
    "100071013785639": {
        "day": 0,
        "usages": 20
    },
    "100071498185714": {
        "day": 0,
        "usages": 20
    },
    "100071865592567": {
        "day": 0,
        "usages": 20
    },
    "100072043129453": {
        "day": 0,
        "usages": 20
    },
    "100072514963298": {
        "day": 0,
        "usages": 20
    },
    "100072782603418": {
        "day": 0,
        "usages": 20
    },
    "100073483361887": {
        "day": 0,
        "usages": 20
    },
    "100074126962709": {
        "day": 0,
        "usages": 20
    },
    "100074509623863": {
        "day": 0,
        "usages": 20
    },
    "100076498997592": {
        "day": 0,
        "usages": 20
    },
    "100077048426406": {
        "day": 0,
        "usages": 20
    },
    "100077852255987": {
        "day": 0,
        "usages": 20
    },
    "100078413732069": {
        "day": 0,
        "usages": 20
    },
    "100078659754721": {
        "day": 0,
        "usages": 20
    },
    "100078667605897": {
        "day": 0,
        "usages": 20
    },
    "100058159060451": {
        "day": 0,
        "usages": 20
    },
    "100078704932222": {
        "day": 0,
        "usages": 18
    },
    "100075065958884": {
        "day": 1,
        "usages": 18
    },
    "100070766407851": {
        "day": 0,
        "usages": 18
    },
    "100078476772545": {
        "day": 0,
        "usages": 19
    },
    "100044104818888": {
        "day": 5,
        "usages": 18
    },
    "100005303558824": {
        "day": 0,
        "usages": 20
    },
    "100076415436691": {
        "day": 1,
        "usages": 20
    },
    "100074387534006": {
        "day": 0,
        "usages": 13
    },
    "100077120122060": {
        "day": 3,
        "usages": 6
    },
    "100050284064960": {
        "day": 3,
        "usages": 18
    },
    "100076475377238": {
        "day": 1,
        "usages": 15
    },
    "100051425718993": {
        "day": 6,
        "usages": 15
    },
    "100054723044752": {
        "day": 4,
        "usages": 51
    },
    "100073627898687": {
        "day": 4,
        "usages": 19
    },
    "100078192251366": {
        "day": 1,
        "usage": 100
    },
    "100015004956216": {
        "day": 0,
        "usages": 18
    },
    "100074059872217": {
        "day": 1,
        "usages": 14
    },
    "100078284126317": {
        "day": 1,
        "usages": 20
    },
    "100064192960353": {
        "day": 1,
        "usages": 20
    },
    "100077684948421": {
        "day": 5,
        "usages": 19
    },
    "100071342243002": {
        "day": 6,
        "usages": 20
    },
    "100064680161005": {
        "day": 1,
        "usages": 2
    },
    "100078394320152": {
        "day": 1,
        "usages": 19
    },
    "100068190476742": {
        "day": 1,
        "usages": 5
    },
    "100072550732743": {
        "day": 1,
        "usages": 19
    },
    "100077764997417": {
        "day": 1,
        "usages": 19
    },
    "100079034761617": {
        "day": 1,
        "usages": 18
    },
    "100079499220867": {
        "day": 1,
        "usages": 16
    },
    "100079114486724": {
        "day": 1,
        "usages": 18
    },
    "100044645263450": {
        "day": 1,
        "usages": 14
    },
    "100058845276761": {
        "day": 1,
        "usages": 12
    },
    "100067879710208": {
        "day": 1,
        "usages": 14
    },
    "100024633255046": {
        "day": 1,
        "usages": 13
    },
    "100076553119310": {
        "day": 1,
        "usages": 20
    },
    "100079440751778": {
        "day": 2,
        "usages": 39
    },
    "100072962363667": {
        "day": 1,
        "usages": 17
    },
    "100077887641995": {
        "day": 1,
        "usages": 31
    },
    "100077838166505": {
        "day": 3,
        "usages": 32
    },
    "100071775211078": {
        "day": 1,
        "usages": 39
    },
    "100025663358556": {
        "day": 2,
        "usages": 17
    },
    "100059224654426": {
        "day": 1,
        "usages": 20
    },
    "100063959587921": {
        "day": 3,
        "usages": 16
    },
    "100074208730739": {
        "day": 3,
        "usages": 160
    },
    "100068399804354": {
        "day": 1,
        "usages": 19
    },
    "100076405630527": {
        "day": 0,
        "usages": 20
    },
    "100048357344107": {
        "day": 1,
        "usages": 19
    },
    "100079254489718": {
        "day": 6,
        "usages": 16
    },
    "100072457325023": {
        "day": 1,
        "usages": 19
    },
    "100073278189107": {
        "day": 1,
        "usages": 19
    },
    "100076418264458": {
        "day": 1,
        "usages": 18
    },
    "100072239143418": {
        "day": 1,
        "usages": 19
    },
    "100048810344668": {
        "day": 4,
        "usages": 19
    },
    "100042063195781": {
        "day": 1,
        "usages": 20
    },
    "100057187111707": {
        "day": 3,
        "usages": 39
    },
    "100050514313129": {
        "day": 4,
        "usages": 9
    },
    "100037825907688": {
        "day": 4,
        "usages": 10
    },
    "100068030426824": {
        "day": 3,
        "usages": 10
    },
    "100069271022010": {
        "day": 2,
        "usages": 2
    },
    "100070588311898": {
        "day": 4,
        "usages": 6
    },
    "100041376289554": {
        "day": 3,
        "usages": 19
    },
    "100077081536586": {
        "day": 2,
        "usages": 17
    },
    "100056234479679": {
        "day": 2,
        "usages": 19
    },
    "100069163152118": {
        "day": 2,
        "usages": 2
    },
    "100076316859141": {
        "day": 2,
        "usages": 17
    },
    "100071682670048": {
        "day": 2,
        "usages": 19
    },
    "100076428805521": {
        "day": 2,
        "usages": 26
    },
    "100066752772874": {
        "day": 2,
        "usages": 19
    },
    "100079203249290": {
        "day": 2,
        "usages": 0
    },
    "100043845053635": {
        "day": 4,
        "usages": 10
    },
    "100078754675083": {
        "day": 2,
        "usages": 0
    },
    "100074907896326": {
        "day": 3,
        "usages": 19
    },
    "100069048488380": {
        "day": 3,
        "usages": 17
    },
    "100053510313714": {
        "day": 2,
        "usages": 20
    },
    "100073429670451": {
        "day": 2,
        "usages": 13
    },
    "100057523965426": {
        "day": 2,
        "usages": 15
    },
    "100064738754432": {
        "day": 2,
        "usages": 18
    },
    "100076352558860": {
        "day": 2,
        "usages": 19
    },
    "100054250313761": {
        "day": 2,
        "usages": 20
    },
    "100075113327432": {
        "day": 2,
        "usages": 20
    },
    "100075733665207": {
        "day": 4,
        "usages": 0
    },
    "100039093108084": {
        "day": 4,
        "usages": 19
    },
    "100079334588359": {
        "day": 2,
        "usages": 18
    },
    "100022753021894": {
        "day": 0,
        "usages": 17
    },
    "100027526058233": {
        "day": 3,
        "usages": 19
    },
    "100027610035594": {
        "day": 2,
        "usages": 20
    },
    "100028262199649": {
        "day": 4,
        "usages": 34
    },
    "100031137096920": {
        "day": 4,
        "usages": 18
    },
    "100037554753239": {
        "day": 2,
        "usages": 20
    },
    "100037890750393": {
        "day": 4,
        "usages": 25
    },
    "100040766902042": {
        "day": 1,
        "usages": 16
    },
    "100044927963579": {
        "day": 3,
        "usages": 3
    },
    "100046716773414": {
        "day": 3,
        "usages": 19
    },
    "100048379150040": {
        "day": 2,
        "usages": 20
    },
    "100051696248850": {
        "day": 2,
        "usages": 20
    },
    "100051919244708": {
        "day": 2,
        "usages": 20
    },
    "100052461103452": {
        "day": 2,
        "usages": 20
    },
    "100053930164643": {
        "day": 2,
        "usages": 20
    },
    "100054725988990": {
        "day": 2,
        "usages": 20
    },
    "100055339566053": {
        "day": 1,
        "usages": 19
    },
    "100057259980887": {
        "day": 2,
        "usages": 20
    },
    "100057731226953": {
        "day": 2,
        "usages": 20
    },
    "100058375416814": {
        "day": 1,
        "usages": 19
    },
    "100058835331123": {
        "day": 2,
        "usages": 20
    },
    "100061147476153": {
        "day": 2,
        "usages": 20
    },
    "100063023732434": {
        "day": 2,
        "usages": 20
    },
    "100063118246406": {
        "day": 3,
        "usages": 19
    },
    "100064419945274": {
        "day": 2,
        "usages": 20
    },
    "100065750121111": {
        "day": 2,
        "usages": 20
    },
    "100066393236172": {
        "day": 4,
        "usages": 19
    },
    "100066599318724": {
        "day": 4,
        "usages": 20
    },
    "100066689541491": {
        "day": 2,
        "usages": 20
    },
    "100066844663531": {
        "day": 4,
        "usages": 20
    },
    "100067644543556": {
        "day": 2,
        "usages": 20
    },
    "100068253906377": {
        "day": 2,
        "usages": 20
    },
    "100069964211019": {
        "day": 2,
        "usages": 20
    },
    "100070076122763": {
        "day": 2,
        "usages": 20
    },
    "100070128525246": {
        "day": 2,
        "usages": 20
    },
    "100070648515229": {
        "day": 2,
        "usages": 18
    },
    "100071036326996": {
        "day": 2,
        "usages": 20
    },
    "100071538151728": {
        "day": 2,
        "usages": 20
    },
    "100072133811066": {
        "day": 0,
        "usages": 6
    },
    "100072478894046": {
        "day": 2,
        "usages": 20
    },
    "100072499937437": {
        "day": 2,
        "usages": 20
    },
    "100072592556060": {
        "day": 2,
        "usages": 20
    },
    "100072930139497": {
        "day": 2,
        "usages": 20
    },
    "100072998210347": {
        "day": 2,
        "usages": 20
    },
    "100073050709240": {
        "day": 0,
        "usages": 19
    },
    "100073422982280": {
        "day": 2,
        "usages": 19
    },
    "100073691474929": {
        "day": 2,
        "usages": 20
    },
    "100073753036010": {
        "day": 2,
        "usages": 20
    },
    "100074096605713": {
        "day": 2,
        "usages": 20
    },
    "100074254945264": {
        "day": 2,
        "usages": 20
    },
    "100074509660189": {
        "day": 2,
        "usages": 20
    },
    "100074775942207": {
        "day": 2,
        "usages": 20
    },
    "100074967678886": {
        "day": 2,
        "usages": 20
    },
    "100075125397703": {
        "day": 2,
        "usages": 20
    },
    "100075695325213": {
        "day": 5,
        "usages": 19
    },
    "100075716116629": {
        "day": 2,
        "usages": 20
    },
    "100075836457241": {
        "day": 2,
        "usages": 20
    },
    "100075846949650": {
        "day": 2,
        "usages": 20
    },
    "100076126729397": {
        "day": 2,
        "usages": 20
    },
    "100076412907093": {
        "day": 3,
        "usages": 17
    },
    "100076903098914": {
        "day": 2,
        "usages": 20
    },
    "100077164810664": {
        "day": 2,
        "usages": 20
    },
    "100077347638274": {
        "day": 4,
        "usages": 17
    },
    "100077367720636": {
        "day": 2,
        "usages": 20
    },
    "100077419483227": {
        "day": 2,
        "usages": 20
    },
    "100077662925884": {
        "day": 2,
        "usages": 20
    },
    "100078032313111": {
        "day": 2,
        "usages": 20
    },
    "100078042752629": {
        "day": 2,
        "usages": 20
    },
    "100078055923908": {
        "day": 2,
        "usages": 20
    },
    "100078253805736": {
        "day": 0,
        "usages": 16
    },
    "100078326026975": {
        "day": 2,
        "usages": 20
    },
    "100078346639217": {
        "day": 2,
        "usages": 20
    },
    "100078393995325": {
        "day": 2,
        "usages": 20
    },
    "100078492800703": {
        "day": 2,
        "usages": 20
    },
    "100078602393476": {
        "day": 2,
        "usages": 20
    },
    "100078803144964": {
        "day": 1,
        "usages": 11
    },
    "100079095609208": {
        "day": 2,
        "usages": 20
    },
    "100044429061245": {
        "day": 1,
        "usages": 90
    },
    "100077649476711": {
        "day": 2,
        "usages": 19
    },
    "100059473773522": {
        "day": 2,
        "usages": 20
    },
    "100001702362318": {
        "day": 2,
        "usages": 20
    },
    "100011673773379": {
        "day": 4,
        "usages": 20
    },
    "100019866804690": {
        "day": 2,
        "usages": 20
    },
    "100023336470981": {
        "day": 2,
        "usages": 20
    },
    "100026267440409": {
        "day": 2,
        "usages": 20
    },
    "100026677900514": {
        "day": 2,
        "usages": 20
    },
    "100029524081510": {
        "day": 2,
        "usages": 20
    },
    "100032303953707": {
        "day": 2,
        "usages": 20
    },
    "100040984253936": {
        "day": 4,
        "usages": 20
    },
    "100043224427339": {
        "day": 2,
        "usages": 20
    },
    "100044014324038": {
        "day": 2,
        "usages": 20
    },
    "100047705644931": {
        "day": 2,
        "usages": 18
    },
    "100048315302815": {
        "day": 2,
        "usages": 20
    },
    "100048468052135": {
        "day": 2,
        "usages": 20
    },
    "100048580059748": {
        "day": 2,
        "usages": 20
    },
    "100049111593489": {
        "day": 2,
        "usages": 20
    },
    "100052328360595": {
        "day": 2,
        "usages": 20
    },
    "100052516323368": {
        "day": 2,
        "usages": 20
    },
    "100053129712583": {
        "day": 2,
        "usages": 20
    },
    "100055069253341": {
        "day": 2,
        "usages": 20
    },
    "100057180051761": {
        "day": 2,
        "usages": 20
    },
    "100057448846107": {
        "day": 2,
        "usages": 20
    },
    "100058238450556": {
        "day": 6,
        "usages": 20
    },
    "100062796392629": {
        "day": 2,
        "usages": 20
    },
    "100063531709136": {
        "day": 2,
        "usages": 20
    },
    "100064470274785": {
        "day": 2,
        "usages": 20
    },
    "100064565889931": {
        "day": 2,
        "usages": 20
    },
    "100064623889664": {
        "day": 2,
        "usages": 20
    },
    "100064752603261": {
        "day": 2,
        "usages": 20
    },
    "100065358458229": {
        "day": 3,
        "usages": 19
    },
    "100065754871104": {
        "day": 2,
        "usages": 20
    },
    "100066952612454": {
        "day": 2,
        "usages": 20
    },
    "100067178455924": {
        "day": 2,
        "usages": 20
    },
    "100067618202419": {
        "day": 2,
        "usages": 20
    },
    "100068267993166": {
        "day": 2,
        "usages": 20
    },
    "100068704031134": {
        "day": 5,
        "usages": 19
    },
    "100068758230915": {
        "day": 2,
        "usages": 20
    },
    "100068780349226": {
        "day": 2,
        "usages": 20
    },
    "100069078930425": {
        "day": 2,
        "usages": 20
    },
    "100069154938614": {
        "day": 2,
        "usages": 20
    },
    "100069566232037": {
        "day": 2,
        "usages": 20
    },
    "100069609686550": {
        "day": 2,
        "usages": 20
    },
    "100069977137106": {
        "day": 2,
        "usages": 20
    },
    "100070074516690": {
        "day": 2,
        "usages": 20
    },
    "100070830775862": {
        "day": 2,
        "usages": 20
    },
    "100070964910388": {
        "day": 2,
        "usages": 20
    },
    "100071112703287": {
        "day": 2,
        "usages": 20
    },
    "100071421133915": {
        "day": 2,
        "usages": 20
    },
    "100071593821694": {
        "day": 2,
        "usages": 20
    },
    "100071937930638": {
        "day": 2,
        "usages": 20
    },
    "100072240101727": {
        "day": 2,
        "usages": 20
    },
    "100072378500881": {
        "day": 2,
        "usages": 20
    },
    "100072427699795": {
        "day": 2,
        "usages": 20
    },
    "100072515815463": {
        "day": 2,
        "usages": 20
    },
    "100072663681443": {
        "day": 2,
        "usages": 20
    },
    "100073040904022": {
        "day": 2,
        "usages": 20
    },
    "100073336127003": {
        "day": 2,
        "usages": 20
    },
    "100073342192730": {
        "day": 2,
        "usages": 20
    },
    "100073530937482": {
        "day": 2,
        "usages": 20
    },
    "100074168658131": {
        "day": 2,
        "usages": 20
    },
    "100074255955679": {
        "day": 2,
        "usages": 20
    },
    "100074317763901": {
        "day": 2,
        "usages": 20
    },
    "100074516323294": {
        "day": 2,
        "usages": 20
    },
    "100074609142222": {
        "day": 2,
        "usages": 20
    },
    "100074679993674": {
        "day": 2,
        "usages": 20
    },
    "100075059940938": {
        "day": 2,
        "usages": 20
    },
    "100075469874885": {
        "day": 2,
        "usages": 20
    },
    "100075520922322": {
        "day": 2,
        "usages": 20
    },
    "100075702822547": {
        "day": 2,
        "usages": 20
    },
    "100076419153913": {
        "day": 2,
        "usages": 20
    },
    "100076567211429": {
        "day": 2,
        "usages": 20
    },
    "100077023531391": {
        "day": 2,
        "usages": 20
    },
    "100077046134608": {
        "day": 2,
        "usages": 20
    },
    "100077384265078": {
        "day": 2,
        "usages": 20
    },
    "100077780283819": {
        "day": 2,
        "usages": 20
    },
    "100077965361075": {
        "day": 2,
        "usages": 20
    },
    "100078022336329": {
        "day": 2,
        "usages": 20
    },
    "100078242520611": {
        "day": 2,
        "usages": 20
    },
    "100078270799412": {
        "day": 2,
        "usages": 20
    },
    "100078387612460": {
        "day": 2,
        "usages": 20
    },
    "100078388822237": {
        "day": 2,
        "usages": 20
    },
    "100078634677558": {
        "day": 2,
        "usages": 20
    },
    "100078680032546": {
        "day": 2,
        "usages": 20
    },
    "100078697544766": {
        "day": 2,
        "usages": 20
    },
    "100078732461588": {
        "day": 2,
        "usages": 20
    },
    "100078760987397": {
        "day": 2,
        "usages": 20
    },
    "100078764165506": {
        "day": 2,
        "usages": 20
    },
    "100078821550361": {
        "day": 2,
        "usages": 20
    },
    "100078840100311": {
        "day": 2,
        "usages": 20
    },
    "100078870374611": {
        "day": 2,
        "usages": 20
    },
    "100078910081537": {
        "day": 2,
        "usages": 20
    },
    "100079008819660": {
        "day": 2,
        "usages": 20
    },
    "100079192272388": {
        "day": 2,
        "usages": 20
    },
    "100079212584232": {
        "day": 2,
        "usages": 20
    },
    "100079227099711": {
        "day": 2,
        "usages": 20
    },
    "100079485360674": {
        "day": 2,
        "usages": 20
    },
    "100070904883491": {
        "day": 6,
        "usages": 18
    },
    "100064706003555": {
        "day": 2,
        "usages": 19
    },
    "100040996562558": {
        "day": 4,
        "usages": 19
    },
    "100067471345573": {
        "day": 3,
        "usages": 320
    },
    "100050725639464": {
        "day": 0,
        "usages": 18
    },
    "100070617914958": {
        "day": 1,
        "usages": 20
    },
    "100075053871802": {
        "day": 4,
        "usages": 19
    },
    "100078486162032": {
        "day": 3,
        "usages": 19
    },
    "100078642174814": {
        "day": 3,
        "usages": 17
    },
    "100076412161038": {
        "day": 3,
        "usages": 20
    },
    "100067519000979": {
        "day": 3,
        "usages": 15
    },
    "100017792237704": {
        "day": 1,
        "usages": 35
    },
    "100072838445322": {
        "day": 3,
        "usages": 20
    },
    "100055000279740": {
        "day": 4,
        "usages": 17
    },
    "100068851706320": {
        "day": 4,
        "usages": 18
    },
    "100057805995605": {
        "day": 4,
        "usages": 18
    },
    "100078983588994": {
        "day": 3,
        "usages": 20
    },
    "100039259192718": {
        "day": 3,
        "usages": 0
    },
    "100059406421208": {
        "day": 0,
        "usages": 18
    },
    "100073470609381": {
        "day": 3,
        "usages": 35
    },
    "100079279091454": {
        "day": 3,
        "usages": 20
    },
    "100052137129503": {
        "day": 4,
        "usages": 17
    },
    "100078945104840": {
        "day": 4,
        "usages": 20
    },
    "100056570602031": {
        "day": 4,
        "usages": 40
    },
    "100027814930792": {
        "day": 4,
        "usages": 19
    },
    "100078594674469": {
        "day": 1,
        "usages": 19
    },
    "100079322560345": {
        "day": 3,
        "usages": 15
    },
    "100056067710828": {
        "day": 4,
        "usages": 20
    },
    "100076199296829": {
        "day": 4,
        "usages": 16
    },
    "100051399511508": {
        "day": 4,
        "usages": 2
    },
    "100071838292112": {
        "day": 4,
        "usages": 16
    },
    "100073992459826": {
        "day": 4,
        "usages": 32
    },
    "100074038730608": {
        "day": 4,
        "usages": 13
    },
    "100054735831800": {
        "day": 4,
        "usages": 26
    },
    "100073026172483": {
        "day": 4,
        "usages": 19
    },
    "100076016097606": {
        "day": 4,
        "usages": 20
    },
    "100054719136668": {
        "day": 5,
        "usages": 18
    },
    "100077938015032": {
        "day": 4,
        "usages": 19
    },
    "100060653573498": {
        "day": 3,
        "usages": 36
    },
    "100077639460387": {
        "day": 0,
        "usages": 19
    },
    "100068469912330": {
        "day": 5,
        "usages": 16
    },
    "100066112994152": {
        "day": 3,
        "usages": 29
    },
    "100053807911822": {
        "day": 3,
        "usages": 39
    },
    "100065148349726": {
        "day": 3,
        "usages": 29
    },
    "100074153737467": {
        "day": 4,
        "usages": 20
    },
    "100039654562894": {
        "day": 2,
        "usages": 14
    },
    "100037451790547": {
        "day": 5,
        "usages": 19
    },
    "100060912985463": {
        "day": 5,
        "usages": 20
    },
    "100055339812509": {
        "day": 3,
        "usages": 18
    },
    "100052766165568": {
        "day": 5,
        "usages": 5
    },
    "100054109912793": {
        "day": 2,
        "usages": 37
    },
    "100069782255675": {
        "day": 5,
        "usages": 20
    },
    "100077495047325": {
        "day": 5,
        "usages": 20
    },
    "100029583574052": {
        "day": 5,
        "usages": 15
    },
    "100073277689496": {
        "day": 6,
        "usages": 18
    },
    "100079566125252": {
        "day": 6,
        "usages": 38
    },
    "100064063899917": {
        "day": 3,
        "usages": 39
    },
    "100012096854246": {
        "day": 5,
        "usages": 20
    },
    "100016939393818": {
        "day": 5,
        "usages": 20
    },
    "100023043254275": {
        "day": 5,
        "usages": 20
    },
    "100040206602747": {
        "day": 5,
        "usages": 20
    },
    "100045410385012": {
        "day": 5,
        "usages": 20
    },
    "100052303103315": {
        "day": 5,
        "usages": 20
    },
    "100053836140772": {
        "day": 0,
        "usages": 19
    },
    "100054634219351": {
        "day": 5,
        "usages": 20
    },
    "100055468839882": {
        "day": 1,
        "usages": 19
    },
    "100057119391020": {
        "day": 5,
        "usages": 20
    },
    "100057360514600": {
        "day": 4,
        "usages": 19
    },
    "100057708363998": {
        "day": 5,
        "usages": 20
    },
    "100060875831181": {
        "day": 5,
        "usages": 20
    },
    "100061012460772": {
        "day": 5,
        "usages": 20
    },
    "100061225203828": {
        "day": 3,
        "usages": 19
    },
    "100063082995727": {
        "day": 5,
        "usages": 20
    },
    "100063146991139": {
        "day": 5,
        "usages": 20
    },
    "100063737295393": {
        "day": 0,
        "usages": 4
    },
    "100063957544768": {
        "day": 1,
        "usages": 13
    },
    "100065278722353": {
        "day": 5,
        "usages": 20
    },
    "100065430595643": {
        "day": 5,
        "usages": 20
    },
    "100065564825854": {
        "day": 5,
        "usages": 20
    },
    "100068212054324": {
        "day": 0,
        "usages": 18
    },
    "100070240339467": {
        "day": 1,
        "usages": 20
    },
    "100071320823164": {
        "day": 5,
        "usages": 20
    },
    "100071421030288": {
        "day": 5,
        "usages": 20
    },
    "100071788031985": {
        "day": 5,
        "usages": 20
    },
    "100072067633896": {
        "day": 5,
        "usages": 20
    },
    "100072155089548": {
        "day": 4,
        "usages": 19
    },
    "100072235640660": {
        "day": 0,
        "usages": 15
    },
    "100072668443693": {
        "day": 1,
        "usages": 19
    },
    "100072786433117": {
        "day": 5,
        "usages": 20
    },
    "100073104469555": {
        "day": 5,
        "usages": 20
    },
    "100073355312106": {
        "day": 5,
        "usages": 20
    },
    "100074116164376": {
        "day": 5,
        "usages": 20
    },
    "100074258377399": {
        "day": 5,
        "usages": 20
    },
    "100074312392411": {
        "day": 5,
        "usages": 20
    },
    "100074618841992": {
        "day": 5,
        "usages": 20
    },
    "100074876572271": {
        "day": 5,
        "usages": 20
    },
    "100075294998941": {
        "day": 5,
        "usages": 20
    },
    "100075694522058": {
        "day": 5,
        "usages": 20
    },
    "100075737533272": {
        "day": 5,
        "usages": 20
    },
    "100076578502830": {
        "day": 5,
        "usages": 20
    },
    "100077033184266": {
        "day": 5,
        "usages": 20
    },
    "100077254723445": {
        "day": 5,
        "usages": 20
    },
    "100077347674069": {
        "day": 5,
        "usages": 20
    },
    "100077569883818": {
        "day": 5,
        "usages": 20
    },
    "100077755660866": {
        "day": 5,
        "usages": 20
    },
    "100078054068974": {
        "day": 0,
        "usages": 14
    },
    "100078250365303": {
        "day": 5,
        "usages": 20
    },
    "100078897416762": {
        "day": 0,
        "usages": 19
    },
    "100078997906852": {
        "day": 5,
        "usages": 20
    },
    "100024624939803": {
        "day": 5,
        "usages": 20
    },
    "100033581510564": {
        "day": 5,
        "usages": 20
    },
    "100053365875371": {
        "day": 3,
        "usages": 19
    },
    "100073603952268": {
        "day": 5,
        "usages": 20
    },
    "100001181429039": {
        "day": 3,
        "usages": 19
    },
    "100069853946717": {
        "day": 3,
        "usages": 18
    },
    "100069788577140": {
        "day": 6,
        "usages": 20
    },
    "100052301388122": {
        "day": 2,
        "usages": 38
    },
    "100064266272210": {
        "day": 6,
        "usages": 17
    },
    "100042176985003": {
        "day": 3,
        "usages": 40
    },
    "100079056437961": {
        "day": 0,
        "usages": 27
    },
    "100074949970891": {
        "day": 4,
        "usages": 6
    },
    "100043231302464": {
        "day": 4,
        "usages": 18
    },
    "100062494219580": {
        "day": 1,
        "usages": 19
    },
    "100078665093420": {
        "day": 2,
        "usages": 26
    },
    "100053483511778": {
        "day": 6,
        "usages": 18
    },
    "100065609521948": {
        "day": 6,
        "usages": 19
    },
    "100073397540726": {
        "day": 0,
        "usages": 19
    },
    "100076176497985": {
        "day": 1,
        "usages": 8
    },
    "100078894811189": {
        "day": 1,
        "usages": 7
    },
    "100075924515108": {
        "day": 0,
        "usages": 6
    },
    "100072151243913": {
        "day": 3,
        "usages": 18
    },
    "100059026367233": {
        "day": 1,
        "usages": 16
    },
    "100062369478354": {
        "day": 0,
        "usages": 19
    },
    "100074968882940": {
        "day": 0,
        "usages": 20
    },
    "100074629042103": {
        "day": 3,
        "usages": 20
    },
    "100079538168089": {
        "day": 4,
        "usages": 19
    },
    "100068142011281": {
        "day": 2,
        "usages": 18
    },
    "100061891156986": {
        "day": 0,
        "usages": 19
    },
    "100057049356774": {
        "day": 0,
        "usages": 20
    },
    "100066345311661": {
        "day": 2,
        "usages": 40
    },
    "100079326284648": {
        "day": 3,
        "usages": 60
    },
    "100044428329596": {
        "day": 1,
        "usages": 7
    },
    "100078417726903": {
        "day": 0,
        "usages": 14
    },
    "100073426666913": {
        "day": 0,
        "usages": 19
    },
    "100079103177434": {
        "day": 1,
        "usages": 27
    },
    "100046704980447": {
        "day": 0,
        "usages": 19
    },
    "100076606939443": {
        "day": 1,
        "usages": 14
    },
    "100060936421012": {
        "day": 1,
        "usages": 17
    },
    "100052986631735": {
        "day": 1,
        "usages": 19
    },
    "100060999220638": {
        "day": 1,
        "usages": 10
    },
    "100076668444883": {
        "day": 0,
        "usages": 19
    },
    "100022479946406": {
        "day": 0,
        "usages": 20
    },
    "100041565647175": {
        "day": 0,
        "usages": 20
    },
    "100047225210867": {
        "day": 0,
        "usages": 20
    },
    "100049593330372": {
        "day": 0,
        "usages": 20
    },
    "100067833115629": {
        "day": 0,
        "usages": 20
    },
    "100069053410716": {
        "day": 0,
        "usages": 20
    },
    "100069197636793": {
        "day": 4,
        "usages": 1
    },
    "100069928255444": {
        "day": 0,
        "usages": 20
    },
    "100076116086155": {
        "day": 0,
        "usages": 20
    },
    "100078242752187": {
        "day": 0,
        "usages": 20
    },
    "100071854673561": {
        "day": 0,
        "usages": 23
    },
    "100069651603805": {
        "day": 1,
        "usages": 18
    },
    "100078016047859": {
        "day": 0,
        "usages": 17
    },
    "100051412270503": {
        "day": 4,
        "usages": 18
    },
    "100035051168944": {
        "day": 4,
        "usages": 17
    },
    "100074156839173": {
        "day": 0,
        "usages": 20
    },
    "100078425830867": {
        "day": 0,
        "usages": 17
    },
    "100035799917735": {
        "day": 4,
        "usages": 14
    },
    "100079478741488": {
        "day": 1,
        "usages": 20
    },
    "100000906873548": {
        "day": 1,
        "usages": 20
    },
    "100022076778553": {
        "day": 1,
        "usages": 20
    },
    "100026856723393": {
        "day": 1,
        "usages": 20
    },
    "100034575435770": {
        "day": 1,
        "usages": 20
    },
    "100036663364554": {
        "day": 1,
        "usages": 20
    },
    "100037640897153": {
        "day": 1,
        "usages": 20
    },
    "100043050939056": {
        "day": 1,
        "usages": 20
    },
    "100044222710759": {
        "day": 1,
        "usages": 20
    },
    "100046559233181": {
        "day": 1,
        "usages": 20
    },
    "100048436329110": {
        "day": 1,
        "usages": 18
    },
    "100049874081087": {
        "day": 1,
        "usages": 20
    },
    "100050673473707": {
        "day": 1,
        "usages": 20
    },
    "100051881950224": {
        "day": 1,
        "usages": 20
    },
    "100053393386204": {
        "day": 1,
        "usages": 20
    },
    "100053535871450": {
        "day": 1,
        "usages": 20
    },
    "100053643416225": {
        "day": 1,
        "usages": 20
    },
    "100054368977040": {
        "day": 1,
        "usages": 20
    },
    "100056111710361": {
        "day": 1,
        "usages": 20
    },
    "100057095293426": {
        "day": 1,
        "usages": 20
    },
    "100057153774516": {
        "day": 1,
        "usages": 20
    },
    "100059939571234": {
        "day": 1,
        "usages": 20
    },
    "100060243768683": {
        "day": 1,
        "usages": 20
    },
    "100061292145708": {
        "day": 1,
        "usages": 20
    },
    "100061637697059": {
        "day": 1,
        "usages": 20
    },
    "100061697692618": {
        "day": 1,
        "usages": 20
    },
    "100063642181947": {
        "day": 1,
        "usages": 20
    },
    "100065046813159": {
        "day": 1,
        "usages": 20
    },
    "100065506390520": {
        "day": 1,
        "usages": 20
    },
    "100066715215218": {
        "day": 1,
        "usages": 20
    },
    "100066991510035": {
        "day": 1,
        "usages": 20
    },
    "100067154573735": {
        "day": 1,
        "usages": 20
    },
    "100067819966199": {
        "day": 1,
        "usages": 20
    },
    "100069149840615": {
        "day": 1,
        "usages": 20
    },
    "100069297147015": {
        "day": 1,
        "usages": 20
    },
    "100069549108331": {
        "day": 4,
        "usages": 19
    },
    "100070044750993": {
        "day": 1,
        "usages": 20
    },
    "100070453996901": {
        "day": 1,
        "usages": 20
    },
    "100070472182971": {
        "day": 1,
        "usages": 20
    },
    "100070634482004": {
        "day": 1,
        "usages": 20
    },
    "100071180743625": {
        "day": 1,
        "usages": 20
    },
    "100072591487729": {
        "day": 1,
        "usages": 20
    },
    "100074253090779": {
        "day": 1,
        "usages": 20
    },
    "100074620653687": {
        "day": 1,
        "usages": 20
    },
    "100075829753829": {
        "day": 1,
        "usages": 20
    },
    "100075846971797": {
        "day": 1,
        "usages": 20
    },
    "100076210578245": {
        "day": 1,
        "usages": 20
    },
    "100076214791026": {
        "day": 1,
        "usages": 20
    },
    "100076261364021": {
        "day": 1,
        "usages": 20
    },
    "100076479002145": {
        "day": 1,
        "usages": 20
    },
    "100076624466724": {
        "day": 1,
        "usages": 20
    },
    "100076730124583": {
        "day": 1,
        "usages": 20
    },
    "100077100727758": {
        "day": 1,
        "usages": 20
    },
    "100077124953795": {
        "day": 1,
        "usages": 20
    },
    "100077226477155": {
        "day": 1,
        "usages": 20
    },
    "100077456232775": {
        "day": 1,
        "usages": 20
    },
    "100077696696860": {
        "day": 1,
        "usages": 20
    },
    "100077721341357": {
        "day": 1,
        "usages": 20
    },
    "100078194379072": {
        "day": 4,
        "usages": 6
    },
    "100078860573040": {
        "day": 1,
        "usages": 20
    },
    "100078890887377": {
        "day": 1,
        "usages": 20
    },
    "100078966595699": {
        "day": 1,
        "usages": 20
    },
    "100079497882704": {
        "day": 1,
        "usages": 20
    },
    "100079629753942": {
        "day": 1,
        "usages": 20
    },
    "100073760421622": {
        "day": 1,
        "usages": 7
    },
    "100054823274822": {
        "day": 1,
        "usages": 19
    },
    "100074340384807": {
        "day": 1,
        "usages": 19
    },
    "100041325430428": {
        "day": 2,
        "usages": 18
    },
    "100057084137682": {
        "day": 1,
        "usages": 19
    },
    "100072455221518": {
        "day": 2,
        "usages": 19
    },
    "100014718540482": {
        "day": 1,
        "usages": 18
    },
    "100045891853907": {
        "day": 1,
        "usages": 19
    },
    "100078457775135": {
        "day": 4,
        "usages": 15
    },
    "100069724449535": {
        "day": 4,
        "usages": 20
    },
    "100072744740341": {
        "day": 4,
        "usages": 1
    },
    "100041073090127": {
        "day": 1,
        "usages": 20
    },
    "100042416233998": {
        "day": 1,
        "usages": 19
    },
    "100057053943693": {
        "day": 4,
        "usages": 19
    },
    "100077357203820": {
        "day": 3,
        "usages": 1
    },
    "100013600386977": {
        "day": 4,
        "usages": 12
    },
    "100076065884970": {
        "day": 1,
        "usages": 18
    },
    "100078726338010": {
        "day": 1,
        "usages": 14
    },
    "100075807817455": {
        "day": 2,
        "usages": 15
    },
    "100053569354202": {
        "day": 4,
        "usages": 7
    },
    "100055010635771": {
        "day": 1,
        "usages": 18
    },
    "100071874914249": {
        "day": 1,
        "usages": 19
    },
    "100052946646003": {
        "day": 4,
        "usages": 18
    },
    "100072689002999": {
        "day": 4,
        "usages": 0
    },
    "100078522622945": {
        "day": 4,
        "usages": 19
    },
    "100072054378510": {
        "day": 3,
        "usages": 87
    },
    "100020606240680": {
        "day": 1,
        "usages": 19
    },
    "100077575872166": {
        "day": 3,
        "usages": 4
    },
    "100075577719745": {
        "day": 3,
        "usages": 18
    },
    "100078686268712": {
        "day": 1,
        "usages": 18
    },
    "100041787456287": {
        "day": 2,
        "usages": 13
    },
    "100076932505512": {
        "day": 3,
        "usages": 19
    },
    "100069102894690": {
        "day": 4,
        "usages": 18
    },
    "100063843285950": {
        "day": 4,
        "usages": 19
    },
    "100072003212305": {
        "day": 4,
        "usages": 8
    },
    "100049783900917": {
        "day": 4,
        "usages": 19
    },
    "100053035752416": {
        "day": 2,
        "usages": 19
    },
    "100042815599034": {
        "day": 4,
        "usages": 19
    },
    "100063611749475": {
        "day": 3,
        "usages": 6
    },
    "100045229223326": {
        "day": 2,
        "usages": 19
    },
    "100057198107899": {
        "day": 3,
        "usages": 0
    },
    "100051670250177": {
        "day": 2,
        "usages": 17
    },
    "100030861257549": {
        "day": 2,
        "usages": 18
    },
    "100064161438092": {
        "day": 2,
        "usages": 18
    },
    "100027220547711": {
        "day": 2,
        "usages": 20
    },
    "100055518223072": {
        "day": 4,
        "usages": 14
    },
    "100058420097907": {
        "day": 2,
        "usages": 20
    },
    "100065480405807": {
        "day": 4,
        "usages": 12
    },
    "100066333330184": {
        "day": 4,
        "usages": 87
    },
    "100066735222319": {
        "day": 3,
        "usages": 20
    },
    "100070665776307": {
        "day": 3,
        "usages": 19
    },
    "100063820522084": {
        "day": 3,
        "usages": 19
    },
    "100060482199087": {
        "day": 3,
        "usages": 19
    },
    "100077418534647": {
        "day": 3,
        "usages": 19
    },
    "100073397274563": {
        "day": 4,
        "usages": 18
    },
    "100079184493983": {
        "day": 3,
        "usages": 19
    },
    "100076433890502": {
        "day": 4,
        "usages": 17
    },
    "100051629134864": {
        "day": 3,
        "usages": 18
    },
    "100066372790483": {
        "day": 3,
        "usages": 16
    },
    "100071050040920": {
        "day": 4,
        "usages": 7
    },
    "100040922916153": {
        "day": 3,
        "usages": 20
    },
    "100066772844215": {
        "day": 3,
        "usages": 16
    },
    "100070658350870": {
        "day": 3,
        "usages": 14
    },
    "100074541476383": {
        "day": 3,
        "usages": 20
    },
    "100071310533229": {
        "day": 3,
        "usages": 20
    },
    "100072623696302": {
        "day": 3,
        "usages": 18
    },
    "100074502684425": {
        "day": 3,
        "usages": 20
    },
    "100054456875205": {
        "day": 3,
        "usages": 19
    },
    "100076629699748": {
        "day": 3,
        "usages": 18
    },
    "100050617745987": {
        "day": 3,
        "usages": 19
    },
    "100048955492552": {
        "day": 4,
        "usages": 13
    },
    "100064177022614": {
        "day": 3,
        "usages": 5
    },
    "100079222984429": {
        "day": 3,
        "usages": 7
    },
    "100070385344314": {
        "day": 4,
        "usages": 16
    },
    "100029314300384": {
        "day": 3,
        "usages": 18
    },
    "100054491144010": {
        "day": 4,
        "usages": 15
    },
    "100075440746036": {
        "day": 3,
        "usages": 19
    },
    "100034072336561": {
        "day": 4,
        "usages": 19
    },
    "100072943116397": {
        "day": 4,
        "usages": 15
    },
    "100068978195175": {
        "day": 4,
        "usages": 14
    },
    "100053584237222": {
        "day": 4,
        "usages": 20
    },
    "100045615850440": {
        "day": 4,
        "usages": 19
    },
    "100075988350264": {
        "day": 4,
        "usages": 17
    },
    "100058967317243": {
        "day": 4,
        "usages": 13
    },
    "100063152354940": {
        "day": 4,
        "usages": 19
    },
    "100067065921245": {
        "day": 4,
        "usages": 19
    },
    "100079264522543": {
        "day": 4,
        "usages": 14
    },
    "100078963387977": {
        "day": 4,
        "usages": 18
    },
    "100061393847823": {
        "day": 4,
        "usages": 19
    },
    "100066724686714": {
        "day": 4,
        "usages": 19
    },
    "100063502340377": {
        "day": 4,
        "usages": 11
    },
    "100062883515461": {
        "day": 4,
        "usages": 12
    },
    "100028459110861": {
        "day": 4,
        "usages": 19
    },
    "100050994379922": {
        "day": 4,
        "usages": 20
    },
    "100038224274486": {
        "day": 4,
        "usages": 19
    },
    "100008133304113": {
        "day": 5,
        "usages": 20
    },
    "100019003941053": {
        "day": 5,
        "usages": 20
    },
    "100027116183733": {
        "day": 5,
        "usages": 20
    },
    "100031325092984": {
        "day": 5,
        "usages": 20
    },
    "100032576897625": {
        "day": 5,
        "usages": 20
    },
    "100033790563592": {
        "day": 5,
        "usages": 20
    },
    "100034089068298": {
        "day": 5,
        "usages": 20
    },
    "100034803374871": {
        "day": 5,
        "usages": 20
    },
    "100034983984289": {
        "day": 5,
        "usages": 20
    },
    "100036159621867": {
        "day": 5,
        "usages": 20
    },
    "100036692862772": {
        "day": 5,
        "usages": 20
    },
    "100038423792428": {
        "day": 5,
        "usages": 20
    },
    "100039162155801": {
        "day": 5,
        "usages": 20
    },
    "100039655470048": {
        "day": 5,
        "usages": 20
    },
    "100041136113565": {
        "day": 5,
        "usages": 20
    },
    "100041361670179": {
        "day": 5,
        "usages": 20
    },
    "100042121882923": {
        "day": 5,
        "usages": 20
    },
    "100043174992792": {
        "day": 5,
        "usages": 20
    },
    "100043358150554": {
        "day": 5,
        "usages": 20
    },
    "100043787778182": {
        "day": 5,
        "usages": 20
    },
    "100044198000682": {
        "day": 5,
        "usages": 20
    },
    "100044618568571": {
        "day": 5,
        "usages": 20
    },
    "100044752410108": {
        "day": 5,
        "usages": 20
    },
    "100045597219429": {
        "day": 5,
        "usages": 20
    },
    "100046023561296": {
        "day": 5,
        "usages": 20
    },
    "100046080723629": {
        "day": 5,
        "usages": 20
    },
    "100046937766746": {
        "day": 5,
        "usages": 20
    },
    "100047889762115": {
        "day": 5,
        "usages": 20
    },
    "100048142553606": {
        "day": 5,
        "usages": 20
    },
    "100048423553592": {
        "day": 5,
        "usages": 20
    },
    "100049197557032": {
        "day": 5,
        "usages": 20
    },
    "100049645596482": {
        "day": 5,
        "usages": 20
    },
    "100049671124368": {
        "day": 5,
        "usages": 20
    },
    "100049774839743": {
        "day": 5,
        "usages": 20
    },
    "100050749493302": {
        "day": 5,
        "usages": 20
    },
    "100050906831644": {
        "day": 5,
        "usages": 20
    },
    "100051661026783": {
        "day": 5,
        "usages": 20
    },
    "100052337585973": {
        "day": 5,
        "usages": 20
    },
    "100052598334382": {
        "day": 5,
        "usages": 20
    },
    "100053547769317": {
        "day": 5,
        "usages": 20
    },
    "100053630136626": {
        "day": 5,
        "usages": 20
    },
    "100053802732495": {
        "day": 5,
        "usages": 20
    },
    "100053834312673": {
        "day": 5,
        "usages": 20
    },
    "100054326996389": {
        "day": 5,
        "usages": 20
    },
    "100054341054066": {
        "day": 5,
        "usages": 20
    },
    "100054585214431": {
        "day": 5,
        "usages": 20
    },
    "100054653133463": {
        "day": 5,
        "usages": 20
    },
    "100055201596964": {
        "day": 5,
        "usages": 20
    },
    "100055265941769": {
        "day": 5,
        "usages": 20
    },
    "100055319817074": {
        "day": 5,
        "usages": 20
    },
    "100055734949101": {
        "day": 5,
        "usages": 20
    },
    "100057002490049": {
        "day": 5,
        "usages": 20
    },
    "100057084534113": {
        "day": 5,
        "usages": 20
    },
    "100057197802979": {
        "day": 5,
        "usages": 20
    },
    "100057722924211": {
        "day": 5,
        "usages": 20
    },
    "100057907539976": {
        "day": 5,
        "usages": 40
    },
    "100058022442202": {
        "day": 5,
        "usages": 20
    },
    "100058875728965": {
        "day": 5,
        "usages": 20
    },
    "100059814716705": {
        "day": 5,
        "usages": 20
    },
    "100059919340972": {
        "day": 5,
        "usages": 20
    },
    "100059985745833": {
        "day": 5,
        "usages": 20
    },
    "100060730015833": {
        "day": 5,
        "usages": 20
    },
    "100060791513117": {
        "day": 5,
        "usages": 20
    },
    "100060848018782": {
        "day": 5,
        "usages": 20
    },
    "100061314024695": {
        "day": 5,
        "usages": 20
    },
    "100061439695096": {
        "day": 5,
        "usages": 20
    },
    "100061941006429": {
        "day": 5,
        "usages": 20
    },
    "100062818419428": {
        "day": 5,
        "usages": 20
    },
    "100063887854961": {
        "day": 5,
        "usages": 20
    },
    "100063892386529": {
        "day": 5,
        "usages": 20
    },
    "100063910625080": {
        "day": 5,
        "usages": 20
    },
    "100064391680582": {
        "day": 5,
        "usages": 20
    },
    "100064670361713": {
        "day": 5,
        "usages": 20
    },
    "100064754202510": {
        "day": 5,
        "usages": 20
    },
    "100064818106515": {
        "day": 5,
        "usages": 20
    },
    "100064977664263": {
        "day": 5,
        "usages": 20
    },
    "100065304457694": {
        "day": 5,
        "usages": 20
    },
    "100066372987213": {
        "day": 5,
        "usages": 20
    },
    "100066497841666": {
        "day": 5,
        "usages": 20
    },
    "100066612322898": {
        "day": 5,
        "usages": 20
    },
    "100066658689379": {
        "day": 5,
        "usages": 20
    },
    "100066870398064": {
        "day": 5,
        "usages": 20
    },
    "100066976050267": {
        "day": 5,
        "usages": 20
    },
    "100067738670066": {
        "day": 5,
        "usages": 20
    },
    "100067884013436": {
        "day": 5,
        "usages": 20
    },
    "100067960189299": {
        "day": 5,
        "usages": 20
    },
    "100067974781487": {
        "day": 5,
        "usages": 20
    },
    "100068039162980": {
        "day": 5,
        "usages": 20
    },
    "100068270543157": {
        "day": 5,
        "usages": 20
    },
    "100068456057139": {
        "day": 5,
        "usages": 20
    },
    "100068752480096": {
        "day": 5,
        "usages": 20
    },
    "100069056633556": {
        "day": 5,
        "usages": 40
    },
    "100069298725970": {
        "day": 5,
        "usages": 20
    },
    "100069729110384": {
        "day": 5,
        "usages": 20
    },
    "100069795706315": {
        "day": 5,
        "usages": 20
    },
    "100069938501377": {
        "day": 5,
        "usages": 20
    },
    "100070070381587": {
        "day": 5,
        "usages": 20
    },
    "100070515451739": {
        "day": 5,
        "usages": 20
    },
    "100070826651715": {
        "day": 5,
        "usages": 20
    },
    "100070915175436": {
        "day": 5,
        "usages": 20
    },
    "100071043370346": {
        "day": 5,
        "usages": 20
    },
    "100071061330588": {
        "day": 5,
        "usages": 20
    },
    "100071062267652": {
        "day": 5,
        "usages": 20
    },
    "100071361797226": {
        "day": 5,
        "usages": 20
    },
    "100071459751565": {
        "day": 5,
        "usages": 20
    },
    "100071494612675": {
        "day": 5,
        "usages": 20
    },
    "100071713251097": {
        "day": 5,
        "usages": 20
    },
    "100071909380296": {
        "day": 5,
        "usages": 20
    },
    "100071968010330": {
        "day": 5,
        "usages": 20
    },
    "100072145145146": {
        "day": 5,
        "usages": 20
    },
    "100072175821126": {
        "day": 5,
        "usages": 20
    },
    "100072283704486": {
        "day": 5,
        "usages": 20
    },
    "100072320246641": {
        "day": 5,
        "usages": 20
    },
    "100072413117499": {
        "day": 5,
        "usages": 20
    },
    "100072454281160": {
        "day": 5,
        "usages": 20
    },
    "100072517571299": {
        "day": 5,
        "usages": 20
    },
    "100072522345503": {
        "day": 5,
        "usages": 20
    },
    "100072554360558": {
        "day": 5,
        "usages": 20
    },
    "100072581121246": {
        "day": 5,
        "usages": 20
    },
    "100072855900821": {
        "day": 5,
        "usages": 20
    },
    "100072954825524": {
        "day": 5,
        "usages": 20
    },
    "100073002603093": {
        "day": 5,
        "usages": 20
    },
    "100073012971361": {
        "day": 5,
        "usages": 20
    },
    "100073304603476": {
        "day": 5,
        "usages": 20
    },
    "100073380005353": {
        "day": 5,
        "usages": 20
    },
    "100073388936550": {
        "day": 5,
        "usages": 20
    },
    "100073472441012": {
        "day": 5,
        "usages": 20
    },
    "100073605161207": {
        "day": 5,
        "usages": 20
    },
    "100073756181019": {
        "day": 5,
        "usages": 20
    },
    "100073839609228": {
        "day": 5,
        "usages": 20
    },
    "100073925358630": {
        "day": 5,
        "usages": 20
    },
    "100073965596374": {
        "day": 5,
        "usages": 20
    },
    "100074082541878": {
        "day": 5,
        "usages": 20
    },
    "100074158226346": {
        "day": 5,
        "usages": 20
    },
    "100074171535153": {
        "day": 5,
        "usages": 20
    },
    "100074250455658": {
        "day": 5,
        "usages": 20
    },
    "100074276714575": {
        "day": 5,
        "usages": 40
    },
    "100074286986800": {
        "day": 5,
        "usages": 20
    },
    "100074329626110": {
        "day": 5,
        "usages": 20
    },
    "100074390565804": {
        "day": 5,
        "usages": 20
    },
    "100074782460542": {
        "day": 5,
        "usages": 20
    },
    "100074862608440": {
        "day": 5,
        "usages": 20
    },
    "100074873875827": {
        "day": 5,
        "usages": 20
    },
    "100075090555902": {
        "day": 5,
        "usages": 20
    },
    "100075112375082": {
        "day": 5,
        "usages": 20
    },
    "100075236732340": {
        "day": 5,
        "usages": 20
    },
    "100075267851726": {
        "day": 5,
        "usages": 20
    },
    "100075269634398": {
        "day": 5,
        "usages": 20
    },
    "100075302512810": {
        "day": 5,
        "usages": 20
    },
    "100075310492186": {
        "day": 5,
        "usages": 20
    },
    "100075397999579": {
        "day": 5,
        "usages": 20
    },
    "100075466574313": {
        "day": 5,
        "usages": 20
    },
    "100075469988600": {
        "day": 5,
        "usages": 20
    },
    "100075483424210": {
        "day": 5,
        "usages": 20
    },
    "100075532492642": {
        "day": 5,
        "usages": 20
    },
    "100075615685158": {
        "day": 5,
        "usages": 20
    },
    "100075679747636": {
        "day": 5,
        "usages": 20
    },
    "100075759229001": {
        "day": 5,
        "usages": 20
    },
    "100075794793222": {
        "day": 5,
        "usages": 20
    },
    "100075801133153": {
        "day": 5,
        "usages": 20
    },
    "100075988296191": {
        "day": 5,
        "usages": 20
    },
    "100075993545351": {
        "day": 5,
        "usages": 20
    },
    "100075993766879": {
        "day": 5,
        "usages": 20
    },
    "100076000102318": {
        "day": 5,
        "usages": 20
    },
    "100076016055012": {
        "day": 5,
        "usages": 20
    },
    "100076160611477": {
        "day": 5,
        "usages": 20
    },
    "100076179572560": {
        "day": 5,
        "usages": 20
    },
    "100076187520266": {
        "day": 5,
        "usages": 20
    },
    "100076212219135": {
        "day": 5,
        "usages": 20
    },
    "100076298407188": {
        "day": 5,
        "usages": 20
    },
    "100076366751196": {
        "day": 5,
        "usages": 20
    },
    "100076636994196": {
        "day": 5,
        "usages": 20
    },
    "100076675824063": {
        "day": 5,
        "usages": 20
    },
    "100076686480419": {
        "day": 5,
        "usages": 20
    },
    "100076756083890": {
        "day": 5,
        "usages": 20
    },
    "100076942730593": {
        "day": 5,
        "usages": 20
    },
    "100076955864414": {
        "day": 5,
        "usages": 20
    },
    "100076978305589": {
        "day": 5,
        "usages": 20
    },
    "100077115890581": {
        "day": 5,
        "usages": 20
    },
    "100077126581626": {
        "day": 5,
        "usages": 20
    },
    "100077192902683": {
        "day": 5,
        "usages": 20
    },
    "100077210733474": {
        "day": 5,
        "usages": 20
    },
    "100077380774531": {
        "day": 5,
        "usages": 20
    },
    "100077410899888": {
        "day": 5,
        "usages": 20
    },
    "100077456333976": {
        "day": 5,
        "usages": 20
    },
    "100077523764844": {
        "day": 5,
        "usages": 20
    },
    "100077544400675": {
        "day": 5,
        "usages": 20
    },
    "100077563296311": {
        "day": 5,
        "usages": 20
    },
    "100077566160778": {
        "day": 5,
        "usages": 20
    },
    "100077632592880": {
        "day": 5,
        "usages": 20
    },
    "100077635381364": {
        "day": 5,
        "usages": 20
    },
    "100077750494104": {
        "day": 5,
        "usages": 20
    },
    "100077773876958": {
        "day": 5,
        "usages": 20
    },
    "100077940416603": {
        "day": 5,
        "usages": 20
    },
    "100078012903349": {
        "day": 5,
        "usages": 20
    },
    "100078088545303": {
        "day": 5,
        "usages": 20
    },
    "100078124884222": {
        "day": 5,
        "usages": 20
    },
    "100078238659214": {
        "day": 5,
        "usages": 20
    },
    "100078259665568": {
        "day": 5,
        "usages": 20
    },
    "100078377556135": {
        "day": 5,
        "usages": 20
    },
    "100078481920797": {
        "day": 5,
        "usages": 20
    },
    "100078649208919": {
        "day": 5,
        "usages": 20
    },
    "100078695774959": {
        "day": 5,
        "usages": 20
    },
    "100078788162168": {
        "day": 5,
        "usages": 20
    },
    "100078789021489": {
        "day": 5,
        "usages": 20
    },
    "100078828435609": {
        "day": 5,
        "usages": 20
    },
    "100078841141488": {
        "day": 5,
        "usages": 20
    },
    "100078961794034": {
        "day": 5,
        "usages": 20
    },
    "100078967008408": {
        "day": 5,
        "usages": 20
    },
    "100079232854185": {
        "day": 5,
        "usages": 20
    },
    "100011603436595": {
        "day": 1,
        "usages": 40
    },
    "100078345662502": {
        "day": 1,
        "usages": 60
    },
    "100079546824896": {
        "day": 1,
        "usages": 20
    },
    "100024076686520": {
        "day": 2,
        "usages": 20
    },
    "100026188933469": {
        "day": 2,
        "usages": 20
    },
    "100027287380293": {
        "day": 2,
        "usages": 20
    },
    "100043157012479": {
        "day": 2,
        "usages": 20
    },
    "100045564194947": {
        "day": 2,
        "usages": 20
    },
    "100051333849789": {
        "day": 2,
        "usages": 20
    },
    "100052676406681": {
        "day": 2,
        "usages": 20
    },
    "100052964325991": {
        "day": 2,
        "usages": 20
    },
    "100063443934089": {
        "day": 2,
        "usages": 20
    },
    "100065196254466": {
        "day": 2,
        "usages": 20
    },
    "100065318826865": {
        "day": 2,
        "usages": 20
    },
    "100066661886171": {
        "day": 2,
        "usages": 20
    },
    "100066761623898": {
        "day": 2,
        "usages": 20
    },
    "100067023355664": {
        "day": 2,
        "usages": 20
    },
    "100067838149173": {
        "day": 2,
        "usages": 20
    },
    "100068051203025": {
        "day": 2,
        "usages": 20
    },
    "100068870551494": {
        "day": 2,
        "usages": 20
    },
    "100070811763232": {
        "day": 2,
        "usages": 140
    },
    "100072913770695": {
        "day": 2,
        "usages": 20
    },
    "100073275859720": {
        "day": 2,
        "usages": 20
    },
    "100075444093495": {
        "day": 2,
        "usages": 20
    },
    "100075526493229": {
        "day": 2,
        "usages": 20
    },
    "100075531494266": {
        "day": 2,
        "usages": 20
    },
    "100076405969956": {
        "day": 2,
        "usages": 20
    },
    "100077015256908": {
        "day": 2,
        "usages": 20
    },
    "100077173729987": {
        "day": 2,
        "usages": 20
    },
    "100078087984214": {
        "day": 2,
        "usages": 20
    },
    "100078810723693": {
        "day": 2,
        "usages": 20
    },
    "100078971851258": {
        "day": 2,
        "usages": 20
    },
    "100079157317653": {
        "day": 2,
        "usages": 20
    },
    "100079163464898": {
        "day": 2,
        "usages": 20
    },
    "100079221035426": {
        "day": 2,
        "usages": 20
    },
    "100079299649895": {
        "day": 2,
        "usages": 20
    },
    "100079630511416": {
        "day": 2,
        "usages": 20
    },
    "100009740135000": {
        "day": 2,
        "usages": 20
    },
    "100011712397942": {
        "day": 2,
        "usages": 20
    },
    "100012199992153": {
        "day": 2,
        "usages": 20
    },
    "100013942628281": {
        "day": 2,
        "usages": 20
    },
    "100018185582351": {
        "day": 2,
        "usages": 20
    },
    "100023064561299": {
        "day": 2,
        "usages": 20
    },
    "100026754347158": {
        "day": 2,
        "usages": 20
    },
    "100036947774673": {
        "day": 2,
        "usages": 20
    },
    "100039906252924": {
        "day": 2,
        "usages": 20
    },
    "100040984926932": {
        "day": 2,
        "usages": 20
    },
    "100041161539665": {
        "day": 2,
        "usages": 20
    },
    "100041673456896": {
        "day": 2,
        "usages": 20
    },
    "100044411593854": {
        "day": 2,
        "usages": 20
    },
    "100045082283729": {
        "day": 2,
        "usages": 20
    },
    "100045197073985": {
        "day": 2,
        "usages": 20
    },
    "100047541426767": {
        "day": 2,
        "usages": 20
    },
    "100048141041289": {
        "day": 2,
        "usages": 20
    },
    "100051848963539": {
        "day": 2,
        "usages": 20
    },
    "100052716108321": {
        "day": 2,
        "usages": 20
    },
    "100052769651205": {
        "day": 2,
        "usages": 20
    },
    "100053395118616": {
        "day": 2,
        "usages": 20
    },
    "100053479792550": {
        "day": 2,
        "usages": 20
    },
    "100057016878182": {
        "day": 2,
        "usages": 20
    },
    "100058548293549": {
        "day": 2,
        "usages": 20
    },
    "100058800620671": {
        "day": 2,
        "usages": 20
    },
    "100060918233890": {
        "day": 2,
        "usages": 20
    },
    "100062262863568": {
        "day": 2,
        "usages": 20
    },
    "100062515501117": {
        "day": 2,
        "usages": 20
    },
    "100063050334248": {
        "day": 2,
        "usages": 20
    },
    "100064885993979": {
        "day": 2,
        "usages": 20
    },
    "100065642737464": {
        "day": 2,
        "usages": 20
    },
    "100067580571373": {
        "day": 2,
        "usages": 20
    },
    "100067591325273": {
        "day": 2,
        "usages": 20
    },
    "100069432743803": {
        "day": 2,
        "usages": 20
    },
    "100071132537313": {
        "day": 2,
        "usages": 20
    },
    "100074213469451": {
        "day": 2,
        "usages": 20
    },
    "100075676857572": {
        "day": 2,
        "usages": 20
    },
    "100077079386946": {
        "day": 2,
        "usages": 20
    },
    "100077845801751": {
        "day": 2,
        "usages": 20
    },
    "100078521605785": {
        "day": 2,
        "usages": 20
    },
    "100078711049670": {
        "day": 2,
        "usages": 20
    },
    "100078833768464": {
        "day": 2,
        "usages": 20
    },
    "100078871303469": {
        "day": 2,
        "usages": 20
    },
    "100078929200524": {
        "day": 2,
        "usages": 20
    },
    "100078980228674": {
        "day": 2,
        "usages": 20
    },
    "100078984904502": {
        "day": 2,
        "usages": 20
    },
    "100079705065278": {
        "day": 2,
        "usages": 20
    },
    "100041708793079": {
        "day": 5,
        "usages": 20
    },
    "100075001386070": {
        "day": 5,
        "usages": 20
    },
    "100077179638546": {
        "day": 5,
        "usages": 20
    },
    "100077956766010": {
        "day": 6,
        "usages": 20
    },
    "100049395483074": {
        "day": 6,
        "usages": 20
    },
    "100077902491098": {
        "day": 6,
        "usages": 20
    },
    "100035085151607": {
        "day": 4,
        "usages": 80
    },
    "100067182579018": {
        "day": 4,
        "usages": 20
    },
    "100067830237226": {
        "day": 4,
        "usages": 20
    },
    "100072401748027": {
        "day": 4,
        "usages": 60
    },
    "100077227802432": {
        "day": 4,
        "usages": 40
    }
}