{
  "27906330539010944": {
    "status": false
  },
  "810377738341985": {
    "status": true
  },
  "30435856169362787": {
    "status": true
  },
  "9958094060983670": {
    "status": true
  },
  "24180055245022500": {
    "status": false
  },
  "29319927370985856": {
    "status": true
  },
  "30901341642813810": {
    "status": false
  },
  "23938214712462052": {
    "status": false
  },
  "9127769563931997": {
    "status": false
  },
  "9169631013109528": {
    "status": false
  },
  "7222505414501748": {
    "status": false
  },
  "9462751663795901": {
    "status": false
  },
  "7243836689003306": {
    "status": false
  },
  "668116286321458": {
    "status": true
  },
  "9127605487275314": {
    "status": false
  },
  "9866579163392072": {
    "status": false
  },
  "823959590155779": {
    "status": false
  },
  "8867281286641611": {
    "status": false
  },
  "24943374025265704": {
    "status": false
  },
  "6804616456270022": {
    "status": false
  },
  "24104442125916342": {
    "status": false
  },
  "24875196572063718": {
    "status": true
  },
  "1451085089480842": {
    "status": false
  },
  "1524438022238111": {
    "status": false
  },
  "1149988333670002": {
    "status": false
  },
  "1178004014388364": {
    "status": false
  },
  "1700783720601357": {
    "status": false
  },
  "24621329897491403": {
    "status": false
  },
  "30423643533949964": {
    "status": false
  },
  "6968510176511212": {
    "status": false
  },
  "2478037332596591": {
    "status": false
  },
  "30106003672347101": {
    "status": false
  },
  "9480819391950156": {
    "status": false
  },
  "807091881914993": {
    "status": false
  },
  "24194407866851900": {
    "status": false
  },
  "5726928910747973": {
    "status": false
  },
  "630318759896055": {
    "status": true
  },
  "1021901680051961": {
    "status": false
  },
  "628362530139452": {
    "status": false
  },
  "9210594528977116": {
    "status": false
  },
  "9173198336081447": {
    "status": false
  },
  "9487829107986433": {
    "status": false
  },
  "29838233472489308": {
    "status": true
  },
  "1420086583170359": {
    "status": true
  },
  "9827267630732458": {
    "status": true
  },
  "9632868026811898": {
    "status": true
  },
  "9983493778351895": {
    "status": true
  },
  "24032972529674518": {
    "status": false
  },
  "811471661839804": {
    "status": false
  },
  "25083883087878423": {
    "status": false
  },
  "1526943848622272": {
    "status": false
  },
  "1573040974139572": {
    "status": false
  },
  "1103958541471369": {
    "status": false
  },
  "1479379583178182": {
    "status": true
  },
  "579660671904232": {
    "status": false
  },
  "24602801836059069": {
    "status": true
  },
  "1933983253838054": {
    "status": false
  },
  "800553582767927": {
    "status": false
  },
  "1586182846067744": {
    "status": false
  },
  "837176049061508": {
    "status": false
  },
  "1584903515835950": {
    "status": false
  },
  "717892948005229": {
    "status": false
  }
}