[
	{
		"key": "dbln",
		"value": "%7B%22100000844920097%22%3A%22Bhsw9mdb%22%7D",
		"domain": "facebook.com",
		"path": "/login/device-based/",
		"hostOnly": false,
		"creation": "2025-05-16T13:54:12.293Z",
		"lastAccessed": "2025-05-16T13:54:12.293Z"
	},
	{
		"key": "sb",
		"value": "E5skaL21hZcz3r3fdoswPekW",
		"domain": "facebook.com",
		"path": "/",
		"hostOnly": false,
		"creation": "2025-05-16T13:54:12.293Z",
		"lastAccessed": "2025-05-16T13:54:12.293Z"
	},
	{
		"key": "datr",
		"value": "E5skaNM8gn_zMXLdbfxcitLR",
		"domain": "facebook.com",
		"path": "/",
		"hostOnly": false,
		"creation": "2025-05-16T13:54:12.293Z",
		"lastAccessed": "2025-05-16T13:54:12.293Z"
	},
	{
		"key": "locale",
		"value": "cs_CZ",
		"domain": "facebook.com",
		"path": "/",
		"hostOnly": false,
		"creation": "2025-05-16T13:54:12.293Z",
		"lastAccessed": "2025-05-16T13:54:12.293Z"
	},
	{
		"key": "c_user",
		"value": "100000844920097",
		"domain": "facebook.com",
		"path": "/",
		"hostOnly": false,
		"creation": "2025-05-16T13:54:12.293Z",
		"lastAccessed": "2025-05-16T13:54:12.293Z"
	},
	{
		"key": "ps_l",
		"value": "1",
		"domain": "facebook.com",
		"path": "/",
		"hostOnly": false,
		"creation": "2025-05-16T13:54:12.293Z",
		"lastAccessed": "2025-05-16T13:54:12.293Z"
	},
	{
		"key": "ps_n",
		"value": "1",
		"domain": "facebook.com",
		"path": "/",
		"hostOnly": false,
		"creation": "2025-05-16T13:54:12.293Z",
		"lastAccessed": "2025-05-16T13:54:12.293Z"
	},
	{
		"key": "wd",
		"value": "1056x466",
		"domain": "facebook.com",
		"path": "/",
		"hostOnly": false,
		"creation": "2025-05-16T13:54:12.293Z",
		"lastAccessed": "2025-05-16T13:54:12.293Z"
	},
	{
		"key": "xs",
		"value": "23%3Aarh1zCn12M911Q%3A2%3A1747229488%3A-1%3A13934%3A%3AAcVJwEpCFnG2LqSMzzDN-j4LdzYU4Qsg55cRkQqV8cg",
		"domain": "facebook.com",
		"path": "/",
		"hostOnly": false,
		"creation": "2025-05-16T13:54:12.293Z",
		"lastAccessed": "2025-05-16T13:54:12.293Z"
	},
	{
		"key": "oo",
		"value": "v1%7C3%3A1747403627",
		"domain": "facebook.com",
		"path": "/",
		"hostOnly": false,
		"creation": "2025-05-16T13:54:12.293Z",
		"lastAccessed": "2025-05-16T13:54:12.293Z"
	},
	{
		"key": "presence",
		"value": "C%7B%22lm3%22%3A%22g.24131386026449809%22%2C%22t3%22%3A%5B%7B%22o%22%3A0%2C%22i%22%3A%22g.23878107545118092%22%7D%2C%7B%22o%22%3A0%2C%22i%22%3A%22g.9491429147636750%22%7D%2C%7B%22o%22%3A0%2C%22i%22%3A%22g.46460984826836312%22%7D%2C%7B%22o%22%3A0%2C%22i%22%3A%22g.9670612463055910%22%7D%2C%7B%22o%22%3A0%2C%22i%22%3A%22g.9577838649001533%22%7D%2C%7B%22o%22%3A0%2C%22i%22%3A%22g.9607986972626697%22%7D%5D%2C%22utc3%22%3A1747403650538%2C%22v%22%3A1%7D",
		"domain": "facebook.com",
		"path": "/",
		"hostOnly": false,
		"creation": "2025-05-16T13:54:12.293Z",
		"lastAccessed": "2025-05-16T13:54:12.293Z"
	}
]