{
  "9866579163392072": {
    "status": true
  },
  "24104442125916342": {
    "status": false
  },
  "30901341642813810": {
    "status": true
  },
  "30423643533949964": {
    "status": false
  },
  "9958094060983670": {
    "status": false
  },
  "29319927370985856": {
    "status": true
  },
  "23960001463641946": {
    "status": false
  },
  "24331633109811003": {
    "status": true
  },
  "30944500245165951": {
    "status": false
  },
  "2330165050808206": {
    "status": false
  },
  "24180055245022500": {
    "status": false
  },
  "1109419944027821": {
    "status": false
  },
  "30440055105642256": {
    "status": false
  },
  "1708064029907499": {
    "status": false
  },
  "6213858665366472": {
    "status": false
  },
  "6949097895104553": {
    "status": false
  },
  "6682933395100566": {
    "status": false
  },
  "25249938077954248": {
    "status": false
  },
  "24943374025265704": {
    "status": false
  },
  "27906330539010944": {
    "status": true
  },
  "1139445894765728": {
    "status": false
  },
  "664371069480812": {
    "status": false
  },
  "24073921992267339": {
    "status": false
  },
  "23883631997917917": {
    "status": false
  },
  "7530803993650027": {
    "status": true
  },
  "1116839206615154": {
    "status": false
  },
  "9127605487275314": {
    "status": false
  },
  "1290708485538940": {
    "status": true
  },
  "9827252657298383": {
    "status": false
  },
  "30435856169362787": {
    "status": false
  },
  "10063027353823931": {
    "status": true
  },
  "810377738341985": {
    "status": false
  },
  "23938214712462052": {
    "status": false
  },
  "9127769563931997": {
    "status": false
  },
  "9169631013109528": {
    "status": false
  },
  "7222505414501748": {
    "status": false
  },
  "9462751663795901": {
    "status": false
  },
  "7243836689003306": {
    "status": false
  },
  "668116286321458": {
    "status": true
  },
  "9480819391950156": {
    "status": true
  },
  "823959590155779": {
    "status": false
  },
  "8867281286641611": {
    "status": false
  },
  "6804616456270022": {
    "status": false
  },
  "24875196572063718": {
    "status": false
  },
  "1451085089480842": {
    "status": false
  },
  "5726928910747973": {
    "status": true
  },
  "1149988333670002": {
    "status": true
  },
  "1524438022238111": {
    "status": true
  },
  "1178004014388364": {
    "status": true
  },
  "628362530139452": {
    "status": true
  },
  "1700783720601357": {
    "status": false
  },
  "6968510176511212": {
    "status": true
  },
  "807091881914993": {
    "status": true
  },
  "24621329897491403": {
    "status": true
  },
  "30106003672347101": {
    "status": true
  },
  "811471661839804": {
    "status": true
  },
  "1155738259404384": {
    "status": true
  },
  "9210594528977116": {
    "status": true
  },
  "9173198336081447": {
    "status": true
  },
  "9487829107986433": {
    "status": true
  },
  "24032972529674518": {
    "status": true
  },
  "9983493778351895": {
    "status": true
  },
  "9632868026811898": {
    "status": true
  },
  "9827267630732458": {
    "status": true
  },
  "1420086583170359": {
    "status": true
  },
  "25083883087878423": {
    "status": false
  },
  "29838233472489308": {
    "status": true
  },
  "1103958541471369": {
    "status": true
  },
  "1479379583178182": {
    "status": true
  },
  "579660671904232": {
    "status": false
  },
  "24602801836059069": {
    "status": true
  },
  "1933983253838054": {
    "status": false
  },
  "800553582767927": {
    "status": true
  },
  "1586182846067744": {
    "status": true
  }
}